plant_name,country,state_or_region,continent,native_status,cultivation_status,climate_zone,best_growing_season,best_growing_months,temperature_min,temperature_max,annual_rainfall_min,annual_rainfall_max,humidity_min,humidity_max,altitude_min,altitude_max,soil_suitability,water_availability,sunlight_condition,frost_tolerance,heat_tolerance,drought_tolerance,salinity_tolerance,wind_tolerance,common_growing_method,commercial_production,remarks,,
Mango,India,Tamil Nadu,Asia,No,Commercial,Tropical,Summer,March-June,24,35,750,2500,50,80,0,1500,Well-drained Loamy,Moderate to High,Full Sun,Low,High,Medium,Low,Medium,Orchard,Yes,India is one of the world's largest mango producers.,,
Mango,India,Uttar Pradesh,Asia,No,Commercial,Subtropical,Summer,May-July,20,38,650,1200,45,75,0,300,Alluvial Loam,Moderate,Full Sun,Low,High,Medium,Low,Medium,Orchard,Yes,Known for Dasheri mango cultivation.,,
Mango,India,Andhra Pradesh,Asia,No,Commercial,Tropical,Summer,April-June,24,36,700,1100,50,75,0,800,Red Loamy,Moderate,Full Sun,Low,High,Medium,Low,Medium,Orchard,Yes,Banganapalli mango is widely cultivated.,,
Mango,Pakistan,Punjab,Asia,No,Commercial,Subtropical,Summer,May-July,22,40,250,750,40,70,0,500,Loamy,Moderate,Full Sun,Low,High,Medium,Low,Medium,Orchard,Yes,Famous for Chaunsa and Sindhri mangoes.,,
Mango,Bangladesh,Rajshahi,Asia,No,Commercial,Tropical,Summer,May-July,23,34,1200,2000,60,85,0,500,Loamy,High,Full Sun,Low,Medium,Low,Low,Medium,Orchard,Yes,Rajshahi is a major mango-producing region.,,
Mango,Thailand,Chiang Mai,Asia,No,Commercial,Tropical,Summer,March-May,24,35,1000,1800,60,85,200,800,Sandy Loam,Moderate,Full Sun,Low,High,Medium,Low,Medium,Orchard,Yes,Major exporter of fresh mangoes.,,
Mango,Philippines,Luzon,Asia,No,Commercial,Tropical,Summer,March-May,24,34,1500,2500,65,85,0,600,Loamy,High,Full Sun,Low,High,Low,Low,Medium,Orchard,Yes,Produces the famous Carabao mango.,,
Mango,Mexico,Sinaloa,North America,No,Commercial,Tropical,Summer,April-July,22,36,500,1200,50,75,0,1000,Sandy Loam,Moderate,Full Sun,Low,High,Medium,Low,Medium,Orchard,Yes,One of the largest mango exporters to North America.,,
Mango,Brazil,Bahia,South America,No,Commercial,Tropical,Summer,October-January,23,35,700,1500,55,80,0,800,Loamy,Moderate,Full Sun,Low,High,Medium,Low,Medium,Orchard,Yes,Commercial export production.,,
Mango,Australia,Queensland,Australia,No,Commercial,Tropical,Summer,September-February,20,35,600,1500,45,75,0,500,Sandy Loam,Moderate,Full Sun,Low,High,Medium,Low,Medium,Orchard,Yes,Grown mainly in northern Australia.,,
Lichi,India,Bihar,Asia,No,Commercial,Subtropical,Summer,May-June,20,35,1000,1800,60,85,0,500,Deep Loamy,Moderate,Full Sun,Low,Medium,Low,Low,Medium,Orchard,Yes,Bihar is India's leading litchi producer.,,
Lichi,India,West Bengal,Asia,No,Commercial,Tropical,Summer,May-June,22,34,1200,2000,65,85,0,300,Alluvial Loam,Moderate,Full Sun,Low,Medium,Low,Low,Medium,Orchard,Yes,Commercial cultivation is widespread.,,
Lichi,India,Uttarakhand,Asia,No,Commercial,Subtropical,Summer,May-July,18,30,900,1500,60,80,300,1200,Loamy,Moderate,Full Sun,Medium,Medium,Low,Low,Medium,Orchard,Yes,Grown in foothill regions.,,
Lichi,China,Guangdong,Asia,Yes,Commercial,Subtropical,Summer,May-July,20,33,1200,2000,65,90,0,800,Loamy,High,Full Sun,Low,Medium,Low,Low,Medium,Orchard,Yes,China is the native home of litchi.,,
Lichi,China,Fujian,Asia,Yes,Commercial,Subtropical,Summer,May-July,20,32,1300,1800,65,90,0,700,Well-drained Loam,High,Full Sun,Low,Medium,Low,Low,Medium,Orchard,Yes,Produces premium-quality fruits.,,
Lichi,Bangladesh,Rajshahi,Asia,No,Commercial,Tropical,Summer,May-June,22,34,1200,1800,65,85,0,300,Loamy,Moderate,Full Sun,Low,Medium,Low,Low,Medium,Orchard,Yes,Major fruit-growing region.,,
Lichi,Nepal,Terai,Asia,No,Commercial,Subtropical,Summer,May-June,18,32,1000,1600,60,80,100,500,Alluvial Loam,Moderate,Full Sun,Medium,Medium,Low,Low,Medium,Orchard,Yes,Commonly cultivated in southern Nepal.,,
Lichi,Thailand,Chiang Rai,Asia,No,Commercial,Tropical,Summer,April-June,22,34,1200,1900,65,85,200,800,Sandy Loam,Moderate,Full Sun,Low,Medium,Low,Low,Medium,Orchard,Yes,Commercial orchards are expanding.,,
Lichi,Vietnam,Bac Giang,Asia,No,Commercial,Tropical,Summer,May-June,22,34,1200,1800,65,85,0,500,Loamy,Moderate,Full Sun,Low,Medium,Low,Low,Medium,Orchard,Yes,Known for high-quality litchi exports.,,
Lichi,Australia,Queensland,Australia,No,Commercial,Tropical,Summer,November-January,20,33,800,1500,55,75,0,400,Sandy Loam,Moderate,Full Sun,Low,Medium,Low,Low,Medium,Orchard,Yes,Grown in northern tropical regions.,,
Strawberry,India,Mahabaleshwar (Maharashtra),Asia,No,Commercial,Temperate,Winter,November-March,10,26,600,1500,60,80,1000,1500,Well-drained Sandy Loam,Moderate,Full Sun,Medium,Low,Low,Low,Medium,Field,Yes,Mahabaleshwar is India's famous strawberry-growing region.,,
Strawberry,India,Himachal Pradesh,Asia,No,Commercial,Temperate,Spring,March-June,5,22,800,1800,60,80,1000,2500,Loamy,Moderate,Full Sun,High,Low,Low,Low,Medium,Field,Yes,Grown in cool hill regions.,,
Strawberry,USA,California,North America,No,Commercial,Mediterranean,Spring,February-June,8,25,300,700,60,75,0,500,Sandy Loam,Moderate,Full Sun,Low,Medium,Low,Low,Medium,Field,Yes,California is the largest strawberry producer in the USA.,,
Strawberry,Mexico,Baja California,North America,No,Commercial,Mediterranean,Winter,December-April,10,24,200,600,55,75,0,600,Sandy Loam,Moderate,Full Sun,Low,Medium,Low,Low,Medium,Field,Yes,Major exporter to North America.,,
Strawberry,Spain,Huelva,Europe,No,Commercial,Mediterranean,Winter,January-May,8,24,400,700,60,75,0,300,Sandy Loam,Moderate,Full Sun,Low,Medium,Low,Low,Medium,Field,Yes,Huelva is Europe's leading strawberry-growing area.,,
Strawberry,Poland,Masovian,Europe,No,Commercial,Temperate,Summer,May-July,5,22,500,800,60,80,0,300,Loamy,Moderate,Full Sun,High,Low,Low,Low,Medium,Field,Yes,Poland is a major European producer.,,
Strawberry,Japan,Tochigi,Asia,No,Commercial,Temperate,Winter,December-April,8,22,900,1500,65,80,0,500,Loamy,Moderate,Full Sun,Medium,Low,Low,Low,Medium,Greenhouse,Yes,Famous for premium strawberries.,,
Strawberry,South Korea,Nonsan,Asia,No,Commercial,Temperate,Winter,December-April,5,22,900,1500,60,80,0,300,Loamy,Moderate,Full Sun,Medium,Low,Low,Low,Medium,Greenhouse,Yes,Large-scale greenhouse cultivation.,,
Strawberry,Australia,Victoria,Australia,No,Commercial,Temperate,Spring,September-December,8,25,500,900,55,75,0,600,Sandy Loam,Moderate,Full Sun,Low,Medium,Low,Low,Medium,Field,Yes,Commercial production for fresh markets.,,
Strawberry,Egypt,Beheira,Africa,No,Commercial,Mediterranean,Winter,November-March,10,24,50,200,50,70,0,200,Sandy Loam,Moderate,Full Sun,Low,High,Medium,Low,Medium,Field,Yes,One of the world's leading frozen strawberry exporters.,,
Acanthocereus,Mexico,Yucatán,North America,Yes,Wild,Tropical Dry,Summer,May-August,22,38,400,1200,40,70,0,800,Sandy Well-drained,Low,Full Sun,Low,High,High,Medium,High,Natural Habitat,No,Native cactus species widely found in Mexico.,,
Acanthocereus,Mexico,Quintana Roo,North America,Yes,Wild,Tropical,Summer,May-September,23,37,800,1500,50,80,0,500,Sandy Loam,Low,Full Sun,Low,High,High,Medium,High,Natural Habitat,No,Grows naturally in coastal forests.,,
Acanthocereus,Belize,Belize District,North America,Yes,Wild,Tropical,Wet,June-October,24,35,1200,2000,60,85,0,300,Sandy,Low,Full Sun,Low,High,High,Medium,Medium,Natural Habitat,No,Common in dry tropical regions.,,
Acanthocereus,Guatemala,Petén,North America,Yes,Wild,Tropical,Summer,May-September,22,35,1000,1800,55,80,100,500,Rocky Sandy Soil,Low,Full Sun,Low,High,High,Low,Medium,Natural Habitat,No,Found in dry forests.,,
Acanthocereus,Honduras,Francisco Morazán,North America,Yes,Wild,Tropical,Summer,May-October,22,34,900,1700,55,80,200,700,Well-drained Sandy Soil,Low,Full Sun,Low,High,High,Low,Medium,Natural Habitat,No,Thrives in warm climates.,,
Acanthocereus,El Salvador,La Libertad,North America,Yes,Wild,Tropical,Summer,May-October,23,35,1200,1800,60,80,0,500,Sandy Loam,Low,Full Sun,Low,High,High,Low,Medium,Natural Habitat,No,Common in coastal dry regions.,,
Acanthocereus,Nicaragua,León,North America,Yes,Wild,Tropical,Summer,May-October,24,36,900,1600,55,80,0,400,Sandy,Low,Full Sun,Low,High,High,Low,Medium,Natural Habitat,No,Adapted to drought conditions.,,
Acanthocereus,Costa Rica,Guanacaste,North America,Yes,Wild,Tropical Dry,Dry,December-April,24,34,1000,1800,50,75,0,500,Rocky Sandy Soil,Low,Full Sun,Low,High,High,Medium,Medium,Natural Habitat,No,Common in tropical dry forests.,,
Acanthocereus,USA,Florida,North America,No,Cultivated,Tropical,Spring,March-June,20,34,1000,1600,60,80,0,100,Sandy Soil,Low,Full Sun,Low,High,Medium,Medium,Medium,Botanical Garden,Limited,Cultivated mainly in botanical collections.,,
Acanthocereus,India,Tamil Nadu,Asia,No,Ornamental,Tropical,Year-round,January-December,22,38,600,1200,50,75,0,300,Well-drained Sandy Soil,Low,Full Sun,Low,High,High,Low,Medium,Garden,Limited,Grown as an ornamental cactus.,,
Orange,India,Maharashtra,Asia,No,Commercial,Tropical,Winter,November-February,15,35,700,1500,50,80,0,1000,Well-drained Loamy,Moderate,Full Sun,Low,High,Medium,Low,Medium,Orchard,Yes,Maharashtra is a major orange-producing state.,,
Orange,India,Nagpur (Maharashtra),Asia,No,Commercial,Tropical,Winter,November-January,16,34,800,1200,50,75,0,800,Deep Loamy,Moderate,Full Sun,Low,High,Medium,Low,Medium,Orchard,Yes,Nagpur oranges are GI-tagged.,,
Orange,India,Madhya Pradesh,Asia,No,Commercial,Subtropical,Winter,December-February,14,33,700,1200,50,75,0,700,Loamy,Moderate,Full Sun,Low,High,Medium,Low,Medium,Orchard,Yes,Commercial citrus cultivation is common.,,
Orange,Brazil,São Paulo,South America,No,Commercial,Tropical,Winter,June-September,18,32,1000,1600,60,80,0,800,Sandy Loam,Moderate,Full Sun,Low,High,Medium,Low,Medium,Orchard,Yes,Brazil is the world's largest orange producer.,,
Orange,USA,Florida,North America,No,Commercial,Subtropical,Winter,December-April,15,32,1000,1500,60,80,0,100,Sandy Loam,Moderate,Full Sun,Low,High,Medium,Low,Medium,Orchard,Yes,Florida is famous for orange juice production.,,
Orange,USA,California,North America,No,Commercial,Mediterranean,Winter,November-March,12,30,300,700,50,70,0,600,Well-drained Loam,Moderate,Full Sun,Low,Medium,Medium,Low,Medium,Orchard,Yes,Produces premium fresh oranges.,,
Orange,Spain,Valencia,Europe,No,Commercial,Mediterranean,Winter,November-April,10,28,400,700,55,75,0,500,Loamy,Moderate,Full Sun,Low,Medium,Medium,Low,Medium,Orchard,Yes,Valencia oranges are exported worldwide.,,
Orange,China,Jiangxi,Asia,No,Commercial,Subtropical,Winter,November-February,12,30,1200,1800,60,80,0,600,Loamy,Moderate,Full Sun,Low,Medium,Medium,Low,Medium,Orchard,Yes,China is one of the top citrus producers.,,
Orange,Mexico,Veracruz,North America,No,Commercial,Tropical,Winter,December-March,18,33,1000,1800,60,80,0,500,Sandy Loam,Moderate,Full Sun,Low,High,Medium,Low,Medium,Orchard,Yes,Major citrus-growing region.,,
Orange,Egypt,Beheira,Africa,No,Commercial,Mediterranean,Winter,December-March,12,28,50,200,50,70,0,200,Sandy Loam,Moderate,Full Sun,Low,High,High,Medium,Medium,Orchard,Yes,Egypt is a leading orange exporter.,,
Spring Onion Plant,India,Tamil Nadu,Asia,No,Commercial,Tropical,Winter,October-February,15,30,600,1200,50,75,0,600,Well-drained Loamy,Moderate,Full Sun,Low,Medium,Low,Low,Medium,Field,Yes,Widely cultivated for local markets.,,
Spring Onion Plant,India,Karnataka,Asia,No,Commercial,Tropical,Winter,October-February,14,28,700,1200,50,75,500,900,Loamy,Moderate,Full Sun,Low,Medium,Low,Low,Medium,Field,Yes,Popular vegetable crop in irrigated farms.,,
Spring Onion Plant,India,Maharashtra,Asia,No,Commercial,Tropical,Winter,November-March,16,30,600,1000,50,70,0,700,Sandy Loam,Moderate,Full Sun,Low,Medium,Low,Low,Medium,Field,Yes,Grown throughout the winter season.,,
Spring Onion Plant,China,Shandong,Asia,No,Commercial,Temperate,Spring,March-June,10,25,500,900,55,75,0,500,Fertile Loam,Moderate,Full Sun,Medium,Low,Low,Low,Medium,Field,Yes,China is the world's largest producer of spring onions.,,
Spring Onion Plant,Japan,Hokkaido,Asia,No,Commercial,Temperate,Spring,April-July,8,22,700,1200,60,80,0,500,Loamy,Moderate,Full Sun,High,Low,Low,Low,Medium,Field,Yes,High-quality spring onions are produced here.,,
Spring Onion Plant,South Korea,Gyeonggi,Asia,No,Commercial,Temperate,Spring,March-June,8,24,800,1400,60,80,0,400,Loamy,Moderate,Full Sun,Medium,Low,Low,Low,Medium,Field,Yes,Commercial cultivation is widespread.,,
Spring Onion Plant,USA,California,North America,No,Commercial,Mediterranean,Spring,February-May,10,24,300,700,50,70,0,600,Sandy Loam,Moderate,Full Sun,Low,Medium,Low,Low,Medium,Field,Yes,Major producer for fresh markets.,,
Spring Onion Plant,Mexico,Baja California,North America,No,Commercial,Mediterranean,Winter,November-March,12,26,200,600,50,70,0,500,Sandy Loam,Moderate,Full Sun,Low,Medium,Low,Low,Medium,Field,Yes,Large-scale export cultivation.,,
Spring Onion Plant,Egypt,Beheira,Africa,No,Commercial,Mediterranean,Winter,November-March,12,26,50,200,50,70,0,200,Sandy Loam,Moderate,Full Sun,Low,High,Medium,Low,Medium,Field,Yes,Produced for domestic use and export.,,
Spring Onion Plant,Australia,Victoria,Australia,No,Commercial,Temperate,Spring,September-December,10,24,500,900,55,75,0,600,Loamy,Moderate,Full Sun,Medium,Low,Low,Low,Medium,Field,Yes,Commercial production for supermarkets.,,
Radish Plant,India,Tamil Nadu,Asia,No,Commercial,Tropical,Winter,October-February,12,30,600,1200,50,75,0,600,Well-drained Sandy Loam,Moderate,Full Sun,Low,Medium,Low,Low,Medium,Field,Yes,Widely cultivated as a root vegetable.,,
Radish Plant,India,Punjab,Asia,No,Commercial,Subtropical,Winter,October-February,10,28,400,800,50,70,200,500,Fertile Loamy,Moderate,Full Sun,Medium,Low,Low,Low,Medium,Field,Yes,Large-scale commercial cultivation.,,
Radish Plant,India,Uttar Pradesh,Asia,No,Commercial,Subtropical,Winter,November-March,10,26,600,1000,55,75,0,400,Loamy,Moderate,Full Sun,Medium,Low,Low,Low,Medium,Field,Yes,One of the leading radish-producing states.,,
Radish Plant,China,Shandong,Asia,No,Commercial,Temperate,Autumn,September-December,8,24,500,900,55,75,0,500,Loamy,Moderate,Full Sun,High,Low,Low,Low,Medium,Field,Yes,China is the world's largest producer of radish.,,
Radish Plant,Japan,Hokkaido,Asia,No,Commercial,Temperate,Spring,April-June,5,22,700,1200,60,80,0,500,Well-drained Loamy,Moderate,Full Sun,High,Low,Low,Low,Medium,Field,Yes,Famous for high-quality daikon radish.,,
Radish Plant,South Korea,Gangwon,Asia,No,Commercial,Temperate,Autumn,September-November,8,22,700,1300,60,80,100,700,Loamy,Moderate,Full Sun,High,Low,Low,Low,Medium,Field,Yes,Daikon radish is widely cultivated.,,
Radish Plant,USA,California,North America,No,Commercial,Mediterranean,Winter,November-March,10,24,300,700,50,70,0,600,Sandy Loam,Moderate,Full Sun,Low,Medium,Low,Low,Medium,Field,Yes,Major producer for fresh vegetable markets.,,
Radish Plant,Mexico,Guanajuato,North America,No,Commercial,Subtropical,Winter,November-February,12,26,400,800,50,70,1500,2200,Loamy,Moderate,Full Sun,Low,Medium,Low,Low,Medium,Field,Yes,Commercial production for export.,,
Radish Plant,Germany,Bavaria,Europe,No,Commercial,Temperate,Spring,April-July,6,22,600,1000,60,80,300,800,Fertile Loamy,Moderate,Full Sun,High,Low,Low,Low,Medium,Field,Yes,Popular in European vegetable farming.,,
Radish Plant,Australia,Victoria,Australia,No,Commercial,Temperate,Spring,September-December,8,24,500,900,55,75,0,600,Sandy Loam,Moderate,Full Sun,Medium,Low,Low,Low,Medium,Field,Yes,Grown for domestic fresh markets.,,
Lemon,India,Andhra Pradesh,Asia,No,Commercial,Tropical,Year-round,January-December,18,35,700,1200,50,75,0,800,Well-drained Loamy,Moderate,Full Sun,Low,High,Medium,Low,Medium,Orchard,Yes,One of India's major lemon-producing states.,,
Lemon,India,Tamil Nadu,Asia,No,Commercial,Tropical,Year-round,January-December,20,36,600,1100,50,75,0,600,Sandy Loam,Moderate,Full Sun,Low,High,Medium,Low,Medium,Orchard,Yes,Widely cultivated for domestic markets.,,
Lemon,India,Maharashtra,Asia,No,Commercial,Subtropical,Year-round,January-December,18,35,700,1200,50,75,0,700,Loamy,Moderate,Full Sun,Low,High,Medium,Low,Medium,Orchard,Yes,Commercial citrus cultivation is common.,,
Lemon,USA,California,North America,No,Commercial,Mediterranean,Winter,November-April,12,30,300,700,50,70,0,600,Well-drained Loam,Moderate,Full Sun,Low,Medium,Medium,Low,Medium,Orchard,Yes,California produces high-quality lemons.,,
Lemon,Spain,Murcia,Europe,No,Commercial,Mediterranean,Winter,November-May,10,28,300,600,50,70,0,500,Sandy Loam,Moderate,Full Sun,Low,Medium,Medium,Low,Medium,Orchard,Yes,Murcia is a major lemon-exporting region.,,
Lemon,Italy,Sicily,Europe,No,Commercial,Mediterranean,Year-round,January-December,12,30,400,800,55,75,0,500,Volcanic Loam,Moderate,Full Sun,Low,Medium,Medium,Low,Medium,Orchard,Yes,Sicily is famous for premium lemons.,,
Lemon,Mexico,Veracruz,North America,No,Commercial,Tropical,Year-round,January-December,20,34,1000,1800,60,80,0,500,Sandy Loam,Moderate,Full Sun,Low,High,Medium,Low,Medium,Orchard,Yes,Major citrus-growing region.,,
Lemon,Argentina,Tucumán,South America,No,Commercial,Subtropical,Winter,May-August,15,30,700,1200,50,75,300,800,Loamy,Moderate,Full Sun,Low,Medium,Medium,Low,Medium,Orchard,Yes,Argentina is one of the world's largest lemon exporters.,,
Lemon,South Africa,Limpopo,Africa,No,Commercial,Subtropical,Winter,May-August,15,32,400,900,50,70,0,800,Sandy Loam,Moderate,Full Sun,Low,High,Medium,Low,Medium,Orchard,Yes,Large-scale commercial citrus production.,,
Lemon,Australia,Queensland,Australia,No,Commercial,Subtropical,Year-round,January-December,18,32,600,1200,55,75,0,500,Well-drained Loamy,Moderate,Full Sun,Low,High,Medium,Low,Medium,Orchard,Yes,Commercial production for domestic and export markets.,,
Dahlia,Mexico,Mexico City,North America,Yes,Commercial,Temperate,Summer,June-September,10,25,600,1200,50,75,1500,2500,Well-drained Loamy,Moderate,Full Sun,Medium,Low,Low,Low,Medium,Garden,Yes,Dahlia is the national flower of Mexico.,,
Dahlia,Mexico,Puebla,North America,Yes,Commercial,Temperate,Summer,June-September,12,24,700,1300,55,75,1800,2600,Fertile Loam,Moderate,Full Sun,Medium,Low,Low,Low,Medium,Garden,Yes,Native habitat of many Dahlia species.,,
Dahlia,India,Karnataka,Asia,No,Commercial,Subtropical,Winter,November-February,15,28,600,1000,50,70,700,1000,Well-drained Loamy,Moderate,Full Sun,Low,Medium,Low,Low,Medium,Flower Farm,Yes,Popular ornamental flower crop.,,
Dahlia,India,Tamil Nadu,Asia,No,Commercial,Tropical,Winter,November-February,18,30,600,1100,50,70,0,600,Sandy Loam,Moderate,Full Sun,Low,Medium,Low,Low,Medium,Garden,Yes,Grown in gardens and commercial nurseries.,,
Dahlia,India,Himachal Pradesh,Asia,No,Commercial,Temperate,Spring,March-June,8,22,800,1500,60,80,1200,2500,Loamy,Moderate,Full Sun,High,Low,Low,Low,Medium,Garden,Yes,Thrives in cool hill climates.,,
Dahlia,Netherlands,South Holland,Europe,No,Commercial,Temperate,Summer,May-August,10,22,700,1000,60,80,0,200,Fertile Loam,Moderate,Full Sun,Medium,Low,Low,Low,Medium,Flower Farm,Yes,Major exporter of dahlia tubers and flowers.,,
Dahlia,United Kingdom,England,Europe,No,Commercial,Temperate,Summer,June-September,8,22,600,1000,60,80,0,300,Loamy,Moderate,Full Sun,Medium,Low,Low,Low,Medium,Garden,Yes,Popular ornamental garden plant.,,
Dahlia,USA,California,North America,No,Commercial,Mediterranean,Spring,April-July,12,26,300,700,50,70,0,800,Sandy Loam,Moderate,Full Sun,Low,Medium,Low,Low,Medium,Flower Farm,Yes,Commercial production for cut flowers.,,
Dahlia,New Zealand,Canterbury,Oceania,No,Commercial,Temperate,Summer,December-March,10,24,500,900,55,75,0,600,Loamy,Moderate,Full Sun,Medium,Low,Low,Low,Medium,Garden,Yes,Well suited to temperate climates.,,
Dahlia,Australia,Victoria,Oceania,No,Commercial,Temperate,Spring,September-December,10,25,500,900,55,75,0,600,Well-drained Loamy,Moderate,Full Sun,Medium,Low,Low,Low,Medium,Garden,Yes,Widely grown as an ornamental flowering plant.,,
Tuberose,India,Tamil Nadu,Asia,No,Commercial,Tropical,Year-round,January-December,20,35,700,1200,55,80,0,600,Well-drained Loamy,Moderate,Full Sun,Low,High,Medium,Low,Medium,Flower Farm,Yes,Tamil Nadu is a major producer of tuberose flowers.,,
Tuberose,India,Karnataka,Asia,No,Commercial,Tropical,Year-round,January-December,20,34,600,1100,55,80,500,900,Sandy Loam,Moderate,Full Sun,Low,High,Medium,Low,Medium,Flower Farm,Yes,Commercial cultivation for garlands and perfume.,,
Tuberose,India,West Bengal,Asia,No,Commercial,Tropical,Year-round,January-December,22,34,1200,1800,60,85,0,300,Alluvial Loam,Moderate,Full Sun,Low,High,Medium,Low,Medium,Flower Farm,Yes,Large-scale cultivation for the flower market.,,
Tuberose,Mexico,Morelos,North America,Yes,Commercial,Tropical,Summer,May-September,20,32,800,1500,60,80,800,1500,Well-drained Loamy,Moderate,Full Sun,Low,Medium,Medium,Low,Medium,Garden,Yes,Native region of tuberose.,,
Tuberose,Mexico,Puebla,North America,Yes,Commercial,Subtropical,Summer,May-August,18,30,700,1200,55,75,1200,2200,Loamy,Moderate,Full Sun,Medium,Medium,Medium,Low,Medium,Flower Farm,Yes,Traditionally cultivated for ornamental use.,,
Tuberose,China,Yunnan,Asia,No,Commercial,Subtropical,Summer,April-September,18,30,900,1500,60,80,1000,2200,Fertile Loam,Moderate,Full Sun,Medium,Medium,Medium,Low,Medium,Flower Farm,Yes,Grown for the cut flower industry.,,
Tuberose,Thailand,Chiang Mai,Asia,No,Commercial,Tropical,Year-round,January-December,22,33,1000,1800,65,85,300,800,Sandy Loam,Moderate,Full Sun,Low,High,Medium,Low,Medium,Flower Farm,Yes,Popular ornamental flower crop.,,
Tuberose,Indonesia,Java,Asia,No,Commercial,Tropical,Year-round,January-December,22,32,1500,2500,70,90,0,1000,Volcanic Loam,High,Full Sun,Low,Medium,Low,Low,Medium,Flower Farm,Yes,Widely cultivated for fragrance and decoration.,,
Tuberose,Kenya,Nakuru,Africa,No,Commercial,Tropical,Year-round,January-December,18,28,700,1200,55,75,1500,2200,Loamy,Moderate,Full Sun,Medium,Low,Medium,Low,Medium,Flower Farm,Yes,Grown for export as cut flowers.,,
Tuberose,Australia,Queensland,Oceania,No,Commercial,Subtropical,Spring,September-December,18,30,600,1200,55,75,0,500,Well-drained Sandy Loam,Moderate,Full Sun,Low,Medium,Medium,Low,Medium,Garden,Yes,Cultivated in gardens and commercial flower farms.,,
Bougainvillea,Brazil,Rio de Janeiro,South America,Yes,Commercial,Tropical,Year-round,January-December,20,35,1000,1800,50,80,0,1200,Well-drained Sandy Loam,Low,Full Sun,Low,High,High,Medium,Medium,Garden,Yes,Bougainvillea is native to Brazil.,,
Bougainvillea,Brazil,São Paulo,South America,Yes,Commercial,Subtropical,Year-round,January-December,18,32,900,1600,50,75,0,1000,Loamy,Moderate,Full Sun,Low,High,Medium,Medium,Medium,Garden,Yes,Widely cultivated as an ornamental plant.,,
Bougainvillea,India,Tamil Nadu,Asia,No,Commercial,Tropical,Year-round,January-December,22,38,600,1200,50,75,0,600,Well-drained Loamy,Low,Full Sun,Low,High,High,Low,Medium,Garden,Yes,Common ornamental flowering vine.,,
Bougainvillea,India,Karnataka,Asia,No,Commercial,Tropical,Year-round,January-December,20,36,700,1200,50,75,500,900,Sandy Loam,Low,Full Sun,Low,High,High,Low,Medium,Garden,Yes,Popular in parks and home gardens.,,
Bougainvillea,India,Maharashtra,Asia,No,Commercial,Tropical,Year-round,January-December,20,37,600,1000,50,70,0,700,Loamy,Low,Full Sun,Low,High,High,Low,Medium,Garden,Yes,Thrives in hot and dry climates.,,
Bougainvillea,Mexico,Jalisco,North America,No,Commercial,Tropical,Year-round,January-December,20,34,700,1400,50,75,0,1200,Well-drained Sandy Soil,Low,Full Sun,Low,High,High,Medium,Medium,Garden,Yes,Widely planted along roadsides and gardens.,,
Bougainvillea,Australia,Queensland,Oceania,No,Commercial,Subtropical,Year-round,January-December,18,32,600,1200,50,75,0,600,Sandy Loam,Low,Full Sun,Low,High,High,Low,Medium,Garden,Yes,Grows well in warm coastal regions.,,
Bougainvillea,South Africa,Gauteng,Africa,No,Commercial,Subtropical,Year-round,January-December,18,32,500,900,45,70,1000,1800,Well-drained Loamy,Low,Full Sun,Low,High,High,Low,Medium,Garden,Yes,Popular ornamental shrub.,,
Bougainvillea,Spain,Andalusia,Europe,No,Commercial,Mediterranean,Spring,March-October,15,32,300,700,45,70,0,800,Sandy Loam,Low,Full Sun,Low,High,High,Medium,Medium,Garden,Yes,Common in Mediterranean landscapes.,,
Bougainvillea,United States,Florida,North America,No,Commercial,Subtropical,Year-round,January-December,18,33,900,1600,55,80,0,200,Well-drained Sandy Soil,Low,Full Sun,Low,High,Medium,Low,Medium,Garden,Yes,Widely used as an ornamental hedge.,,
Oleander,Morocco,Marrakesh,Africa,Yes,Commercial,Mediterranean,Spring,March-May,12,35,250,600,40,65,0,800,Well-drained Sandy Loam,Low,Full Sun,Medium,High,High,Medium,Medium,Garden,Yes,Native to the Mediterranean region.,,
Oleander,Spain,Andalusia,Europe,Yes,Commercial,Mediterranean,Spring,March-May,10,34,300,700,45,70,0,900,Sandy Loam,Low,Full Sun,Medium,High,High,Medium,Medium,Garden,Yes,Widely grown as an ornamental shrub.,,
Oleander,Italy,Sicily,Europe,Yes,Commercial,Mediterranean,Spring,April-June,12,33,400,800,50,70,0,1000,Loamy,Low,Full Sun,Medium,High,Medium,Medium,Medium,Garden,Yes,Common in coastal landscapes.,,
Oleander,Greece,Crete,Europe,Yes,Commercial,Mediterranean,Spring,April-June,12,32,350,700,45,70,0,900,Well-drained Loamy,Low,Full Sun,Medium,High,High,Medium,Medium,Garden,Yes,Thrives in warm dry climates.,,
Oleander,India,Tamil Nadu,Asia,No,Commercial,Tropical,Year-round,January-December,20,38,600,1200,50,75,0,600,Sandy Loam,Low,Full Sun,Low,High,High,Low,Medium,Garden,Yes,Popular ornamental flowering shrub.,,
Oleander,India,Karnataka,Asia,No,Commercial,Tropical,Year-round,January-December,20,36,700,1200,50,75,500,900,Loamy,Low,Full Sun,Low,High,High,Low,Medium,Garden,Yes,Commonly planted in parks and gardens.,,
Oleander,United States,California,North America,No,Commercial,Mediterranean,Spring,March-June,12,32,250,600,45,70,0,800,Sandy Loam,Low,Full Sun,Medium,High,High,Low,Medium,Roadside Plantation,Yes,Widely used for highway landscaping.,,
Oleander,Australia,Queensland,Oceania,No,Commercial,Subtropical,Year-round,January-December,18,34,600,1200,50,75,0,600,Well-drained Sandy Soil,Low,Full Sun,Low,High,High,Low,Medium,Garden,Yes,Grows well in warm coastal regions.,,
Oleander,South Africa,Western Cape,Africa,No,Commercial,Mediterranean,Spring,September-November,10,30,300,700,45,70,0,800,Loamy,Low,Full Sun,Medium,High,Medium,Medium,Medium,Garden,Yes,Widely cultivated as an ornamental plant.,,
Oleander,United Arab Emirates,Dubai,Asia,No,Commercial,Desert,Year-round,January-December,20,42,50,150,30,55,0,200,Sandy Soil,Low,Full Sun,Low,High,High,High,Medium,Landscape,Yes,Commonly used in urban landscaping due to excellent heat tolerance.,,
Ashoka Tree,India,Tamil Nadu,Asia,Yes,Commercial,Tropical,Year-round,January-December,20,36,800,1800,60,85,0,800,Well-drained Loamy,Moderate,Full Sun,Low,High,Medium,Low,Medium,Landscape,Yes,Widely planted in parks and temples.,,
Ashoka Tree,India,Karnataka,Asia,Yes,Commercial,Tropical,Year-round,January-December,20,35,700,1600,60,85,500,900,Loamy,Moderate,Full Sun,Low,High,Medium,Low,Medium,Garden,Yes,Common ornamental avenue tree.,,
Ashoka Tree,India,Kerala,Asia,Yes,Commercial,Tropical,Year-round,January-December,22,34,2000,3500,70,90,0,800,Laterite Loam,High,Full Sun,Low,Medium,Low,Low,Medium,Garden,Yes,Thrives in humid tropical climates.,,
Ashoka Tree,India,West Bengal,Asia,Yes,Commercial,Tropical,Year-round,January-December,20,34,1200,2000,65,85,0,500,Alluvial Loam,Moderate,Full Sun,Low,Medium,Low,Low,Medium,Landscape,Yes,Popular ornamental tree.,,
Ashoka Tree,Sri Lanka,Central Province,Asia,Yes,Commercial,Tropical,Year-round,January-December,22,32,1500,2500,70,90,200,1000,Loamy,High,Full Sun,Low,Medium,Low,Low,Medium,Garden,Yes,Native to the Indian subcontinent.,,
Ashoka Tree,Nepal,Lumbini,Asia,Yes,Commercial,Subtropical,Spring,March-June,18,30,1000,1800,60,80,100,800,Loamy,Moderate,Full Sun,Medium,Medium,Low,Low,Medium,Garden,Yes,Grown in subtropical regions.,,
Ashoka Tree,Bangladesh,Dhaka,Asia,Yes,Commercial,Tropical,Year-round,January-December,22,34,1500,2500,70,90,0,300,Alluvial Loam,High,Full Sun,Low,Medium,Low,Low,Medium,Landscape,Yes,Common ornamental tree in cities.,,
Ashoka Tree,Thailand,Chiang Mai,Asia,No,Commercial,Tropical,Year-round,January-December,22,33,1000,1800,65,85,300,900,Sandy Loam,Moderate,Full Sun,Low,Medium,Medium,Low,Medium,Garden,Yes,Cultivated in botanical gardens and parks.,,
Ashoka Tree,Malaysia,Selangor,Asia,No,Commercial,Tropical,Year-round,January-December,23,33,1800,3000,75,90,0,500,Loamy,High,Full Sun,Low,Medium,Low,Low,Medium,Landscape,Yes,Popular ornamental shade tree.,,
Ashoka Tree,Indonesia,Java,Asia,No,Commercial,Tropical,Year-round,January-December,23,33,1800,3000,75,90,0,1000,Volcanic Loam,High,Full Sun,Low,Medium,Low,Low,Medium,Garden,Yes,Commonly planted in parks and gardens.,,
Bottle Palm,Mauritius,Pamplemousses,Africa,Yes,Commercial,Tropical,Year-round,January-December,20,32,1000,2000,60,85,0,300,Well-drained Sandy Loam,Moderate,Full Sun,Low,Medium,Medium,Medium,High,Landscape,Yes,Native to Mauritius and widely used as an ornamental palm.,,
Bottle Palm,Mauritius,Flacq,Africa,Yes,Commercial,Tropical,Year-round,January-December,21,31,1200,2200,65,85,0,250,Sandy Loam,Moderate,Full Sun,Low,Medium,Medium,Medium,High,Garden,Yes,Thrives in warm coastal regions.,,
Bottle Palm,India,Tamil Nadu,Asia,No,Commercial,Tropical,Year-round,January-December,22,36,600,1200,55,80,0,500,Well-drained Loamy,Moderate,Full Sun,Low,High,Medium,Low,Medium,Landscape,Yes,Common ornamental palm in parks and resorts.,,
Bottle Palm,India,Kerala,Asia,No,Commercial,Tropical,Year-round,January-December,22,34,1800,3000,70,90,0,600,Laterite Loam,High,Full Sun,Low,Medium,Low,Low,Medium,Garden,Yes,Grows well in humid tropical climates.,,
Bottle Palm,India,Karnataka,Asia,No,Commercial,Tropical,Year-round,January-December,20,35,700,1200,55,80,500,900,Sandy Loam,Moderate,Full Sun,Low,High,Medium,Low,Medium,Landscape,Yes,Widely planted along roads and gardens.,,
Bottle Palm,Sri Lanka,Western Province,Asia,No,Commercial,Tropical,Year-round,January-December,23,33,1800,2500,70,90,0,400,Loamy,High,Full Sun,Low,Medium,Low,Low,Medium,Garden,Yes,Popular ornamental palm in coastal areas.,,
Bottle Palm,Thailand,Phuket,Asia,No,Commercial,Tropical,Year-round,January-December,23,33,1500,2500,70,90,0,300,Sandy Loam,High,Full Sun,Low,Medium,Low,Medium,High,Resort Landscape,Yes,Frequently planted in resorts and gardens.,,
Bottle Palm,Malaysia,Selangor,Asia,No,Commercial,Tropical,Year-round,January-December,23,33,1800,3000,75,90,0,500,Loamy,High,Full Sun,Low,Medium,Low,Low,Medium,Landscape,Yes,Thrives in humid tropical environments.,,
Bottle Palm,Australia,Queensland,Oceania,No,Commercial,Subtropical,Year-round,January-December,18,32,800,1500,60,80,0,300,Sandy Loam,Moderate,Full Sun,Low,Medium,Medium,Medium,High,Garden,Yes,Popular ornamental palm in coastal Queensland.,,
Bottle Palm,United States,Florida,North America,No,Commercial,Subtropical,Year-round,January-December,18,32,1000,1600,60,80,0,100,Well-drained Sandy Soil,Moderate,Full Sun,Low,Medium,Medium,Medium,High,Landscape,Yes,Widely grown as an ornamental palm in warm regions.,,
Gulmohar,Madagascar,Antsiranana,Africa,Yes,Commercial,Tropical,Spring,April-June,20,35,800,1500,55,80,0,800,Well-drained Sandy Loam,Moderate,Full Sun,Low,High,High,Low,Medium,Landscape,Yes,Native to Madagascar and widely cultivated worldwide.,,
Gulmohar,India,Tamil Nadu,Asia,No,Commercial,Tropical,Summer,March-June,22,38,600,1200,50,75,0,600,Loamy,Moderate,Full Sun,Low,High,High,Low,Medium,Roadside Plantation,Yes,Common avenue tree in cities and campuses.,,
Gulmohar,India,Karnataka,Asia,No,Commercial,Tropical,Summer,March-May,20,36,700,1200,50,75,500,900,Sandy Loam,Moderate,Full Sun,Low,High,High,Low,Medium,Landscape,Yes,Widely planted in parks and gardens.,,
Gulmohar,India,Kerala,Asia,No,Commercial,Tropical,Spring,February-May,22,34,1800,3000,70,90,0,800,Laterite Loam,High,Full Sun,Low,Medium,Medium,Low,Medium,Garden,Yes,Thrives in humid tropical climates.,,
Gulmohar,Sri Lanka,Western Province,Asia,No,Commercial,Tropical,Spring,March-May,23,33,1800,2500,70,90,0,500,Loamy,High,Full Sun,Low,Medium,Medium,Low,Medium,Landscape,Yes,Popular ornamental shade tree.,,
Gulmohar,Thailand,Bangkok,Asia,No,Commercial,Tropical,Spring,March-May,24,34,1200,1800,65,85,0,400,Sandy Loam,Moderate,Full Sun,Low,High,Medium,Low,Medium,Roadside Plantation,Yes,Commonly planted along streets and parks.,,
Gulmohar,Australia,Queensland,Oceania,No,Commercial,Subtropical,Spring,September-November,18,32,700,1200,55,75,0,500,Well-drained Loamy,Moderate,Full Sun,Low,Medium,Medium,Low,Medium,Landscape,Yes,Popular ornamental tree in warm regions.,,
Gulmohar,United States,Florida,North America,No,Commercial,Subtropical,Spring,April-June,18,33,1000,1600,60,80,0,100,Sandy Soil,Moderate,Full Sun,Low,Medium,Medium,Low,Medium,Garden,Yes,Grown in tropical and subtropical landscapes.,,
Gulmohar,Brazil,Rio de Janeiro,South America,No,Commercial,Tropical,Spring,September-November,22,34,1000,1800,60,80,0,800,Loamy,Moderate,Full Sun,Low,High,Medium,Low,Medium,Landscape,Yes,Widely cultivated as an ornamental flowering tree.,,
Gulmohar,South Africa,KwaZulu-Natal,Africa,No,Commercial,Subtropical,Spring,September-November,18,32,800,1400,55,75,0,600,Sandy Loam,Moderate,Full Sun,Low,Medium,Medium,Low,Medium,Landscape,Yes,Commonly planted in coastal cities and gardens.,,
Mexican Sunflower,Mexico,Oaxaca,North America,Yes,Commercial,Tropical,Summer,May-September,18,32,800,1500,55,80,500,2000,Well-drained Loamy,Moderate,Full Sun,Low,High,Medium,Low,Medium,Field,Yes,Native to Mexico and Central America.,,
Mexican Sunflower,Mexico,Chiapas,North America,Yes,Commercial,Tropical,Summer,May-October,20,33,1000,1800,60,85,300,1800,Sandy Loam,Moderate,Full Sun,Low,High,Medium,Low,Medium,Roadside Plantation,Yes,Widely found in open grasslands and roadsides.,,
Mexican Sunflower,Guatemala,Alta Verapaz,North America,Yes,Commercial,Tropical,Rainy,May-October,18,30,1200,2500,65,90,300,1800,Loamy,High,Full Sun,Low,Medium,Medium,Low,Medium,Natural Habitat,Yes,Common in tropical highlands.,,
Mexican Sunflower,India,Tamil Nadu,Asia,No,Commercial,Tropical,Year-round,January-December,22,36,600,1200,50,75,0,600,Well-drained Loamy,Moderate,Full Sun,Low,High,Medium,Low,Medium,Garden,Yes,Popular ornamental flowering plant.,,
Mexican Sunflower,India,Karnataka,Asia,No,Commercial,Tropical,Year-round,January-December,20,35,700,1200,55,75,500,900,Sandy Loam,Moderate,Full Sun,Low,High,Medium,Low,Medium,Garden,Yes,Grown in home gardens and parks.,,
Mexican Sunflower,India,Kerala,Asia,No,Commercial,Tropical,Year-round,January-December,22,34,1800,3000,70,90,0,800,Laterite Loam,High,Full Sun,Low,Medium,Low,Low,Medium,Garden,Yes,Thrives in humid tropical conditions.,,
Mexican Sunflower,Kenya,Rift Valley,Africa,No,Commercial,Tropical,Year-round,January-December,18,30,900,1600,60,80,1200,2500,Volcanic Loam,Moderate,Full Sun,Low,Medium,Medium,Low,Medium,Field,Yes,Used as green manure and forage crop.,,
Mexican Sunflower,Nigeria,Oyo,Africa,No,Commercial,Tropical,Rainy,April-October,22,34,1000,1800,60,85,0,700,Loamy,Moderate,Full Sun,Low,High,Medium,Low,Medium,Field,Yes,Naturalized across many regions.,,
Mexican Sunflower,Philippines,Luzon,Asia,No,Commercial,Tropical,Year-round,January-December,23,33,1800,3000,70,90,0,1000,Sandy Loam,High,Full Sun,Low,Medium,Low,Low,Medium,Roadside Plantation,Yes,Common ornamental and wild flowering plant.,,
Mexican Sunflower,Australia,Queensland,Oceania,No,Commercial,Subtropical,Spring,September-December,18,32,700,1200,55,75,0,600,Well-drained Loamy,Moderate,Full Sun,Low,High,Medium,Low,Medium,Garden,Yes,Cultivated as an ornamental in warm regions.,,
Jatropha,Mexico,Veracruz,North America,Yes,Commercial,Tropical,Year-round,January-December,20,35,600,1500,50,75,0,1200,Well-drained Sandy Loam,Low,Full Sun,Low,High,High,Medium,Medium,Field,Yes,Native to Mexico and Central America.,,
Jatropha,Mexico,Yucatán,North America,Yes,Commercial,Tropical,Year-round,January-December,22,36,500,1200,45,70,0,500,Sandy Soil,Low,Full Sun,Low,High,High,Medium,Medium,Field,Yes,Thrives in dry tropical climates.,,
Jatropha,India,Tamil Nadu,Asia,No,Commercial,Tropical,Year-round,January-December,22,38,500,1000,45,70,0,600,Red Loamy Soil,Low,Full Sun,Low,High,High,Medium,Medium,Plantation,Yes,Cultivated for biodiesel production.,,
Jatropha,India,Karnataka,Asia,No,Commercial,Tropical,Year-round,January-December,20,36,600,1100,45,70,400,900,Sandy Loam,Low,Full Sun,Low,High,High,Medium,Medium,Plantation,Yes,Commonly grown on marginal lands.,,
Jatropha,India,Rajasthan,Asia,No,Commercial,Arid,Year-round,January-December,18,42,200,500,30,55,100,600,Sandy Soil,Low,Full Sun,Low,High,High,High,High,Plantation,Yes,Suitable for drought-prone regions.,,
Jatropha,Brazil,Bahia,South America,No,Commercial,Tropical,Year-round,January-December,22,34,700,1400,55,75,0,800,Well-drained Loamy,Moderate,Full Sun,Low,High,Medium,Low,Medium,Field,Yes,Grown for biofuel and soil conservation.,,
Jatropha,Nigeria,Kaduna,Africa,No,Commercial,Tropical,Wet,April-October,22,34,900,1500,55,80,300,900,Loamy,Moderate,Full Sun,Low,High,Medium,Low,Medium,Field,Yes,Used in reforestation and biofuel projects.,,
Jatropha,Kenya,Rift Valley,Africa,No,Commercial,Tropical,Year-round,January-December,18,32,600,1200,50,75,1000,2200,Volcanic Loam,Moderate,Full Sun,Low,Medium,High,Low,Medium,Field,Yes,Cultivated as a drought-resistant crop.,,
Jatropha,Thailand,Chiang Mai,Asia,No,Commercial,Tropical,Year-round,January-December,22,34,900,1600,60,80,300,1000,Sandy Loam,Moderate,Full Sun,Low,High,Medium,Low,Medium,Plantation,Yes,Commercial plantations exist for biofuel research.,,
Jatropha,Australia,Queensland,Oceania,No,Commercial,Subtropical,Year-round,January-December,20,33,600,1200,50,75,0,600,Well-drained Sandy Loam,Low,Full Sun,Low,Medium,High,Medium,Medium,Field,Yes,Grown as an ornamental and biofuel crop.,,
Plumeria,Mexico,Oaxaca,North America,Yes,Commercial,Tropical,Year-round,January-December,20,35,700,1400,50,75,0,1200,Well-drained Sandy Loam,Low,Full Sun,Low,High,High,Medium,Medium,Garden,Yes,Native to Mexico and Central America.,,
Plumeria,Mexico,Yucatán,North America,Yes,Commercial,Tropical,Year-round,January-December,22,36,600,1200,50,75,0,500,Sandy Soil,Low,Full Sun,Low,High,High,Medium,Medium,Landscape,Yes,Common in tropical dry forests.,,
Plumeria,India,Tamil Nadu,Asia,No,Commercial,Tropical,Year-round,January-December,22,38,600,1200,50,75,0,600,Well-drained Loamy,Low,Full Sun,Low,High,High,Low,Medium,Garden,Yes,Widely planted in temples, parks, and home gardens.
Plumeria,India,Kerala,Asia,No,Commercial,Tropical,Year-round,January-December,22,34,1800,3000,70,90,0,800,Laterite Loam,Moderate,Full Sun,Low,Medium,Medium,Low,Medium,Garden,Yes,Thrives in humid tropical regions.,,
Plumeria,India,Karnataka,Asia,No,Commercial,Tropical,Year-round,January-December,20,36,700,1200,50,75,500,900,Sandy Loam,Low,Full Sun,Low,High,High,Low,Medium,Landscape,Yes,Popular ornamental flowering tree.,,
Plumeria,Thailand,Bangkok,Asia,No,Commercial,Tropical,Year-round,January-December,23,35,1200,1800,65,85,0,500,Loamy,Moderate,Full Sun,Low,High,Medium,Low,Medium,Garden,Yes,Commonly planted around temples and public spaces.,,
Plumeria,Indonesia,Bali,Asia,No,Commercial,Tropical,Year-round,January-December,23,33,1500,2500,70,90,0,1000,Volcanic Loam,High,Full Sun,Low,Medium,Medium,Low,Medium,Garden,Yes,An iconic ornamental tree in Balinese landscapes.,,
Plumeria,Hawaii,Honolulu,North America,No,Commercial,Tropical,Year-round,January-December,22,32,700,1500,60,85,0,400,Sandy Loam,Moderate,Full Sun,Low,Medium,Medium,Low,Medium,Landscape,Yes,Frangipani is widely cultivated across Hawaii.,,
Plumeria,Australia,Queensland,Oceania,No,Commercial,Subtropical,Year-round,January-December,18,32,700,1200,55,75,0,600,Well-drained Loamy,Moderate,Full Sun,Low,Medium,Medium,Low,Medium,Garden,Yes,Grown in tropical and subtropical coastal areas.,,
Plumeria,Brazil,São Paulo,South America,No,Commercial,Tropical,Year-round,January-December,20,34,900,1600,55,80,0,800,Loamy,Moderate,Full Sun,Low,High,Medium,Low,Medium,Garden,Yes,Popular ornamental tree in urban landscapes.,,
Ixora,India,Tamil Nadu,Asia,No,Commercial,Tropical,Year-round,January-December,22,36,700,1400,60,85,0,600,Well-drained Loamy,Moderate,Full Sun,Low,High,Medium,Low,Medium,Garden,Yes,Widely cultivated as an ornamental flowering shrub.,,
Ixora,India,Kerala,Asia,No,Commercial,Tropical,Year-round,January-December,22,34,1800,3000,70,90,0,800,Laterite Loam,High,Full Sun,Low,Medium,Low,Low,Medium,Garden,Yes,Thrives in humid tropical climates.,,
Ixora,India,Karnataka,Asia,No,Commercial,Tropical,Year-round,January-December,20,35,700,1200,60,80,500,900,Sandy Loam,Moderate,Full Sun,Low,High,Medium,Low,Medium,Landscape,Yes,Commonly planted in parks and home gardens.,,
Ixora,Sri Lanka,Western Province,Asia,Yes,Commercial,Tropical,Year-round,January-December,23,33,1800,2500,70,90,0,500,Loamy,High,Full Sun,Low,Medium,Low,Low,Medium,Garden,Yes,Native to South Asia and widely cultivated.,,
Ixora,Thailand,Bangkok,Asia,No,Commercial,Tropical,Year-round,January-December,23,35,1200,1800,65,85,0,500,Sandy Loam,Moderate,Full Sun,Low,High,Medium,Low,Medium,Garden,Yes,Popular ornamental shrub in landscapes.,,
Ixora,Malaysia,Selangor,Asia,No,Commercial,Tropical,Year-round,January-December,23,33,1800,3000,75,90,0,500,Loamy,High,Full Sun,Low,Medium,Low,Low,Medium,Garden,Yes,Grows abundantly in tropical gardens.,,
Ixora,Indonesia,Java,Asia,No,Commercial,Tropical,Year-round,January-December,23,33,1800,3000,75,90,0,1000,Volcanic Loam,High,Full Sun,Low,Medium,Low,Low,Medium,Landscape,Yes,Popular hedge and ornamental flowering plant.,,
Ixora,Philippines,Luzon,Asia,No,Commercial,Tropical,Year-round,January-December,24,33,1800,2800,70,90,0,800,Sandy Loam,High,Full Sun,Low,Medium,Low,Low,Medium,Garden,Yes,Commonly planted in residential landscapes.,,
Ixora,Australia,Queensland,Oceania,No,Commercial,Subtropical,Year-round,January-December,18,32,700,1400,60,80,0,500,Well-drained Loamy,Moderate,Full Sun,Low,Medium,Medium,Low,Medium,Garden,Yes,Cultivated in tropical and subtropical regions.,,
Ixora,United States,Florida,North America,No,Commercial,Subtropical,Year-round,January-December,20,32,1000,1600,60,85,0,100,Sandy Soil,Moderate,Full Sun,Low,Medium,Medium,Low,Medium,Landscape,Yes,Widely used as an ornamental hedge in warm climates.,,
Lantana,Mexico,Veracruz,North America,Yes,Commercial,Tropical,Year-round,January-December,20,35,800,1800,55,80,0,1200,Well-drained Sandy Loam,Low,Full Sun,Low,High,High,Medium,Medium,Natural Habitat,Yes,Native to tropical America and widely cultivated.,,
Lantana,Mexico,Yucatán,North America,Yes,Commercial,Tropical,Year-round,January-December,22,36,700,1400,55,80,0,500,Sandy Soil,Low,Full Sun,Low,High,High,Medium,Medium,Garden,Yes,Common in tropical dry forests.,,
Lantana,India,Tamil Nadu,Asia,No,Commercial,Tropical,Year-round,January-December,22,38,600,1200,50,75,0,600,Well-drained Loamy,Low,Full Sun,Low,High,High,Low,Medium,Roadside Plantation,Yes,Widely grown as an ornamental shrub.,,
Lantana,India,Karnataka,Asia,No,Commercial,Tropical,Year-round,January-December,20,36,700,1200,50,75,500,900,Sandy Loam,Low,Full Sun,Low,High,High,Low,Medium,Garden,Yes,Common in parks and gardens.,,
Lantana,India,Kerala,Asia,No,Commercial,Tropical,Year-round,January-December,22,34,1800,3000,70,90,0,800,Laterite Loam,Moderate,Full Sun,Low,Medium,Medium,Low,Medium,Landscape,Yes,Thrives in humid tropical regions.,,
Lantana,Brazil,São Paulo,South America,No,Commercial,Tropical,Year-round,January-December,20,34,1000,1800,60,80,0,800,Loamy,Moderate,Full Sun,Low,High,Medium,Low,Medium,Garden,Yes,Widely cultivated as an ornamental flowering shrub.,,
Lantana,Australia,Queensland,Oceania,No,Naturalized,Subtropical,Year-round,January-December,18,34,700,1400,55,80,0,600,Well-drained Sandy Soil,Low,Full Sun,Low,High,High,Medium,Medium,Natural Habitat,Yes,Naturalized in many regions and considered invasive.,,
Lantana,South Africa,KwaZulu-Natal,Africa,No,Naturalized,Subtropical,Year-round,January-December,18,32,700,1200,55,75,0,800,Sandy Loam,Low,Full Sun,Low,Medium,High,Medium,Medium,Natural Habitat,Yes,Common invasive shrub in warm regions.,,
Lantana,United States,Florida,North America,No,Commercial,Subtropical,Year-round,January-December,20,32,1000,1600,60,85,0,100,Well-drained Sandy Soil,Moderate,Full Sun,Low,Medium,Medium,Low,Medium,Garden,Yes,Popular ornamental shrub in warm climates.,,
Lantana,Thailand,Chiang Mai,Asia,No,Commercial,Tropical,Year-round,January-December,22,34,1000,1800,65,85,300,900,Loamy,Moderate,Full Sun,Low,High,Medium,Low,Medium,Landscape,Yes,Widely planted in parks and gardens.,,
Tulsi,India,Tamil Nadu,Asia,Yes,Commercial,Tropical,Year-round,January-December,20,38,600,1200,50,80,0,600,Well-drained Loamy,Moderate,Full Sun,Low,High,Medium,Low,Medium,Herbal Garden,Yes,Widely cultivated for medicinal and religious purposes.,,
Tulsi,India,Karnataka,Asia,Yes,Commercial,Tropical,Year-round,January-December,20,36,700,1200,50,80,500,900,Sandy Loam,Moderate,Full Sun,Low,High,Medium,Low,Medium,Herbal Farm,Yes,Commonly grown in home gardens and herbal farms.,,
Tulsi,India,Uttar Pradesh,Asia,Yes,Commercial,Subtropical,Year-round,January-December,15,35,700,1000,50,75,0,400,Alluvial Loam,Moderate,Full Sun,Medium,High,Medium,Low,Medium,Field,Yes,Large-scale cultivation for Ayurvedic medicine.,,
Tulsi,India,Kerala,Asia,Yes,Commercial,Tropical,Year-round,January-December,22,34,1800,3000,70,90,0,800,Laterite Loam,High,Full Sun,Low,Medium,Low,Low,Medium,Herbal Garden,Yes,Thrives in warm and humid climates.,,
Tulsi,Nepal,Lumbini,Asia,Yes,Commercial,Subtropical,Spring,March-June,15,30,1000,1800,60,80,100,800,Loamy,Moderate,Full Sun,Medium,Medium,Low,Low,Medium,Herbal Garden,Yes,Traditionally cultivated around temples and homes.,,
Tulsi,Sri Lanka,Western Province,Asia,Yes,Commercial,Tropical,Year-round,January-December,23,33,1800,2500,70,90,0,400,Loamy,High,Full Sun,Low,Medium,Low,Low,Medium,Herbal Garden,Yes,Widely used in traditional medicine.,,
Tulsi,Bangladesh,Dhaka,Asia,Yes,Commercial,Tropical,Year-round,January-December,22,34,1500,2500,70,90,0,300,Alluvial Loam,High,Full Sun,Low,Medium,Low,Low,Medium,Herbal Farm,Yes,Common medicinal herb throughout the country.,,
Tulsi,Thailand,Chiang Mai,Asia,No,Commercial,Tropical,Year-round,January-December,22,34,1000,1800,65,85,300,900,Sandy Loam,Moderate,Full Sun,Low,High,Medium,Low,Medium,Herbal Garden,Yes,Cultivated for culinary and medicinal use.,,
Tulsi,Indonesia,Java,Asia,No,Commercial,Tropical,Year-round,January-December,23,33,1800,3000,75,90,0,1000,Volcanic Loam,High,Full Sun,Low,Medium,Low,Low,Medium,Herbal Farm,Yes,Grown in tropical herbal plantations.,,
Tulsi,United States,Florida,North America,No,Commercial,Subtropical,Spring,March-October,18,32,1000,1600,60,80,0,100,Well-drained Sandy Loam,Moderate,Full Sun,Low,Medium,Medium,Low,Medium,Herbal Garden,Yes,Cultivated in warm regions for herbal products.,,
Brahmi,India,Tamil Nadu,Asia,Yes,Commercial,Tropical,Year-round,January-December,20,35,800,1500,60,90,0,600,Moist Loamy Soil,High,Full Sun,Low,Medium,Low,Low,Medium,Herbal Farm,Yes,Widely cultivated for Ayurvedic medicine.,,
Brahmi,India,Kerala,Asia,Yes,Commercial,Tropical,Year-round,January-December,22,34,1800,3000,70,95,0,500,Moist Laterite Soil,High,Partial Shade,Low,Medium,Low,Low,Medium,Wetland Cultivation,Yes,Thrives in marshy and humid regions.,,
Brahmi,India,Karnataka,Asia,Yes,Commercial,Tropical,Year-round,January-December,20,34,700,1200,60,85,500,900,Loamy Soil,High,Full Sun,Low,Medium,Low,Low,Medium,Herbal Garden,Yes,Commonly grown in medicinal plant farms.,,
Brahmi,India,Uttar Pradesh,Asia,Yes,Commercial,Subtropical,Spring,March-October,15,32,700,1100,55,80,0,400,Alluvial Loam,High,Full Sun,Medium,Medium,Low,Low,Medium,Field,Yes,Cultivated for herbal pharmaceutical use.,,
Brahmi,Nepal,Lumbini,Asia,Yes,Commercial,Subtropical,Spring,March-September,15,28,1000,1800,60,85,100,800,Moist Loamy Soil,High,Partial Shade,Medium,Low,Low,Low,Medium,Herbal Garden,Yes,Grown in moist lowland areas.,,
Brahmi,Sri Lanka,Western Province,Asia,Yes,Commercial,Tropical,Year-round,January-December,23,33,1800,2500,75,90,0,300,Wet Loamy Soil,High,Partial Shade,Low,Medium,Low,Low,Medium,Herbal Farm,Yes,Traditional medicinal herb.,,
Brahmi,Bangladesh,Dhaka,Asia,Yes,Commercial,Tropical,Year-round,January-December,22,34,1500,2500,70,90,0,300,Alluvial Soil,High,Partial Shade,Low,Medium,Low,Low,Medium,Wetland Farm,Yes,Commonly found near ponds and wetlands.,,
Brahmi,Thailand,Chiang Mai,Asia,No,Commercial,Tropical,Year-round,January-December,22,34,1200,1800,65,85,300,900,Loamy Soil,High,Partial Shade,Low,Medium,Low,Low,Medium,Herbal Garden,Yes,Cultivated for medicinal extracts.,,
Brahmi,Indonesia,Java,Asia,No,Commercial,Tropical,Year-round,January-December,23,33,1800,3000,75,95,0,1000,Volcanic Loam,High,Partial Shade,Low,Medium,Low,Low,Medium,Herbal Plantation,Yes,Grows well in humid tropical conditions.,,
Brahmi,Australia,Queensland,Oceania,No,Commercial,Subtropical,Spring,September-April,18,30,800,1500,60,80,0,500,Moist Sandy Loam,High,Full Sun,Low,Medium,Low,Low,Medium,Herbal Garden,Yes,Cultivated in warm, moist environments.,
Moon Cactus,Paraguay,Boquerón,South America,Yes,Commercial,Subtropical,Year-round,January-December,18,35,400,900,40,65,100,800,Well-drained Sandy Soil,Low,Full Sun,Low,High,High,Medium,Medium,Greenhouse,Yes,Native Gymnocalycium species originate from Paraguay.,,
Moon Cactus,Brazil,Mato Grosso do Sul,South America,Yes,Commercial,Tropical,Year-round,January-December,20,35,600,1200,45,70,100,700,Sandy Loam,Low,Full Sun,Low,High,High,Medium,Medium,Nursery,Yes,Cultivated mainly as an ornamental cactus.,,
Moon Cactus,Argentina,Córdoba,South America,Yes,Commercial,Subtropical,Spring,September-April,15,32,500,900,40,65,300,1000,Rocky Sandy Soil,Low,Full Sun,Medium,High,High,Low,Medium,Nursery,Yes,Native habitat of several Gymnocalycium species.,,
Moon Cactus,Japan,Saitama,Asia,No,Commercial,Temperate,Year-round,January-December,18,30,1200,1600,55,75,0,200,Well-drained Potting Mix,Low,Bright Indirect Light,Low,Medium,Medium,Low,Low,Greenhouse,Yes,Popular ornamental houseplant produced by grafting.,,
Moon Cactus,South Korea,Gyeonggi,Asia,No,Commercial,Temperate,Year-round,January-December,18,28,1000,1500,55,75,0,300,Cactus Potting Mix,Low,Bright Indirect Light,Low,Medium,Medium,Low,Low,Greenhouse,Yes,Commercial greenhouse production.,,
Moon Cactus,Thailand,Bangkok,Asia,No,Commercial,Tropical,Year-round,January-December,22,34,1200,1800,60,80,0,200,Sandy Potting Mix,Low,Bright Indirect Light,Low,High,Medium,Low,Low,Nursery,Yes,Large ornamental cactus industry.,,
Moon Cactus,India,Tamil Nadu,Asia,No,Commercial,Tropical,Year-round,January-December,22,36,600,1200,50,75,0,500,Well-drained Cactus Mix,Low,Bright Indirect Light,Low,High,Medium,Low,Low,Nursery,Yes,Common ornamental indoor cactus.,,
Moon Cactus,India,Karnataka,Asia,No,Commercial,Tropical,Year-round,January-December,20,35,700,1200,50,75,500,900,Cactus Potting Mix,Low,Bright Indirect Light,Low,High,Medium,Low,Low,Greenhouse,Yes,Sold widely in garden centers.,,
Moon Cactus,Australia,Queensland,Oceania,No,Commercial,Subtropical,Year-round,January-December,18,32,700,1200,50,70,0,500,Sandy Potting Mix,Low,Bright Indirect Light,Low,Medium,High,Low,Low,Nursery,Yes,Grown as a decorative potted cactus.,,
Moon Cactus,United States,California,North America,No,Commercial,Mediterranean,Year-round,January-December,18,30,300,700,45,70,0,600,Cactus Potting Mix,Low,Bright Indirect Light,Low,Medium,High,Low,Low,Greenhouse,Yes,Popular ornamental succulent in nurseries.,,
Opuntia Prickly Pear,Mexico,Zacatecas,North America,Yes,Commercial,Arid,Year-round,January-December,18,38,200,600,30,60,1000,2200,Well-drained Sandy Soil,Low,Full Sun,Medium,High,High,High,High,Field,Yes,Mexico is the native center and largest producer of prickly pear.,,
Opuntia Prickly Pear,Mexico,Puebla,North America,Yes,Commercial,Semi-arid,Year-round,January-December,16,35,300,700,35,60,1500,2500,Rocky Sandy Loam,Low,Full Sun,Medium,High,High,High,High,Plantation,Yes,Extensively cultivated for fruits and edible pads.,,
Opuntia Prickly Pear,Italy,Sicily,Europe,No,Commercial,Mediterranean,Summer,June-September,15,34,300,700,40,65,0,900,Well-drained Loamy Soil,Low,Full Sun,Medium,High,High,Medium,Medium,Orchard,Yes,Sicily is famous for commercial prickly pear production.,,
Opuntia Prickly Pear,Spain,Andalusia,Europe,No,Commercial,Mediterranean,Summer,June-September,14,35,250,600,35,60,0,800,Sandy Loam,Low,Full Sun,Medium,High,High,Medium,Medium,Field,Yes,Commonly grown in dry Mediterranean regions.,,
Opuntia Prickly Pear,India,Rajasthan,Asia,No,Commercial,Arid,Year-round,January-December,18,42,150,500,25,50,100,700,Sandy Desert Soil,Low,Full Sun,Low,High,High,High,High,Field,Yes,Cultivated in drought-prone areas.,,
Opuntia Prickly Pear,India,Gujarat,Asia,No,Commercial,Semi-arid,Year-round,January-December,20,40,300,700,30,55,0,500,Sandy Loam,Low,Full Sun,Low,High,High,Medium,High,Field,Yes,Grown for fodder and fruit production.,,
Opuntia Prickly Pear,United States,California,North America,No,Commercial,Mediterranean,Year-round,January-December,15,36,200,600,35,60,0,1200,Well-drained Sandy Soil,Low,Full Sun,Medium,High,High,Medium,Medium,Plantation,Yes,Widely cultivated in southern California.,,
Opuntia Prickly Pear,South Africa,Western Cape,Africa,No,Commercial,Mediterranean,Summer,November-March,15,34,250,600,35,60,0,900,Sandy Loam,Low,Full Sun,Medium,High,High,Medium,Medium,Field,Yes,Cultivated for fruit and livestock feed.,,
Opuntia Prickly Pear,Australia,Queensland,Oceania,No,Naturalized,Subtropical,Year-round,January-December,18,36,300,700,35,60,0,700,Rocky Sandy Soil,Low,Full Sun,Low,High,High,High,High,Field,Limited,Naturalized in dry inland regions.,,
Opuntia Prickly Pear,Chile,Coquimbo,South America,No,Commercial,Semi-arid,Summer,December-March,16,32,100,400,30,55,0,1200,Well-drained Sandy Soil,Low,Full Sun,Medium,High,High,Medium,Medium,Orchard,Yes,Commercial cultivation for fresh fruit and processed products.,,
Papaya,India,Andhra Pradesh,Asia,No,Commercial,Tropical,Year-round,January-December,22,35,800,1500,60,85,0,800,Well-drained Loamy,Moderate,Full Sun,Low,High,Medium,Low,Medium,Orchard,Yes,One of India's leading papaya-producing states.,,
Papaya,India,Tamil Nadu,Asia,No,Commercial,Tropical,Year-round,January-December,22,36,700,1200,55,80,0,600,Sandy Loam,Moderate,Full Sun,Low,High,Medium,Low,Medium,Field,Yes,Widely cultivated for fresh fruit production.,,
Papaya,India,Karnataka,Asia,No,Commercial,Tropical,Year-round,January-December,20,35,700,1200,55,80,500,900,Red Loamy Soil,Moderate,Full Sun,Low,High,Medium,Low,Medium,Plantation,Yes,Commercial cultivation is common.,,
Papaya,Brazil,Bahia,South America,No,Commercial,Tropical,Year-round,January-December,22,34,1000,1800,65,85,0,800,Well-drained Loamy,Moderate,Full Sun,Low,High,Medium,Low,Medium,Orchard,Yes,Brazil is one of the world's largest papaya producers.,,
Papaya,Mexico,Veracruz,North America,Yes,Commercial,Tropical,Year-round,January-December,22,34,1000,1800,65,85,0,600,Sandy Loam,Moderate,Full Sun,Low,High,Medium,Low,Medium,Plantation,Yes,Native region and major producer of papaya.,,
Papaya,Indonesia,Java,Asia,No,Commercial,Tropical,Year-round,January-December,23,33,1800,3000,70,90,0,1000,Volcanic Loam,High,Full Sun,Low,Medium,Low,Low,Medium,Orchard,Yes,Thrives in humid tropical regions.,,
Papaya,Thailand,Chiang Mai,Asia,No,Commercial,Tropical,Year-round,January-December,22,34,1200,1800,65,85,300,900,Loamy,Moderate,Full Sun,Low,High,Medium,Low,Medium,Field,Yes,Major commercial fruit crop.,,
Papaya,Philippines,Davao,Asia,No,Commercial,Tropical,Year-round,January-December,23,33,1800,2500,70,90,0,800,Sandy Loam,High,Full Sun,Low,Medium,Low,Low,Medium,Plantation,Yes,Produces papaya for domestic and export markets.,,
Papaya,Nigeria,Oyo,Africa,No,Commercial,Tropical,Year-round,January-December,22,34,1000,1800,60,85,0,700,Loamy,Moderate,Full Sun,Low,High,Medium,Low,Medium,Field,Yes,Common tropical fruit crop across southern Nigeria.,,
Papaya,Australia,Queensland,Oceania,No,Commercial,Subtropical,Year-round,January-December,20,32,800,1500,60,80,0,500,Well-drained Sandy Loam,Moderate,Full Sun,Low,Medium,Medium,Low,Medium,Orchard,Yes,Commercial production is concentrated in Queensland.,,
Pomegranate,India,Maharashtra,Asia,No,Commercial,Tropical,Winter,September-February,18,38,500,1000,40,70,500,900,Well-drained Loamy,Low,Full Sun,Medium,High,High,Low,Medium,Orchard,Yes,Maharashtra is India's largest pomegranate-producing state.,,
Pomegranate,India,Karnataka,Asia,No,Commercial,Tropical,Winter,September-February,18,36,500,900,40,70,500,900,Red Loamy Soil,Low,Full Sun,Medium,High,High,Low,Medium,Orchard,Yes,Commercial cultivation is widespread.,,
Pomegranate,India,Gujarat,Asia,No,Commercial,Semi-arid,Winter,September-February,18,38,400,800,35,65,0,500,Sandy Loam,Low,Full Sun,Medium,High,High,Medium,Medium,Field,Yes,Thrives in dry climatic conditions.,,
Pomegranate,Iran,Fars,Asia,Yes,Commercial,Arid,Autumn,August-November,15,35,250,600,30,60,500,1500,Well-drained Sandy Loam,Low,Full Sun,Medium,High,High,Low,Medium,Orchard,Yes,Iran is one of the native regions and a major producer.,,
Pomegranate,Turkey,Antalya,Asia,No,Commercial,Mediterranean,Autumn,September-November,15,34,500,1000,40,65,0,800,Loamy Soil,Low,Full Sun,Medium,High,High,Low,Medium,Orchard,Yes,Important commercial fruit crop.,,
Pomegranate,Spain,Andalusia,Europe,No,Commercial,Mediterranean,Autumn,September-November,14,34,300,700,35,60,0,700,Sandy Loam,Low,Full Sun,Medium,High,High,Low,Medium,Orchard,Yes,Grown extensively in southern Spain.,,
Pomegranate,United States,California,North America,No,Commercial,Mediterranean,Autumn,September-November,15,35,250,600,35,60,0,900,Well-drained Loamy,Low,Full Sun,Medium,High,High,Low,Medium,Orchard,Yes,California leads U.S. production.,,
Pomegranate,Israel,Northern District,Asia,No,Commercial,Mediterranean,Autumn,September-November,16,34,400,700,40,65,0,600,Loamy Soil,Low,Full Sun,Medium,High,High,Low,Medium,Orchard,Yes,Produces high-quality export fruits.,,
Pomegranate,South Africa,Western Cape,Africa,No,Commercial,Mediterranean,Autumn,February-May,15,33,300,700,35,60,0,800,Sandy Loam,Low,Full Sun,Medium,High,High,Low,Medium,Plantation,Yes,Commercial cultivation is increasing.,,
Pomegranate,Australia,South Australia,Oceania,No,Commercial,Mediterranean,Autumn,March-May,15,34,250,600,35,60,0,600,Well-drained Loamy,Low,Full Sun,Medium,High,High,Low,Medium,Orchard,Yes,Grown commercially in warm temperate regions.,,
Guava,India,Uttar Pradesh,Asia,No,Commercial,Subtropical,Year-round,January-December,18,35,700,1200,50,80,0,300,Alluvial Loam,Moderate,Full Sun,Low,High,Medium,Low,Medium,Orchard,Yes,Uttar Pradesh is India's leading guava-producing state.,,
Guava,India,Bihar,Asia,No,Commercial,Subtropical,Year-round,January-December,18,35,800,1200,50,80,0,200,Alluvial Soil,Moderate,Full Sun,Low,High,Medium,Low,Medium,Field,Yes,Guava is widely cultivated for commercial fruit production.,,
Guava,India,Maharashtra,Asia,No,Commercial,Tropical,Year-round,January-December,20,36,600,1000,45,75,0,600,Well-drained Loamy,Moderate,Full Sun,Low,High,Medium,Low,Medium,Orchard,Yes,Major producer supplying domestic markets.,,
Guava,Brazil,São Paulo,South America,Yes,Commercial,Tropical,Year-round,January-December,20,34,1000,1800,60,85,0,800,Red Loamy Soil,Moderate,Full Sun,Low,High,Medium,Low,Medium,Plantation,Yes,Brazil is one of the native regions of guava.,,
Guava,Mexico,Veracruz,North America,Yes,Commercial,Tropical,Year-round,January-December,22,34,1000,1800,65,85,0,600,Sandy Loam,Moderate,Full Sun,Low,High,Medium,Low,Medium,Orchard,Yes,Native range and important commercial crop.,,
Guava,Thailand,Chiang Mai,Asia,No,Commercial,Tropical,Year-round,January-December,22,34,1200,1800,65,85,300,900,Loamy Soil,Moderate,Full Sun,Low,High,Medium,Low,Medium,Field,Yes,Popular fruit crop across Thailand.,,
Guava,Indonesia,Java,Asia,No,Commercial,Tropical,Year-round,January-December,23,33,1800,3000,70,90,0,1000,Volcanic Loam,High,Full Sun,Low,Medium,Low,Low,Medium,Plantation,Yes,Thrives in humid tropical climates.,,
Guava,Philippines,Luzon,Asia,No,Commercial,Tropical,Year-round,January-December,23,33,1800,2500,70,90,0,800,Sandy Loam,High,Full Sun,Low,Medium,Low,Low,Medium,Orchard,Yes,Widely cultivated for local consumption and export.,,
Guava,South Africa,Limpopo,Africa,No,Commercial,Subtropical,Year-round,January-December,18,32,600,1000,50,75,0,700,Well-drained Loamy,Moderate,Full Sun,Low,Medium,Medium,Low,Medium,Orchard,Yes,Commercial cultivation is expanding.,,
Guava,Australia,Queensland,Oceania,No,Commercial,Subtropical,Year-round,January-December,18,32,800,1500,55,80,0,500,Sandy Loam,Moderate,Full Sun,Low,Medium,Medium,Low,Medium,Orchard,Yes,Grown commercially in tropical and subtropical regions.,,
Jackfruit,India,Kerala,Asia,Yes,Commercial,Tropical,Summer,March-June,22,35,1500,3000,70,90,0,900,Well-drained Laterite Loam,Moderate,Full Sun,Low,High,Medium,Low,Medium,Orchard,Yes,Kerala is one of the major jackfruit-producing states.,,
Jackfruit,India,Tamil Nadu,Asia,Yes,Commercial,Tropical,Summer,March-June,22,36,800,1500,60,85,0,800,Red Loamy Soil,Moderate,Full Sun,Low,High,Medium,Low,Medium,Field,Yes,Widely cultivated in home gardens and orchards.,,
Jackfruit,India,Karnataka,Asia,Yes,Commercial,Tropical,Summer,March-June,20,35,700,1500,60,85,500,900,Loamy Soil,Moderate,Full Sun,Low,High,Medium,Low,Medium,Orchard,Yes,Commercial cultivation is common in southern districts.,,
Jackfruit,Bangladesh,Dhaka,Asia,Yes,Commercial,Tropical,Summer,April-July,22,34,1500,2500,70,90,0,300,Alluvial Loam,High,Full Sun,Low,Medium,Low,Low,Medium,Orchard,Yes,Jackfruit is the national fruit of Bangladesh.,,
Jackfruit,Sri Lanka,Central Province,Asia,Yes,Commercial,Tropical,Summer,March-June,22,33,1800,2500,75,90,300,1200,Well-drained Loamy Soil,High,Full Sun,Low,Medium,Low,Low,Medium,Orchard,Yes,Widely grown for local consumption.,,
Jackfruit,Thailand,Chiang Mai,Asia,No,Commercial,Tropical,Summer,March-June,22,34,1200,1800,65,85,300,900,Loamy Soil,Moderate,Full Sun,Low,High,Medium,Low,Medium,Plantation,Yes,Major commercial fruit crop.,,
Jackfruit,Indonesia,Java,Asia,No,Commercial,Tropical,Year-round,January-December,23,33,1800,3000,75,90,0,1000,Volcanic Loam,High,Full Sun,Low,Medium,Low,Low,Medium,Orchard,Yes,Thrives in humid tropical climates.,,
Jackfruit,Malaysia,Johor,Asia,No,Commercial,Tropical,Year-round,January-December,23,33,2000,3000,75,90,0,800,Well-drained Loamy Soil,High,Full Sun,Low,Medium,Low,Low,Medium,Plantation,Yes,Commercial production for domestic and export markets.,,
Jackfruit,Philippines,Mindanao,Asia,No,Commercial,Tropical,Year-round,January-December,23,33,1800,2500,70,90,0,700,Sandy Loam,High,Full Sun,Low,Medium,Low,Low,Medium,Orchard,Yes,Widely cultivated throughout the islands.,,
Jackfruit,Australia,Queensland,Oceania,No,Commercial,Subtropical,Summer,December-March,20,32,1000,1800,60,80,0,500,Well-drained Sandy Loam,Moderate,Full Sun,Low,Medium,Medium,Low,Medium,Orchard,Yes,Commercial cultivation is concentrated in tropical Queensland.,,
Banana,India,Tamil Nadu,Asia,No,Commercial,Tropical,Year-round,January-December,20,36,1000,2500,60,90,0,600,Well-drained Loamy,High,Full Sun,Low,High,Low,Low,Medium,Plantation,Yes,Tamil Nadu is one of India's largest banana-producing states.,,
Banana,India,Maharashtra,Asia,No,Commercial,Tropical,Year-round,January-December,20,38,700,1500,55,85,0,700,Deep Black Soil,High,Full Sun,Low,High,Medium,Low,Medium,Plantation,Yes,Major producer of Cavendish bananas.,,
Banana,India,Gujarat,Asia,No,Commercial,Tropical,Year-round,January-December,20,38,600,1200,50,80,0,500,Alluvial Loam,High,Full Sun,Low,High,Medium,Low,Medium,Orchard,Yes,Large-scale commercial cultivation using drip irrigation.,,
Banana,Ecuador,Los Ríos,South America,No,Commercial,Tropical,Year-round,January-December,22,34,1200,2500,70,90,0,500,Fertile Loamy Soil,High,Full Sun,Low,Medium,Low,Low,Medium,Plantation,Yes,Ecuador is the world's leading banana exporter.,,
Banana,Philippines,Davao,Asia,No,Commercial,Tropical,Year-round,January-December,23,33,1800,3000,70,90,0,800,Volcanic Loam,High,Full Sun,Low,Medium,Low,Low,Medium,Plantation,Yes,Major producer for export markets.,,
Banana,Indonesia,Java,Asia,No,Commercial,Tropical,Year-round,January-December,23,33,1800,3000,75,90,0,1000,Volcanic Loam,High,Full Sun,Low,Medium,Low,Low,Medium,Plantation,Yes,Widely cultivated across Java and Sumatra.,,
Banana,Brazil,São Paulo,South America,No,Commercial,Tropical,Year-round,January-December,22,34,1000,1800,65,85,0,900,Red Loamy Soil,High,Full Sun,Low,High,Low,Low,Medium,Plantation,Yes,Important commercial fruit crop.,,
Banana,Costa Rica,Limón,North America,No,Commercial,Tropical,Year-round,January-December,22,33,2000,3500,75,95,0,300,Rich Alluvial Soil,High,Full Sun,Low,Medium,Low,Low,Medium,Plantation,Yes,Produces bananas mainly for export.,,
Banana,Uganda,Central Region,Africa,No,Commercial,Tropical,Year-round,January-December,20,30,1000,1800,60,85,900,1500,Volcanic Loam,High,Full Sun,Low,Medium,Low,Low,Medium,Small Farm,Yes,Uganda has one of the highest banana consumption rates.,,
Banana,Australia,Queensland,Oceania,No,Commercial,Subtropical,Year-round,January-December,20,32,1200,2500,60,85,0,600,Well-drained Sandy Loam,High,Full Sun,Low,Medium,Low,Low,Medium,Plantation,Yes,Queensland dominates Australian banana production.,,
Coconut,India,Kerala,Asia,No,Commercial,Tropical,Year-round,January-December,22,35,1500,3000,70,90,0,600,Well-drained Sandy Loam,High,Full Sun,Low,High,Medium,Medium,High,Plantation,Yes,Kerala is India's leading coconut-producing state.,,
Coconut,India,Tamil Nadu,Asia,No,Commercial,Tropical,Year-round,January-December,22,36,800,1800,65,90,0,500,Coastal Sandy Soil,High,Full Sun,Low,High,Medium,High,High,Plantation,Yes,Major commercial coconut-growing region.,,
Coconut,India,Karnataka,Asia,No,Commercial,Tropical,Year-round,January-December,22,35,1000,2500,65,90,300,900,Red Loamy Soil,High,Full Sun,Low,High,Medium,Low,Medium,Plantation,Yes,Large-scale cultivation for copra and coconut oil.,,
Coconut,Indonesia,Java,Asia,No,Commercial,Tropical,Year-round,January-December,24,33,1800,3000,75,95,0,800,Volcanic Loam,High,Full Sun,Low,Medium,Low,Medium,High,Plantation,Yes,Indonesia is one of the world's largest coconut producers.,,
Coconut,Philippines,Davao,Asia,No,Commercial,Tropical,Year-round,January-December,24,33,1800,3000,75,95,0,600,Well-drained Loamy Soil,High,Full Sun,Low,Medium,Low,Medium,High,Plantation,Yes,Major exporter of coconut products.,,
Coconut,Sri Lanka,Western Province,Asia,No,Commercial,Tropical,Year-round,January-December,24,32,1500,2500,70,90,0,300,Coastal Sandy Loam,High,Full Sun,Low,Medium,Low,High,High,Plantation,Yes,Coconut is an important commercial plantation crop.,,
Coconut,Brazil,Bahia,South America,No,Commercial,Tropical,Year-round,January-December,23,34,1200,2200,70,90,0,500,Sandy Coastal Soil,High,Full Sun,Low,High,Low,High,High,Plantation,Yes,Large coconut plantations along the coast.,,
Coconut,Thailand,Surat Thani,Asia,No,Commercial,Tropical,Year-round,January-December,24,33,1400,2500,70,90,0,300,Loamy Soil,High,Full Sun,Low,Medium,Low,Medium,Medium,Plantation,Yes,Famous for aromatic coconut varieties.,,
Coconut,Vietnam,Ben Tre,Asia,No,Commercial,Tropical,Year-round,January-December,24,33,1400,2200,70,90,0,200,Alluvial Soil,High,Full Sun,Low,Medium,Low,Medium,Medium,Plantation,Yes,Ben Tre is Vietnam's coconut capital.,,
Coconut,Australia,Queensland,Oceania,No,Commercial,Tropical,Year-round,January-December,22,32,1200,2500,65,85,0,200,Coastal Sandy Soil,High,Full Sun,Low,Medium,Low,High,High,Plantation,Yes,Commercial cultivation is concentrated in tropical coastal areas.,,
Pineapple,Brazil,Pará,South America,Yes,Commercial,Tropical,Year-round,January-December,22,34,1200,2500,65,90,0,600,Well-drained Sandy Loam,Moderate,Full Sun,Low,High,Medium,Low,Medium,Plantation,Yes,Brazil is one of the native regions and a major producer.,,
Pineapple,Costa Rica,Alajuela,North America,No,Commercial,Tropical,Year-round,January-December,22,32,1500,3000,70,90,0,800,Volcanic Loam,Moderate,Full Sun,Low,Medium,Medium,Low,Medium,Plantation,Yes,Costa Rica is the world's largest pineapple exporter.,,
Pineapple,Philippines,Bukidnon,Asia,No,Commercial,Tropical,Year-round,January-December,22,33,1800,3000,70,90,300,900,Well-drained Loamy Soil,Moderate,Full Sun,Low,Medium,Medium,Low,Medium,Plantation,Yes,Large commercial plantations supply export markets.,,
Pineapple,India,Assam,Asia,No,Commercial,Tropical,Monsoon,May-September,20,32,1500,3000,70,90,50,1000,Acidic Loamy Soil,Moderate,Full Sun,Low,Medium,Medium,Low,Medium,Field,Yes,Major pineapple-growing region in Northeast India.,,
Pineapple,India,Tripura,Asia,No,Commercial,Tropical,Monsoon,May-September,20,32,1800,3000,70,90,50,800,Well-drained Sandy Loam,Moderate,Full Sun,Low,Medium,Medium,Low,Medium,Plantation,Yes,Produces the famous Queen variety.,,
Pineapple,Thailand,Prachuap Khiri Khan,Asia,No,Commercial,Tropical,Year-round,January-December,22,34,1200,2200,65,85,0,500,Sandy Loam,Moderate,Full Sun,Low,High,Medium,Low,Medium,Plantation,Yes,Thailand is a major exporter of canned pineapple.,,
Pineapple,Indonesia,Lampung,Asia,No,Commercial,Tropical,Year-round,January-December,23,33,1800,3000,70,90,0,600,Volcanic Loam,Moderate,Full Sun,Low,Medium,Medium,Low,Medium,Plantation,Yes,Large-scale commercial cultivation for processing industries.,,
Pineapple,Nigeria,Cross River,Africa,No,Commercial,Tropical,Year-round,January-December,22,33,1500,2500,65,85,0,500,Loamy Soil,Moderate,Full Sun,Low,Medium,Medium,Low,Medium,Field,Yes,One of the major fruit crops in southern Nigeria.,,
Pineapple,Kenya,Kiambu,Africa,No,Commercial,Tropical,Year-round,January-December,18,30,900,1800,60,80,1200,1800,Well-drained Loam,Moderate,Full Sun,Low,Medium,Medium,Low,Medium,Plantation,Yes,Commercial production for domestic and export markets.,,
Pineapple,Australia,Queensland,Oceania,No,Commercial,Subtropical,Summer,December-March,20,30,1000,1800,60,80,0,500,Sandy Loam,Moderate,Full Sun,Low,Medium,Medium,Low,Medium,Plantation,Yes,Commercial cultivation is concentrated in tropical Queensland.,,
Sapota,India,Karnataka,Asia,No,Commercial,Tropical,Year-round,January-December,22,35,800,1500,60,85,500,900,Red Loamy Soil,Moderate,Full Sun,Low,High,Medium,Low,Medium,Orchard,Yes,Karnataka is one of India's leading sapota-producing states.,,
Sapota,India,Gujarat,Asia,No,Commercial,Tropical,Year-round,January-December,22,36,600,1200,55,80,0,500,Well-drained Sandy Loam,Moderate,Full Sun,Low,High,Medium,Low,Medium,Orchard,Yes,Large-scale commercial cultivation in southern Gujarat.,,
Sapota,India,Tamil Nadu,Asia,No,Commercial,Tropical,Year-round,January-December,22,36,700,1400,60,85,0,600,Red Loamy Soil,Moderate,Full Sun,Low,High,Medium,Low,Medium,Field,Yes,Widely cultivated in home gardens and orchards.,,
Sapota,Mexico,Yucatán,North America,Yes,Commercial,Tropical,Year-round,January-December,22,34,1000,2000,65,90,0,500,Well-drained Limestone Soil,Moderate,Full Sun,Low,Medium,Medium,Low,Medium,Orchard,Yes,Native region of sapota with traditional cultivation.,,
Sapota,Belize,Cayo,North America,Yes,Commercial,Tropical,Year-round,January-December,22,33,1200,2500,70,90,0,400,Loamy Soil,Moderate,Full Sun,Low,Medium,Medium,Low,Medium,Orchard,Yes,Commonly grown in tropical lowlands.,,
Sapota,Thailand,Chanthaburi,Asia,No,Commercial,Tropical,Year-round,January-December,23,34,1200,2000,65,85,0,300,Well-drained Loamy Soil,Moderate,Full Sun,Low,Medium,Medium,Low,Medium,Plantation,Yes,Cultivated as a tropical fruit crop.,,
Sapota,Philippines,Luzon,Asia,No,Commercial,Tropical,Year-round,January-December,23,33,1800,2500,70,90,0,600,Sandy Loam,High,Full Sun,Low,Medium,Low,Low,Medium,Orchard,Yes,Popular tropical fruit in home gardens and farms.,,
Sapota,Sri Lanka,Western Province,Asia,No,Commercial,Tropical,Year-round,January-December,23,33,1800,2500,70,90,0,300,Laterite Loam,High,Full Sun,Low,Medium,Low,Low,Medium,Orchard,Yes,Commercial cultivation for local markets.,,
Sapota,Indonesia,Java,Asia,No,Commercial,Tropical,Year-round,January-December,23,33,1800,3000,75,90,0,800,Volcanic Loam,High,Full Sun,Low,Medium,Low,Low,Medium,Plantation,Yes,Grown extensively in tropical plantations.,,
Sapota,Australia,Queensland,Oceania,No,Commercial,Subtropical,Year-round,January-December,20,32,1000,1800,60,80,0,500,Well-drained Sandy Loam,Moderate,Full Sun,Low,Medium,Medium,Low,Medium,Orchard,Yes,Cultivated in warm subtropical regions.,,
Watermelon,India,Karnataka,Asia,No,Commercial,Tropical,Summer,January-May,22,38,500,900,45,70,300,900,Well-drained Sandy Loam,Moderate,Full Sun,Low,High,High,Low,Medium,Field,Yes,Karnataka is one of India's major watermelon-producing states.,,
Watermelon,India,Andhra Pradesh,Asia,No,Commercial,Tropical,Summer,January-May,22,38,500,1000,45,70,0,500,Sandy Loam,Moderate,Full Sun,Low,High,High,Low,Medium,Field,Yes,Commercial cultivation is common during the summer season.,,
Watermelon,India,Tamil Nadu,Asia,No,Commercial,Tropical,Summer,January-May,22,37,600,1000,50,75,0,600,Red Sandy Loam,Moderate,Full Sun,Low,High,High,Low,Medium,Field,Yes,Widely cultivated under irrigated conditions.,,
Watermelon,China,Henan,Asia,No,Commercial,Temperate,Summer,May-August,18,34,500,900,45,70,0,400,Well-drained Sandy Soil,Moderate,Full Sun,Medium,Medium,Medium,Low,Medium,Field,Yes,China is the world's largest producer of watermelon.,,
Watermelon,Turkey,Adana,Asia,No,Commercial,Mediterranean,Summer,May-August,18,35,500,900,45,70,0,300,Sandy Loam,Moderate,Full Sun,Medium,High,High,Low,Medium,Field,Yes,Major commercial production region.,,
Watermelon,Iran,Khuzestan,Asia,No,Commercial,Arid,Summer,April-July,20,40,200,500,30,55,0,400,Sandy Soil,Low,Full Sun,Low,High,High,Low,Medium,Field,Yes,Thrives in hot and dry conditions with irrigation.,,
Watermelon,Brazil,Bahia,South America,No,Commercial,Tropical,Year-round,January-December,22,34,800,1500,55,80,0,700,Loamy Soil,Moderate,Full Sun,Low,Medium,Medium,Low,Medium,Plantation,Yes,Large-scale commercial cultivation.,,
Watermelon,United States,Florida,North America,No,Commercial,Subtropical,Spring,March-July,18,33,1000,1600,60,80,0,200,Sandy Soil,Moderate,Full Sun,Low,Medium,Medium,Low,Medium,Field,Yes,Florida is one of the leading watermelon-producing states.,,
Watermelon,Egypt,Nile Delta,Africa,No,Commercial,Arid,Summer,March-June,20,38,100,300,30,50,0,100,Alluvial Sandy Loam,Low,Full Sun,Low,High,High,Low,Medium,Field,Yes,Cultivated extensively using irrigation.,,
Watermelon,Australia,Queensland,Oceania,No,Commercial,Subtropical,Summer,October-March,20,34,500,1000,45,70,0,500,Sandy Loam,Moderate,Full Sun,Low,Medium,High,Low,Medium,Field,Yes,Commercial production occurs in warm regions.,,
Muskmelon,India,Uttar Pradesh,Asia,No,Commercial,Subtropical,Summer,February-June,20,38,400,800,40,70,0,300,Well-drained Sandy Loam,Moderate,Full Sun,Low,High,High,Low,Medium,Field,Yes,Uttar Pradesh is one of India's leading muskmelon-producing states.,,
Muskmelon,India,Rajasthan,Asia,No,Commercial,Arid,Summer,February-June,22,40,200,500,30,55,0,500,Sandy Soil,Low,Full Sun,Low,High,High,Low,Medium,Field,Yes,Thrives in hot, dry climates with irrigation.,
Muskmelon,India,Punjab,Asia,No,Commercial,Subtropical,Summer,March-June,18,36,400,700,40,65,200,400,Alluvial Sandy Loam,Moderate,Full Sun,Low,High,Medium,Low,Medium,Field,Yes,Commercial cultivation is widespread during summer.,,
Muskmelon,China,Xinjiang,Asia,No,Commercial,Arid,Summer,May-August,18,38,100,300,25,50,500,1500,Sandy Loam,Low,Full Sun,Low,High,High,Low,Medium,Field,Yes,Xinjiang is famous for high-quality sweet muskmelons.,,
Muskmelon,Turkey,Konya,Asia,No,Commercial,Continental,Summer,May-August,18,35,300,600,35,60,900,1200,Loamy Soil,Moderate,Full Sun,Medium,High,Medium,Low,Medium,Field,Yes,Important commercial muskmelon-growing region.,,
Muskmelon,Iran,Khorasan Razavi,Asia,No,Commercial,Arid,Summer,May-August,20,40,150,350,25,45,800,1500,Sandy Soil,Low,Full Sun,Low,High,High,Low,Medium,Field,Yes,Grown extensively under irrigated conditions.,,
Muskmelon,United States,California,North America,No,Commercial,Mediterranean,Summer,May-September,18,34,250,600,35,60,0,600,Well-drained Sandy Loam,Moderate,Full Sun,Medium,Medium,Medium,Low,Medium,Field,Yes,California is a major producer of cantaloupes and muskmelons.,,
Muskmelon,Egypt,Nile Delta,Africa,No,Commercial,Arid,Spring,March-June,20,38,100,250,30,50,0,100,Alluvial Sandy Soil,Low,Full Sun,Low,High,High,Low,Medium,Field,Yes,Cultivated extensively using irrigation.,,
Muskmelon,Spain,Murcia,Europe,No,Commercial,Mediterranean,Summer,May-August,18,34,250,500,35,60,0,500,Sandy Loam,Low,Full Sun,Medium,High,Medium,Low,Medium,Field,Yes,Major exporter of premium melons.,,
Muskmelon,Australia,Queensland,Oceania,No,Commercial,Subtropical,Summer,September-February,20,34,500,1000,45,70,0,500,Sandy Loam,Moderate,Full Sun,Low,Medium,High,Low,Medium,Field,Yes,Commercial production is concentrated in warm regions.,,
Dragon Fruit,Vietnam,Binh Thuan,Asia,No,Commercial,Tropical,Year-round,January-December,20,35,800,1800,60,85,0,300,Well-drained Sandy Loam,Low,Full Sun,Low,High,High,Low,Medium,Plantation,Yes,Vietnam is the world's leading exporter of dragon fruit.,,
Dragon Fruit,India,Gujarat,Asia,No,Commercial,Tropical,Year-round,January-December,20,38,500,1000,45,75,0,500,Sandy Loam,Low,Full Sun,Low,High,High,Low,Medium,Field,Yes,Rapidly expanding commercial cultivation.,,
Dragon Fruit,India,Karnataka,Asia,No,Commercial,Tropical,Year-round,January-December,20,36,600,1200,50,75,500,900,Red Loamy Soil,Low,Full Sun,Low,High,High,Low,Medium,Orchard,Yes,Grown under drip irrigation in many districts.,,
Dragon Fruit,India,Tamil Nadu,Asia,No,Commercial,Tropical,Year-round,January-December,22,37,600,1200,50,75,0,600,Well-drained Sandy Loam,Low,Full Sun,Low,High,High,Low,Medium,Plantation,Yes,Commercial production is increasing steadily.,,
Dragon Fruit,Thailand,Chanthaburi,Asia,No,Commercial,Tropical,Year-round,January-December,22,34,1200,2000,65,85,0,300,Loamy Soil,Moderate,Full Sun,Low,Medium,Medium,Low,Medium,Plantation,Yes,Important producer for domestic and export markets.,,
Dragon Fruit,Malaysia,Johor,Asia,No,Commercial,Tropical,Year-round,January-December,23,33,1800,2500,70,90,0,400,Well-drained Loamy Soil,Moderate,Full Sun,Low,Medium,Medium,Low,Medium,Plantation,Yes,Commercial cultivation is expanding.,,
Dragon Fruit,Indonesia,Java,Asia,No,Commercial,Tropical,Year-round,January-December,23,33,1800,3000,70,90,0,800,Volcanic Loam,Moderate,Full Sun,Low,Medium,Medium,Low,Medium,Plantation,Yes,Thrives in tropical volcanic regions.,,
Dragon Fruit,Israel,Negev,Asia,No,Commercial,Arid,Summer,April-October,18,36,100,300,30,50,200,500,Sandy Soil,Low,Full Sun,Low,High,High,Low,Medium,Field,Yes,Successfully cultivated using drip irrigation.,,
Dragon Fruit,Mexico,Yucatán,North America,No,Commercial,Tropical,Year-round,January-December,22,34,800,1500,60,85,0,300,Well-drained Sandy Loam,Low,Full Sun,Low,High,High,Low,Medium,Plantation,Yes,Cultivated in tropical regions for fresh fruit.,,
Dragon Fruit,Australia,Queensland,Oceania,No,Commercial,Subtropical,Year-round,January-December,20,32,800,1500,55,80,0,500,Sandy Loam,Low,Full Sun,Low,Medium,Medium,Low,Medium,Orchard,Yes,Commercial production is concentrated in northern Queensland.,,
Avocado,Mexico,Michoacán,North America,Yes,Commercial,Subtropical,Year-round,January-December,16,30,800,1600,50,80,1200,2200,Well-drained Volcanic Loam,Moderate,Full Sun,Medium,Medium,Medium,Low,Medium,Orchard,Yes,Michoacán is the world's largest avocado-producing region.,,
Avocado,India,Tamil Nadu,Asia,No,Commercial,Tropical,Year-round,January-December,18,32,800,1500,55,80,500,1200,Red Loamy Soil,Moderate,Full Sun,Low,Medium,Medium,Low,Medium,Orchard,Yes,Commercial cultivation is expanding in the Nilgiris and hill regions.,,
Avocado,India,Karnataka,Asia,No,Commercial,Tropical,Year-round,January-December,18,30,900,1600,55,80,700,1400,Well-drained Loamy Soil,Moderate,Full Sun,Low,Medium,Medium,Low,Medium,Orchard,Yes,Grown in Kodagu and Chikkamagaluru districts.,,
Avocado,India,Kerala,Asia,No,Commercial,Tropical,Year-round,January-December,20,30,1500,3000,65,90,600,1400,Laterite Loam,High,Partial Shade,Low,Medium,Low,Low,Medium,Orchard,Yes,Thrives in humid hill regions.,,
Avocado,United States,California,North America,No,Commercial,Mediterranean,Spring,March-August,12,28,300,700,40,70,0,1200,Well-drained Sandy Loam,Moderate,Full Sun,Medium,Medium,Medium,Low,Medium,Orchard,Yes,California is the leading avocado-producing state in the U.S.,,
Avocado,Peru,Lima,South America,No,Commercial,Subtropical,Spring,April-September,14,28,100,500,40,65,0,1500,Sandy Loam,Low,Full Sun,Low,Medium,High,Low,Medium,Plantation,Yes,Major exporter of Hass avocados.,,
Avocado,Chile,Valparaíso,South America,No,Commercial,Mediterranean,Spring,September-February,12,28,250,600,40,65,200,1200,Well-drained Loamy Soil,Low,Full Sun,Medium,Medium,Medium,Low,Medium,Orchard,Yes,Important avocado-growing region.,,
Avocado,Kenya,Murang'a,Africa,No,Commercial,Subtropical,Year-round,January-December,15,28,900,1800,55,80,1200,2200,Volcanic Loam,Moderate,Full Sun,Medium,Medium,Medium,Low,Medium,Orchard,Yes,Leading African exporter of avocados.,,
Avocado,South Africa,Limpopo,Africa,No,Commercial,Subtropical,Year-round,January-December,15,30,700,1500,50,75,800,1800,Well-drained Loamy Soil,Moderate,Full Sun,Medium,Medium,Medium,Low,Medium,Plantation,Yes,Commercial production for export markets.,,
Avocado,Australia,Queensland,Oceania,No,Commercial,Subtropical,Year-round,January-December,16,30,800,1600,50,80,200,1000,Sandy Loam,Moderate,Full Sun,Medium,Medium,Medium,Low,Medium,Orchard,Yes,Queensland is one of Australia's major avocado-producing regions.,,
Kiwi,China,Shaanxi,Asia,Yes,Commercial,Temperate,Autumn,September-November,8,28,800,1600,55,80,800,1800,Well-drained Loamy Soil,Moderate,Full Sun,High,Medium,Low,Low,Medium,Orchard,Yes,China is the native home and the world's largest producer of kiwi.,,
Kiwi,New Zealand,Bay of Plenty,Oceania,No,Commercial,Temperate,Autumn,March-May,7,26,1000,1800,60,80,0,500,Fertile Loamy Soil,Moderate,Full Sun,High,Medium,Low,Low,Medium,Orchard,Yes,New Zealand is globally renowned for premium kiwifruit exports.,,
Kiwi,Italy,Lazio,Europe,No,Commercial,Mediterranean,Autumn,October-November,8,28,700,1200,50,75,0,600,Well-drained Loam,Moderate,Full Sun,Medium,Medium,Low,Low,Medium,Orchard,Yes,Italy is one of Europe's largest kiwi producers.,,
Kiwi,India,Himachal Pradesh,Asia,No,Commercial,Temperate,Autumn,September-November,5,25,900,1800,55,80,1000,2200,Mountain Loamy Soil,Moderate,Full Sun,High,Medium,Low,Low,Medium,Orchard,Yes,Commercial cultivation is expanding in hill districts.,,
Kiwi,India,Arunachal Pradesh,Asia,No,Commercial,Temperate,Autumn,September-November,6,24,1200,2500,60,85,1200,2200,Well-drained Loamy Soil,Moderate,Full Sun,High,Medium,Low,Low,Medium,Orchard,Yes,One of India's leading kiwi-producing states.,,
Kiwi,Chile,Maule,South America,No,Commercial,Mediterranean,Autumn,April-May,8,27,600,1000,50,75,200,800,Loamy Soil,Moderate,Full Sun,Medium,Medium,Low,Low,Medium,Plantation,Yes,Major exporter to international markets.,,
Kiwi,Greece,Pieria,Europe,No,Commercial,Mediterranean,Autumn,October-November,8,28,600,1000,50,75,0,500,Fertile Loamy Soil,Moderate,Full Sun,Medium,Medium,Low,Low,Medium,Orchard,Yes,Greece is among Europe's top kiwi exporters.,,
Kiwi,France,Nouvelle-Aquitaine,Europe,No,Commercial,Temperate,Autumn,October-November,7,26,700,1200,55,80,0,500,Well-drained Loam,Moderate,Full Sun,High,Medium,Low,Low,Medium,Orchard,Yes,Commercial cultivation for domestic and export markets.,,
Kiwi,United States,California,North America,No,Commercial,Mediterranean,Autumn,October-November,8,28,300,700,45,70,0,700,Sandy Loam,Moderate,Full Sun,Medium,Medium,Low,Low,Medium,Orchard,Yes,California is the primary kiwi-growing state.,,
Kiwi,Australia,Victoria,Oceania,No,Commercial,Temperate,Autumn,March-May,7,25,700,1200,55,75,100,800,Well-drained Loamy Soil,Moderate,Full Sun,High,Medium,Low,Low,Medium,Orchard,Yes,Commercial production occurs in cooler temperate regions.,,
Apple,India,Himachal Pradesh,Asia,No,Commercial,Temperate,Autumn,September-November,4,24,800,1500,50,75,1500,2700,Well-drained Loamy Soil,Moderate,Full Sun,High,Medium,Low,Low,Medium,Orchard,Yes,Himachal Pradesh is one of India's leading apple-producing states.,,
Apple,India,Jammu and Kashmir,Asia,No,Commercial,Temperate,Autumn,September-November,2,22,700,1400,50,75,1500,2800,Fertile Loamy Soil,Moderate,Full Sun,High,Medium,Low,Low,Medium,Orchard,Yes,The largest apple-producing region in India.,,
Apple,India,Uttarakhand,Asia,No,Commercial,Temperate,Autumn,September-November,4,22,900,1600,55,80,1400,2600,Mountain Loamy Soil,Moderate,Full Sun,High,Medium,Low,Low,Medium,Orchard,Yes,Commercial cultivation is common in hilly districts.,,
Apple,China,Shaanxi,Asia,No,Commercial,Temperate,Autumn,September-November,5,26,500,1000,45,70,800,1800,Well-drained Loamy Soil,Moderate,Full Sun,High,Medium,Low,Low,Medium,Orchard,Yes,China is the world's largest apple producer.,,
Apple,United States,Washington,North America,No,Commercial,Temperate,Autumn,September-November,4,28,300,700,40,65,200,1200,Sandy Loam,Moderate,Full Sun,High,Medium,Low,Low,Medium,Orchard,Yes,Washington State leads U.S. apple production.,,
Apple,Poland,Masovian Voivodeship,Europe,No,Commercial,Temperate,Autumn,September-November,2,24,500,800,45,70,100,400,Fertile Loamy Soil,Moderate,Full Sun,High,Medium,Low,Low,Medium,Orchard,Yes,Poland is Europe's largest apple producer.,,
Apple,Italy,Trentino-Alto Adige,Europe,No,Commercial,Alpine,Autumn,September-November,3,24,700,1200,50,75,300,1200,Well-drained Loam,Moderate,Full Sun,High,Medium,Low,Low,Medium,Orchard,Yes,Famous for premium-quality apples.,,
Apple,France,Normandy,Europe,No,Commercial,Temperate,Autumn,September-November,4,22,700,1200,55,80,0,400,Loamy Soil,Moderate,Full Sun,High,Medium,Low,Low,Medium,Orchard,Yes,Known for dessert apples and cider production.,,
Apple,Chile,Maule,South America,No,Commercial,Mediterranean,Autumn,March-May,5,25,500,900,45,70,200,1000,Well-drained Loamy Soil,Moderate,Full Sun,Medium,Medium,Low,Low,Medium,Orchard,Yes,A major Southern Hemisphere exporter.,,
Apple,New Zealand,Hawke's Bay,Oceania,No,Commercial,Temperate,Autumn,March-May,5,24,700,1200,50,75,0,500,Fertile Loamy Soil,Moderate,Full Sun,High,Medium,Low,Low,Medium,Orchard,Yes,Produces high-quality export apples.,,
Pear,China,Hebei,Asia,No,Commercial,Temperate,Autumn,August-October,5,28,500,900,45,70,200,1200,Well-drained Loamy Soil,Moderate,Full Sun,High,Medium,Low,Low,Medium,Orchard,Yes,China is the world's largest pear producer.,,
Pear,India,Himachal Pradesh,Asia,No,Commercial,Temperate,Autumn,August-October,4,24,800,1500,50,75,1500,2700,Fertile Loamy Soil,Moderate,Full Sun,High,Medium,Low,Low,Medium,Orchard,Yes,Commercial cultivation in major hill districts.,,
Pear,India,Jammu and Kashmir,Asia,No,Commercial,Temperate,Autumn,August-October,2,22,700,1400,50,75,1500,2800,Mountain Loamy Soil,Moderate,Full Sun,High,Medium,Low,Low,Medium,Orchard,Yes,Important temperate fruit crop.,,
Pear,India,Uttarakhand,Asia,No,Commercial,Temperate,Autumn,August-October,4,23,900,1600,55,80,1400,2600,Well-drained Loamy Soil,Moderate,Full Sun,High,Medium,Low,Low,Medium,Orchard,Yes,Grown extensively in the Kumaon and Garhwal regions.,,
Pear,Italy,Emilia-Romagna,Europe,No,Commercial,Temperate,Autumn,August-October,5,27,600,1000,50,75,0,500,Fertile Alluvial Soil,Moderate,Full Sun,High,Medium,Low,Low,Medium,Orchard,Yes,Italy is Europe's leading pear producer.,,
Pear,United States,Washington,North America,No,Commercial,Temperate,Autumn,August-October,4,28,300,700,40,65,200,1200,Sandy Loam,Moderate,Full Sun,High,Medium,Low,Low,Medium,Orchard,Yes,Washington is a major pear-producing state.,,
Pear,Argentina,Río Negro,South America,No,Commercial,Temperate,Autumn,February-April,5,28,200,500,35,60,200,800,Well-drained Loamy Soil,Moderate,Full Sun,Medium,Medium,Low,Low,Medium,Orchard,Yes,Major exporter of fresh pears.,,
Pear,South Africa,Western Cape,Africa,No,Commercial,Mediterranean,Autumn,January-March,5,26,300,700,40,65,100,800,Loamy Soil,Moderate,Full Sun,Medium,Medium,Low,Low,Medium,Orchard,Yes,Produces pears mainly for export.,,
Pear,Chile,O'Higgins,South America,No,Commercial,Mediterranean,Autumn,February-April,5,27,300,700,40,65,200,900,Well-drained Loamy Soil,Moderate,Full Sun,Medium,Medium,Low,Low,Medium,Orchard,Yes,Important commercial fruit-growing region.,,
Pear,Australia,Victoria,Oceania,No,Commercial,Temperate,Autumn,February-April,5,25,600,1000,50,75,100,700,Fertile Loamy Soil,Moderate,Full Sun,High,Medium,Low,Low,Medium,Orchard,Yes,Victoria is Australia's leading pear-producing state.,,
Peach,China,Zhejiang,Asia,Yes,Commercial,Temperate,Summer,June-August,6,28,800,1500,50,75,200,1200,Well-drained Loamy Soil,Moderate,Full Sun,High,Medium,Low,Low,Medium,Orchard,Yes,China is the native home and world's largest producer of peaches.,,
Peach,India,Himachal Pradesh,Asia,No,Commercial,Temperate,Summer,June-August,4,24,800,1500,50,75,1200,2500,Fertile Loamy Soil,Moderate,Full Sun,High,Medium,Low,Low,Medium,Orchard,Yes,Commercial cultivation is common in hill districts.,,
Peach,India,Jammu and Kashmir,Asia,No,Commercial,Temperate,Summer,June-August,2,22,700,1400,50,75,1500,2800,Mountain Loamy Soil,Moderate,Full Sun,High,Medium,Low,Low,Medium,Orchard,Yes,Major temperate fruit crop in Kashmir Valley.,,
Peach,India,Uttarakhand,Asia,No,Commercial,Temperate,Summer,June-August,4,23,900,1600,55,80,1400,2600,Well-drained Loamy Soil,Moderate,Full Sun,High,Medium,Low,Low,Medium,Orchard,Yes,Grown extensively in Kumaon and Garhwal regions.,,
Peach,Italy,Emilia-Romagna,Europe,No,Commercial,Mediterranean,Summer,June-August,6,30,500,900,45,70,0,500,Loamy Soil,Moderate,Full Sun,Medium,Medium,Low,Low,Medium,Orchard,Yes,Italy is one of Europe's leading peach producers.,,
Peach,Spain,Aragon,Europe,No,Commercial,Mediterranean,Summer,June-August,6,30,300,700,40,65,100,600,Well-drained Sandy Loam,Moderate,Full Sun,Medium,Medium,Low,Low,Medium,Orchard,Yes,Important commercial production area.,,
Peach,United States,Georgia,North America,No,Commercial,Humid Subtropical,Summer,May-August,8,32,1000,1400,55,80,0,500,Well-drained Loamy Soil,Moderate,Full Sun,Medium,Medium,Low,Low,Medium,Orchard,Yes,Georgia is famous as the 'Peach State'.,,
Peach,United States,California,North America,No,Commercial,Mediterranean,Summer,May-August,8,32,250,600,40,65,0,700,Sandy Loam,Moderate,Full Sun,Medium,High,Low,Low,Medium,Orchard,Yes,California has extensive commercial peach orchards.,,
Peach,Chile,O'Higgins,South America,No,Commercial,Mediterranean,Summer,December-February,6,28,300,700,40,65,200,900,Fertile Loamy Soil,Moderate,Full Sun,Medium,Medium,Low,Low,Medium,Orchard,Yes,Major exporter of fresh peaches.,,
Peach,Australia,Victoria,Oceania,No,Commercial,Temperate,Summer,December-February,6,28,500,900,45,70,100,700,Well-drained Loamy Soil,Moderate,Full Sun,High,Medium,Low,Low,Medium,Orchard,Yes,Victoria is Australia's leading peach-growing region.,,
Plum,China,Sichuan,Asia,Yes,Commercial,Temperate,Summer,June-August,5,28,700,1400,50,75,500,1800,Well-drained Loamy Soil,Moderate,Full Sun,High,Medium,Low,Low,Medium,Orchard,Yes,China is one of the world's largest producers of plums.,,
Plum,India,Himachal Pradesh,Asia,No,Commercial,Temperate,Summer,June-August,4,24,800,1500,50,75,1500,2700,Fertile Loamy Soil,Moderate,Full Sun,High,Medium,Low,Low,Medium,Orchard,Yes,Commercial plum cultivation is common in hill districts.,,
Plum,India,Jammu and Kashmir,Asia,No,Commercial,Temperate,Summer,June-August,2,22,700,1400,50,75,1500,2800,Mountain Loamy Soil,Moderate,Full Sun,High,Medium,Low,Low,Medium,Orchard,Yes,Major temperate fruit crop in Kashmir Valley.,,
Plum,India,Uttarakhand,Asia,No,Commercial,Temperate,Summer,June-August,4,23,900,1600,55,80,1400,2600,Well-drained Loamy Soil,Moderate,Full Sun,High,Medium,Low,Low,Medium,Orchard,Yes,Grown widely in the Kumaon and Garhwal hills.,,
Plum,Serbia,Šumadija,Europe,No,Commercial,Continental,Summer,July-August,4,28,600,1000,45,70,200,800,Fertile Loamy Soil,Moderate,Full Sun,High,Medium,Low,Low,Medium,Orchard,Yes,Serbia is renowned for plum production and plum brandy.,,
Plum,Romania,Arge?,Europe,No,Commercial,Continental,Summer,July-August,4,28,500,900,45,70,300,900,Well-drained Loam,Moderate,Full Sun,High,Medium,Low,Low,Medium,Orchard,Yes,Plums are widely cultivated for fresh fruit and processing.,,
Plum,United States,California,North America,No,Commercial,Mediterranean,Summer,May-August,6,32,250,600,40,65,0,700,Sandy Loam,Moderate,Full Sun,Medium,High,Low,Low,Medium,Orchard,Yes,California is the leading plum-producing state in the U.S.,,
Plum,Chile,Maule,South America,No,Commercial,Mediterranean,Summer,December-February,5,28,300,700,40,65,200,900,Fertile Loamy Soil,Moderate,Full Sun,Medium,Medium,Low,Low,Medium,Orchard,Yes,Major exporter of fresh plums.,,
Plum,South Africa,Western Cape,Africa,No,Commercial,Mediterranean,Summer,December-February,5,28,300,700,40,65,100,800,Well-drained Loamy Soil,Moderate,Full Sun,Medium,Medium,Low,Low,Medium,Orchard,Yes,Produces export-quality plums.,,
Plum,Australia,Victoria,Oceania,No,Commercial,Temperate,Summer,December-February,5,27,500,900,45,70,100,700,Fertile Loamy Soil,Moderate,Full Sun,High,Medium,Low,Low,Medium,Orchard,Yes,Commercial plum production is concentrated in Victoria.,,
Cherry,Turkey,Konya,Asia,No,Commercial,Temperate,Summer,May-July,4,26,400,800,40,70,900,1800,Well-drained Loamy Soil,Moderate,Full Sun,High,Medium,Low,Low,Medium,Orchard,Yes,Turkey is the world's largest producer of sweet cherries.,,
Cherry,India,Jammu and Kashmir,Asia,No,Commercial,Temperate,Summer,May-July,2,22,700,1400,50,75,1500,2800,Fertile Loamy Soil,Moderate,Full Sun,High,Medium,Low,Low,Medium,Orchard,Yes,Main cherry-growing region in India.,,
Cherry,India,Himachal Pradesh,Asia,No,Commercial,Temperate,Summer,May-July,4,24,800,1500,50,75,1500,2700,Mountain Loamy Soil,Moderate,Full Sun,High,Medium,Low,Low,Medium,Orchard,Yes,Commercial cultivation in hill districts.,,
Cherry,United States,Washington,North America,No,Commercial,Temperate,Summer,June-August,5,28,300,700,40,65,200,1200,Well-drained Sandy Loam,Moderate,Full Sun,High,Medium,Low,Low,Medium,Orchard,Yes,Washington is the leading U.S. cherry-producing state.,,
Cherry,United States,California,North America,No,Commercial,Mediterranean,Spring,April-June,6,30,250,600,40,65,0,800,Sandy Loam,Moderate,Full Sun,Medium,High,Low,Low,Medium,Orchard,Yes,Produces high-quality early-season cherries.,,
Cherry,Italy,Emilia-Romagna,Europe,No,Commercial,Mediterranean,Summer,May-July,5,28,500,900,45,70,0,600,Fertile Loamy Soil,Moderate,Full Sun,Medium,Medium,Low,Low,Medium,Orchard,Yes,One of Italy's important cherry-growing regions.,,
Cherry,Spain,Aragon,Europe,No,Commercial,Mediterranean,Summer,May-July,5,30,300,700,40,65,100,700,Well-drained Loam,Moderate,Full Sun,Medium,Medium,Low,Low,Medium,Orchard,Yes,Famous for premium sweet cherries.,,
Cherry,Chile,Maule,South America,No,Commercial,Mediterranean,Summer,November-January,5,28,300,700,40,65,200,900,Loamy Soil,Moderate,Full Sun,Medium,Medium,Low,Low,Medium,Orchard,Yes,Major exporter to Asian markets.,,
Cherry,Canada,British Columbia,North America,No,Commercial,Temperate,Summer,June-August,4,26,400,900,45,70,300,1200,Well-drained Loamy Soil,Moderate,Full Sun,High,Medium,Low,Low,Medium,Orchard,Yes,Produces premium sweet cherries.,,
Cherry,Australia,Tasmania,Oceania,No,Commercial,Temperate,Summer,December-February,5,25,600,1000,50,75,100,700,Fertile Loamy Soil,Moderate,Full Sun,High,Medium,Low,Low,Medium,Orchard,Yes,Tasmania is Australia's leading cherry-producing region.,,
Grapes,India,Maharashtra,Asia,No,Commercial,Tropical,Winter,January-April,15,35,500,900,40,70,500,900,Well-drained Black Soil,Moderate,Full Sun,Medium,High,Medium,Low,Medium,Vineyard,Yes,Maharashtra is India's largest grape-producing state.,,
Grapes,India,Karnataka,Asia,No,Commercial,Tropical,Winter,January-April,16,34,600,900,40,70,500,900,Red Loamy Soil,Moderate,Full Sun,Medium,High,Medium,Low,Medium,Vineyard,Yes,Major producer of table grapes.,,
Grapes,India,Tamil Nadu,Asia,No,Commercial,Tropical,Winter,January-April,18,35,600,1000,45,70,300,700,Well-drained Loamy Soil,Moderate,Full Sun,Low,High,Medium,Low,Medium,Vineyard,Yes,Commercial cultivation is expanding in suitable regions.,,
Grapes,Italy,Sicily,Europe,No,Commercial,Mediterranean,Autumn,August-October,12,30,300,700,40,65,0,800,Calcareous Loam,Low,Full Sun,Medium,High,Medium,Low,Medium,Vineyard,Yes,Italy is one of the world's leading grape producers.,,
Grapes,France,Bordeaux,Europe,No,Commercial,Temperate,Autumn,September-October,10,28,600,900,50,75,0,500,Gravelly Loam,Moderate,Full Sun,High,Medium,Low,Low,Medium,Vineyard,Yes,World-famous wine grape region.,,
Grapes,Spain,La Rioja,Europe,No,Commercial,Mediterranean,Autumn,September-October,10,30,300,600,40,65,300,700,Well-drained Loamy Soil,Low,Full Sun,Medium,High,Medium,Low,Medium,Vineyard,Yes,Famous for premium wine grape cultivation.,,
Grapes,United States,California,North America,No,Commercial,Mediterranean,Autumn,August-October,10,32,200,600,35,60,0,800,Sandy Loam,Low,Full Sun,Medium,High,Medium,Low,Medium,Vineyard,Yes,California produces most of the U.S. grapes.,,
Grapes,Chile,Valparaíso,South America,No,Commercial,Mediterranean,Autumn,February-April,10,30,200,500,35,60,200,800,Well-drained Loamy Soil,Low,Full Sun,Medium,High,Medium,Low,Medium,Vineyard,Yes,Major exporter of table grapes.,,
Grapes,South Africa,Western Cape,Africa,No,Commercial,Mediterranean,Autumn,January-March,10,30,300,600,40,65,100,700,Loamy Soil,Low,Full Sun,Medium,High,Medium,Low,Medium,Vineyard,Yes,Leading grape-growing region in Africa.,,
Grapes,Australia,South Australia,Oceania,No,Commercial,Mediterranean,Autumn,February-April,10,30,250,600,35,60,100,600,Well-drained Sandy Loam,Low,Full Sun,Medium,High,Medium,Low,Medium,Vineyard,Yes,Known for high-quality wine and table grapes.,,
Black Grapes,India,Maharashtra,Asia,No,Commercial,Tropical,Winter,January-April,15,35,500,900,40,70,500,900,Well-drained Black Soil,Moderate,Full Sun,Medium,High,Medium,Low,Medium,Vineyard,Yes,Maharashtra is India's largest producer of black table grapes.,,
Black Grapes,India,Karnataka,Asia,No,Commercial,Tropical,Winter,January-April,16,34,600,900,40,70,500,900,Red Loamy Soil,Moderate,Full Sun,Medium,High,Medium,Low,Medium,Vineyard,Yes,Commercial cultivation is common in northern Karnataka.,,
Black Grapes,India,Tamil Nadu,Asia,No,Commercial,Tropical,Winter,January-April,18,35,600,1000,45,70,300,700,Well-drained Loamy Soil,Moderate,Full Sun,Low,High,Medium,Low,Medium,Vineyard,Yes,Grown under irrigated conditions for fresh markets.,,
Black Grapes,Italy,Sicily,Europe,No,Commercial,Mediterranean,Autumn,August-October,12,30,300,700,40,65,0,800,Calcareous Loam,Low,Full Sun,Medium,High,Medium,Low,Medium,Vineyard,Yes,Produces premium black wine and table grapes.,,
Black Grapes,France,Bordeaux,Europe,No,Commercial,Temperate,Autumn,September-October,10,28,600,900,50,75,0,500,Gravelly Loam,Moderate,Full Sun,High,Medium,Low,Low,Medium,Vineyard,Yes,Famous for black wine grape varieties.,,
Black Grapes,Spain,La Rioja,Europe,No,Commercial,Mediterranean,Autumn,September-October,10,30,300,600,40,65,300,700,Well-drained Loamy Soil,Low,Full Sun,Medium,High,Medium,Low,Medium,Vineyard,Yes,Major producer of black wine grapes.,,
Black Grapes,United States,California,North America,No,Commercial,Mediterranean,Autumn,August-October,10,32,200,600,35,60,0,800,Sandy Loam,Low,Full Sun,Medium,High,Medium,Low,Medium,Vineyard,Yes,California leads U.S. production of black grape varieties.,,
Black Grapes,Chile,Valparaíso,South America,No,Commercial,Mediterranean,Autumn,February-April,10,30,200,500,35,60,200,800,Well-drained Loamy Soil,Low,Full Sun,Medium,High,Medium,Low,Medium,Vineyard,Yes,Exports premium black table grapes worldwide.,,
Black Grapes,South Africa,Western Cape,Africa,No,Commercial,Mediterranean,Autumn,January-March,10,30,300,600,40,65,100,700,Loamy Soil,Low,Full Sun,Medium,High,Medium,Low,Medium,Vineyard,Yes,Important region for export-quality black grapes.,,
Black Grapes,Australia,South Australia,Oceania,No,Commercial,Mediterranean,Autumn,February-April,10,30,250,600,35,60,100,600,Well-drained Sandy Loam,Low,Full Sun,Medium,High,Medium,Low,Medium,Vineyard,Yes,Commercial cultivation supports both wine and table grape industries.,,
Green Grapes,India,Maharashtra,Asia,No,Commercial,Tropical,Winter,January-April,15,35,500,900,40,70,500,900,Well-drained Black Soil,Moderate,Full Sun,Medium,High,Medium,Low,Medium,Vineyard,Yes,Maharashtra is India's leading producer of green table grapes.,,
Green Grapes,India,Karnataka,Asia,No,Commercial,Tropical,Winter,January-April,16,34,600,900,40,70,500,900,Red Loamy Soil,Moderate,Full Sun,Medium,High,Medium,Low,Medium,Vineyard,Yes,Commercial vineyards produce premium seedless green grapes.,,
Green Grapes,India,Tamil Nadu,Asia,No,Commercial,Tropical,Winter,January-April,18,35,600,1000,45,70,300,700,Well-drained Loamy Soil,Moderate,Full Sun,Low,High,Medium,Low,Medium,Vineyard,Yes,Grown under irrigated conditions for domestic markets.,,
Green Grapes,Italy,Sicily,Europe,No,Commercial,Mediterranean,Autumn,August-October,12,30,300,700,40,65,0,800,Calcareous Loam,Low,Full Sun,Medium,High,Medium,Low,Medium,Vineyard,Yes,Produces premium green table and wine grapes.,,
Green Grapes,Spain,Murcia,Europe,No,Commercial,Mediterranean,Autumn,August-October,12,30,250,600,40,65,0,600,Sandy Loam,Low,Full Sun,Medium,High,Medium,Low,Medium,Vineyard,Yes,Major exporter of seedless green grapes.,,
Green Grapes,United States,California,North America,No,Commercial,Mediterranean,Autumn,August-October,10,32,200,600,35,60,0,800,Sandy Loam,Low,Full Sun,Medium,High,Medium,Low,Medium,Vineyard,Yes,California dominates U.S. green grape production.,,
Green Grapes,Chile,Valparaíso,South America,No,Commercial,Mediterranean,Autumn,February-April,10,30,200,500,35,60,200,800,Well-drained Loamy Soil,Low,Full Sun,Medium,High,Medium,Low,Medium,Vineyard,Yes,Leading exporter of fresh green grapes.,,
Green Grapes,South Africa,Western Cape,Africa,No,Commercial,Mediterranean,Autumn,January-March,10,30,300,600,40,65,100,700,Loamy Soil,Low,Full Sun,Medium,High,Medium,Low,Medium,Vineyard,Yes,Produces export-quality green table grapes.,,
Green Grapes,Australia,South Australia,Oceania,No,Commercial,Mediterranean,Autumn,February-April,10,30,250,600,35,60,100,600,Well-drained Sandy Loam,Low,Full Sun,Medium,High,Medium,Low,Medium,Vineyard,Yes,Commercial vineyards supply domestic and export markets.,,
Green Grapes,Greece,Crete,Europe,No,Commercial,Mediterranean,Autumn,August-October,12,30,300,700,40,65,0,700,Fertile Loamy Soil,Low,Full Sun,Medium,High,Medium,Low,Medium,Vineyard,Yes,Known for high-quality seedless green grape cultivation.,,
Blueberry,United States,Michigan,North America,No,Commercial,Temperate,Summer,June-August,7,28,700,1000,50,75,150,500,Acidic Sandy Loam,Moderate,Full Sun,High,Medium,Low,Low,Medium,Orchard,Yes,Michigan is one of the largest blueberry-producing states.,,
Blueberry,Canada,British Columbia,North America,No,Commercial,Temperate,Summer,July-August,5,25,800,1500,55,80,100,800,Acidic Loamy Soil,Moderate,Full Sun,High,Medium,Low,Low,Medium,Field,Yes,Major commercial blueberry-growing region.,,
Blueberry,Chile,Los Lagos,South America,No,Commercial,Temperate,Summer,December-February,6,24,800,1500,55,80,100,800,Acidic Volcanic Soil,Moderate,Full Sun,High,Medium,Low,Low,Medium,Plantation,Yes,Leading Southern Hemisphere exporter.,,
Blueberry,Peru,La Libertad,South America,No,Commercial,Subtropical,Year-round,August-December,12,28,100,300,40,65,0,500,Sandy Acidic Soil,Moderate,Full Sun,Low,Medium,Medium,Low,Medium,Plantation,Yes,Peru is one of the world's largest blueberry exporters.,,
Blueberry,Poland,Masovian Voivodeship,Europe,No,Commercial,Temperate,Summer,July-August,4,24,600,900,50,75,100,500,Acidic Loamy Soil,Moderate,Full Sun,High,Medium,Low,Low,Medium,Orchard,Yes,Poland is a leading European producer.,,
Blueberry,Germany,Lower Saxony,Europe,No,Commercial,Temperate,Summer,July-August,5,24,700,1000,55,80,0,300,Peaty Acidic Soil,Moderate,Full Sun,High,Medium,Low,Low,Medium,Field,Yes,Commercial cultivation is increasing.,,
Blueberry,New Zealand,Waikato,Oceania,No,Commercial,Temperate,Summer,December-February,6,24,900,1500,55,80,100,600,Acidic Sandy Loam,Moderate,Full Sun,High,Medium,Low,Low,Medium,Orchard,Yes,Produces premium export blueberries.,,
Blueberry,Australia,Tasmania,Oceania,No,Commercial,Temperate,Summer,December-February,5,24,700,1200,55,80,100,700,Acidic Loamy Soil,Moderate,Full Sun,High,Medium,Low,Low,Medium,Plantation,Yes,Tasmania is a major blueberry-growing region.,,
Blueberry,India,Himachal Pradesh,Asia,No,Commercial,Temperate,Summer,June-August,8,24,900,1500,55,80,1500,2500,Acidic Mountain Soil,Moderate,Full Sun,High,Medium,Low,Low,Medium,Orchard,Limited,Experimental commercial cultivation in cooler hill regions.,,
Blueberry,South Africa,Western Cape,Africa,No,Commercial,Mediterranean,Summer,November-January,8,26,400,800,45,70,200,900,Acidic Sandy Loam,Moderate,Full Sun,Medium,Medium,Low,Low,Medium,Plantation,Yes,Commercial production for export markets.,,
Raspberry,Russia,Altai Krai,Europe,Yes,Commercial,Temperate,Summer,June-August,4,24,500,900,50,75,300,1500,Well-drained Loamy Soil,Moderate,Full Sun,High,Medium,Low,Low,Medium,Orchard,Yes,Russia is one of the largest raspberry producers.,,
Raspberry,Poland,Lublin Voivodeship,Europe,No,Commercial,Temperate,Summer,June-August,5,24,600,900,50,75,100,500,Fertile Loamy Soil,Moderate,Full Sun,High,Medium,Low,Low,Medium,Field,Yes,Poland is Europe's leading raspberry producer.,,
Raspberry,Serbia,Šumadija,Europe,No,Commercial,Continental,Summer,June-August,5,26,600,1000,50,75,200,800,Well-drained Loamy Soil,Moderate,Full Sun,High,Medium,Low,Low,Medium,Orchard,Yes,Serbia is a major exporter of frozen raspberries.,,
Raspberry,United States,Washington,North America,No,Commercial,Temperate,Summer,June-August,6,28,600,900,50,75,100,700,Sandy Loam,Moderate,Full Sun,High,Medium,Low,Low,Medium,Field,Yes,Washington is a leading raspberry-producing state.,,
Raspberry,Canada,British Columbia,North America,No,Commercial,Temperate,Summer,July-August,5,24,800,1500,55,80,100,800,Well-drained Loamy Soil,Moderate,Full Sun,High,Medium,Low,Low,Medium,Plantation,Yes,Major commercial raspberry-growing region.,,
Raspberry,United Kingdom,Scotland,Europe,No,Commercial,Temperate,Summer,July-August,5,22,800,1500,60,85,0,500,Fertile Loamy Soil,Moderate,Full Sun,High,Low,Low,Low,Medium,Field,Yes,Scotland is known for premium raspberries.,,
Raspberry,Chile,Los Lagos,South America,No,Commercial,Temperate,Summer,December-February,6,24,800,1500,55,80,100,800,Volcanic Loamy Soil,Moderate,Full Sun,High,Medium,Low,Low,Medium,Plantation,Yes,Major Southern Hemisphere exporter.,,
Raspberry,New Zealand,Canterbury,Oceania,No,Commercial,Temperate,Summer,December-February,5,23,700,1200,55,80,200,800,Well-drained Loamy Soil,Moderate,Full Sun,High,Medium,Low,Low,Medium,Orchard,Yes,Commercial production for domestic and export markets.,,
Raspberry,Australia,Tasmania,Oceania,No,Commercial,Temperate,Summer,December-February,5,22,700,1200,55,80,100,700,Acidic Loamy Soil,Moderate,Full Sun,High,Medium,Low,Low,Medium,Plantation,Yes,Tasmania provides ideal cool conditions for raspberries.,,
Raspberry,India,Himachal Pradesh,Asia,No,Limited,Temperate,Summer,June-August,6,22,900,1500,55,80,1800,2800,Mountain Loamy Soil,Moderate,Full Sun,High,Low,Low,Low,Medium,Orchard,Limited,Experimental cultivation in high-altitude Himalayan regions.,,
Blackberry,United States,Oregon,North America,No,Commercial,Temperate,Summer,June-August,6,28,800,1500,55,80,0,1000,Well-drained Loamy Soil,Moderate,Full Sun,High,Medium,Low,Low,Medium,Orchard,Yes,Oregon is the leading blackberry-producing state in the U.S.,,
Blackberry,Mexico,Michoacán,North America,No,Commercial,Subtropical,Summer,May-July,10,28,700,1400,50,75,1200,2200,Volcanic Loamy Soil,Moderate,Full Sun,Medium,Medium,Low,Low,Medium,Plantation,Yes,Major exporter of fresh blackberries.,,
Blackberry,Serbia,Šumadija,Europe,No,Commercial,Continental,Summer,June-August,5,26,600,1000,50,75,200,800,Fertile Loamy Soil,Moderate,Full Sun,High,Medium,Low,Low,Medium,Orchard,Yes,Commercial cultivation for domestic use and export.,,
Blackberry,Poland,Lublin Voivodeship,Europe,No,Commercial,Temperate,Summer,June-August,5,24,600,900,50,75,100,500,Well-drained Loamy Soil,Moderate,Full Sun,High,Medium,Low,Low,Medium,Field,Yes,Important berry-growing region in Europe.,,
Blackberry,United Kingdom,England,Europe,No,Commercial,Temperate,Summer,July-August,5,22,700,1200,55,80,0,400,Loamy Soil,Moderate,Full Sun,High,Low,Low,Low,Medium,Orchard,Yes,Widely cultivated for fresh fruit and processing.,,
Blackberry,Chile,Los Lagos,South America,No,Commercial,Temperate,Summer,December-February,6,24,800,1500,55,80,100,800,Volcanic Loamy Soil,Moderate,Full Sun,High,Medium,Low,Low,Medium,Plantation,Yes,Major Southern Hemisphere producer.,,
Blackberry,New Zealand,Canterbury,Oceania,No,Commercial,Temperate,Summer,December-February,5,23,700,1200,55,80,200,800,Well-drained Loamy Soil,Moderate,Full Sun,High,Medium,Low,Low,Medium,Orchard,Yes,Commercial production in cool temperate regions.,,
Blackberry,Australia,Tasmania,Oceania,No,Commercial,Temperate,Summer,December-February,5,22,700,1200,55,80,100,700,Acidic Loamy Soil,Moderate,Full Sun,High,Medium,Low,Low,Medium,Plantation,Yes,Tasmania offers ideal conditions for blackberry cultivation.,,
Blackberry,South Africa,Western Cape,Africa,No,Commercial,Mediterranean,Summer,November-January,8,26,400,800,45,70,200,900,Well-drained Sandy Loam,Moderate,Full Sun,Medium,Medium,Low,Low,Medium,Plantation,Yes,Commercial production is expanding for export.,,
Blackberry,India,Himachal Pradesh,Asia,No,Limited,Temperate,Summer,June-August,6,22,900,1500,55,80,1800,2800,Mountain Loamy Soil,Moderate,Full Sun,High,Low,Low,Low,Medium,Orchard,Limited,Experimental cultivation in high-altitude Himalayan regions.,,
Gooseberry,India,Uttar Pradesh,Asia,Yes,Commercial,Tropical,Winter,October-February,18,38,600,1000,40,70,0,400,Well-drained Loamy Soil,Low,Full Sun,Medium,High,High,Low,Medium,Orchard,Yes,Uttar Pradesh is one of India's leading amla-producing states.,,
Gooseberry,India,Madhya Pradesh,Asia,Yes,Commercial,Tropical,Winter,October-February,18,40,500,900,35,65,300,700,Black Cotton Soil,Low,Full Sun,Medium,High,High,Low,Medium,Orchard,Yes,Large commercial plantations for medicinal and food industries.,,
Gooseberry,India,Rajasthan,Asia,Yes,Commercial,Arid,Winter,October-February,18,42,250,600,30,60,100,600,Sandy Loam,Low,Full Sun,Low,High,High,Low,Medium,Field,Yes,Thrives well in dry climates with minimal irrigation.,,
Gooseberry,India,Tamil Nadu,Asia,Yes,Commercial,Tropical,Winter,October-February,20,38,700,1200,45,75,0,600,Red Loamy Soil,Moderate,Full Sun,Low,High,Medium,Low,Medium,Orchard,Yes,Widely cultivated for Ayurvedic and food processing industries.,,
Gooseberry,India,Gujarat,Asia,Yes,Commercial,Semi-arid,Winter,October-February,20,40,400,800,35,65,0,500,Well-drained Sandy Loam,Low,Full Sun,Low,High,High,Low,Medium,Orchard,Yes,Commercial cultivation is increasing in dry regions.,,
Gooseberry,Nepal,Lumbini,Asia,Yes,Commercial,Subtropical,Winter,October-February,15,32,900,1500,50,75,200,1200,Loamy Soil,Moderate,Full Sun,Medium,Medium,Medium,Low,Medium,Orchard,Yes,Grown for traditional medicinal uses.,,
Gooseberry,Sri Lanka,Central Province,Asia,Yes,Commercial,Tropical,Winter,October-February,22,34,1500,2500,65,85,500,1200,Laterite Loam,Moderate,Full Sun,Low,Medium,Low,Low,Medium,Orchard,Yes,Cultivated for local consumption and herbal medicine.,,
Gooseberry,Bangladesh,Dhaka,Asia,Yes,Commercial,Tropical,Winter,October-February,22,34,1500,2500,65,85,0,300,Alluvial Loam,Moderate,Full Sun,Low,Medium,Low,Low,Medium,Field,Yes,Common fruit tree in rural orchards.,,
Gooseberry,Thailand,Chiang Mai,Asia,No,Commercial,Tropical,Winter,October-February,20,34,1000,1800,60,80,300,900,Loamy Soil,Moderate,Full Sun,Low,Medium,Medium,Low,Medium,Orchard,Yes,Cultivated in tropical fruit farms.,,
Gooseberry,Australia,Queensland,Oceania,No,Limited,Subtropical,Winter,April-August,18,30,700,1200,50,75,0,500,Sandy Loam,Moderate,Full Sun,Low,Medium,Medium,Low,Medium,Orchard,Limited,Limited cultivation in warm subtropical regions.,,
Fig,Turkey,Ayd?n,Asia,Yes,Commercial,Mediterranean,Summer,July-September,12,35,500,900,40,65,0,800,Well-drained Loamy Soil,Low,Full Sun,Medium,High,High,Low,Medium,Orchard,Yes,Turkey is the world's largest producer and exporter of dried figs.,,
Fig,India,Maharashtra,Asia,No,Commercial,Tropical,Summer,February-May,18,38,500,900,40,70,500,900,Black Cotton Soil,Low,Full Sun,Medium,High,High,Low,Medium,Orchard,Yes,Maharashtra is India's leading fig-producing state.,,
Fig,India,Karnataka,Asia,No,Commercial,Tropical,Summer,February-May,18,36,600,1000,45,70,500,900,Red Loamy Soil,Low,Full Sun,Medium,High,Medium,Low,Medium,Orchard,Yes,Commercial cultivation is increasing in southern districts.,,
Fig,Egypt,Giza,Africa,No,Commercial,Mediterranean,Summer,June-August,18,36,100,300,30,55,0,300,Sandy Loam,Low,Full Sun,Low,High,High,Low,Medium,Field,Yes,Extensively cultivated under irrigation.,,
Fig,Algeria,Blida,Africa,No,Commercial,Mediterranean,Summer,June-August,15,34,400,700,40,65,100,700,Well-drained Loamy Soil,Low,Full Sun,Medium,High,High,Low,Medium,Orchard,Yes,Important fruit crop in Mediterranean climates.,,
Fig,Spain,Andalusia,Europe,No,Commercial,Mediterranean,Summer,July-September,14,34,300,700,35,60,0,700,Calcareous Loam,Low,Full Sun,Medium,High,High,Low,Medium,Orchard,Yes,Produces high-quality fresh and dried figs.,,
Fig,Italy,Apulia,Europe,No,Commercial,Mediterranean,Summer,July-September,14,34,400,800,40,65,0,600,Well-drained Loamy Soil,Low,Full Sun,Medium,High,Medium,Low,Medium,Orchard,Yes,Traditional commercial fig-growing region.,,
Fig,United States,California,North America,No,Commercial,Mediterranean,Summer,June-August,15,36,200,600,35,60,0,700,Sandy Loam,Low,Full Sun,Medium,High,High,Low,Medium,Orchard,Yes,California is the primary fig-producing state in the U.S.,,
Fig,Greece,Peloponnese,Europe,No,Commercial,Mediterranean,Summer,July-September,14,33,400,700,40,65,100,800,Loamy Soil,Low,Full Sun,Medium,High,Medium,Low,Medium,Orchard,Yes,Known for premium-quality figs.,,
Fig,Australia,South Australia,Oceania,No,Commercial,Mediterranean,Summer,January-March,15,32,250,600,35,60,100,600,Well-drained Sandy Loam,Low,Full Sun,Medium,High,High,Low,Medium,Orchard,Yes,Commercial cultivation occurs in warm temperate regions.,,
Olive,Spain,Andalusia,Europe,Yes,Commercial,Mediterranean,Autumn,September-November,10,35,300,700,35,60,0,800,Well-drained Calcareous Loam,Low,Full Sun,Medium,High,High,Medium,High,Orchard,Yes,Andalusia is the world's largest olive-producing region.,,
Olive,Italy,Apulia,Europe,Yes,Commercial,Mediterranean,Autumn,September-November,10,34,400,800,40,65,0,700,Loamy Calcareous Soil,Low,Full Sun,Medium,High,High,Medium,Medium,Orchard,Yes,Apulia accounts for a significant share of Italy's olive oil production.,,
Olive,Greece,Peloponnese,Europe,Yes,Commercial,Mediterranean,Autumn,October-December,10,33,400,700,40,65,100,900,Well-drained Loamy Soil,Low,Full Sun,Medium,High,High,Medium,Medium,Orchard,Yes,Famous for premium olive oil production.,,
Olive,Turkey,?zmir,Asia,Yes,Commercial,Mediterranean,Autumn,October-December,10,34,500,900,40,65,0,800,Sandy Loam,Low,Full Sun,Medium,High,High,Medium,Medium,Orchard,Yes,Turkey is among the world's leading olive producers.,,
Olive,Tunisia,Sfax,Africa,Yes,Commercial,Mediterranean,Autumn,October-December,12,36,200,500,30,55,0,500,Sandy Calcareous Soil,Low,Full Sun,Low,High,High,High,High,Orchard,Yes,Tunisia is a major exporter of olive oil.,,
Olive,Morocco,Marrakesh-Safi,Africa,No,Commercial,Mediterranean,Autumn,October-November,10,35,250,600,30,55,200,900,Well-drained Loamy Soil,Low,Full Sun,Medium,High,High,Medium,Medium,Orchard,Yes,Commercial cultivation has expanded significantly.,,
Olive,Portugal,Alentejo,Europe,No,Commercial,Mediterranean,Autumn,October-December,10,34,300,700,35,60,100,600,Loamy Soil,Low,Full Sun,Medium,High,High,Medium,Medium,Orchard,Yes,Alentejo is Portugal's primary olive-growing region.,,
Olive,United States,California,North America,No,Commercial,Mediterranean,Autumn,September-November,10,36,200,600,30,55,0,800,Well-drained Sandy Loam,Low,Full Sun,Medium,High,High,Medium,Medium,Orchard,Yes,California dominates U.S. olive production.,,
Olive,Australia,South Australia,Oceania,No,Commercial,Mediterranean,Autumn,March-May,10,32,250,600,35,60,0,600,Loamy Soil,Low,Full Sun,Medium,High,High,Medium,Medium,Orchard,Yes,Commercial olive farming supports both table olives and olive oil.,,
Olive,India,Rajasthan,Asia,No,Commercial,Arid,Autumn,October-November,8,35,200,500,25,50,200,600,Sandy Loam,Low,Full Sun,Medium,High,High,Medium,High,Orchard,Limited,Olive cultivation is expanding in irrigated desert regions.,,
Date Palm,Saudi Arabia,Al-Qassim,Asia,Yes,Commercial,Arid,Summer,July-September,20,48,50,200,15,35,0,800,Sandy Loam,Low,Full Sun,Low,High,High,High,High,Orchard,Yes,Al-Qassim is one of the largest date-producing regions in Saudi Arabia.,,
Date Palm,Egypt,New Valley,Africa,No,Commercial,Arid,Summer,August-October,18,45,20,100,15,35,0,300,Sandy Soil,Low,Full Sun,Low,High,High,Medium,High,Plantation,Yes,Egypt is one of the world's largest producers of dates.,,
Date Palm,Iran,Kerman,Asia,Yes,Commercial,Arid,Summer,August-September,18,45,50,150,20,40,200,1000,Sandy Loam,Low,Full Sun,Low,High,High,Medium,High,Orchard,Yes,Kerman is a major date-growing province.,,
Date Palm,Iraq,Basra,Asia,Yes,Commercial,Arid,Summer,August-September,20,47,100,200,20,40,0,100,Silty Loam,Moderate,Full Sun,Low,High,Medium,Medium,Medium,Orchard,Yes,Basra has a long history of date cultivation.,,
Date Palm,United Arab Emirates,Abu Dhabi,Asia,No,Commercial,Desert,Summer,July-September,22,48,50,100,15,35,0,200,Sandy Soil,Low,Full Sun,Low,High,High,High,High,Plantation,Yes,Modern irrigation supports extensive date plantations.,,
Date Palm,Algeria,Biskra,Africa,No,Commercial,Desert,Autumn,September-October,18,45,50,150,20,40,100,400,Sandy Loam,Low,Full Sun,Low,High,High,Medium,High,Orchard,Yes,Biskra is famous for high-quality Deglet Noor dates.,,
Date Palm,Tunisia,Kebili,Africa,No,Commercial,Desert,Autumn,September-October,18,44,50,150,20,40,0,300,Sandy Soil,Low,Full Sun,Low,High,High,High,High,Orchard,Yes,Tunisia exports premium Deglet Noor dates worldwide.,,
Date Palm,Pakistan,Sindh,Asia,No,Commercial,Arid,Summer,July-September,20,46,100,250,20,45,0,300,Alluvial Sandy Loam,Moderate,Full Sun,Low,High,High,Medium,Medium,Orchard,Yes,Sindh is Pakistan's principal date-producing region.,,
Date Palm,India,Gujarat,Asia,No,Commercial,Arid,Summer,June-August,20,44,300,700,30,55,0,300,Sandy Loam,Low,Full Sun,Low,High,High,Medium,High,Orchard,Limited,Commercial cultivation is expanding in Kutch district.,,
Date Palm,United States,California,North America,No,Commercial,Desert,Summer,August-October,18,46,50,150,15,35,-50,200,Sandy Loam,Low,Full Sun,Low,High,High,Medium,Medium,Orchard,Yes,California's Coachella Valley is renowned for premium Medjool dates.,,
Passion Fruit,Brazil,Bahia,South America,Yes,Commercial,Tropical,Summer,December-March,18,32,1000,1800,60,85,0,800,Well-drained Loamy Soil,Moderate,Full Sun,Low,Medium,Medium,Low,Medium,Trellis,Yes,Brazil is the world's largest producer of passion fruit.,,
Passion Fruit,Colombia,Huila,South America,Yes,Commercial,Tropical,Year-round,January-December,16,28,1200,2000,65,85,800,2000,Volcanic Loam,Moderate,Full Sun,Low,Medium,Medium,Low,Medium,Trellis,Yes,Huila is a major commercial passion fruit region.,,
Passion Fruit,Peru,Cajamarca,South America,No,Commercial,Subtropical,Summer,November-February,15,28,800,1500,55,80,500,1800,Well-drained Loamy Soil,Moderate,Full Sun,Low,Medium,Medium,Low,Medium,Trellis,Yes,Large-scale cultivation for juice exports.,,
Passion Fruit,Kenya,Kiambu,Africa,No,Commercial,Subtropical,Year-round,January-December,15,28,900,1600,60,80,1200,2200,Fertile Loamy Soil,Moderate,Full Sun,Low,Medium,Medium,Low,Medium,Trellis,Yes,Kenya is one of Africa's leading exporters.,,
Passion Fruit,South Africa,KwaZulu-Natal,Africa,No,Commercial,Subtropical,Summer,December-March,16,30,800,1400,55,80,200,1200,Sandy Loam,Moderate,Full Sun,Low,Medium,Medium,Low,Medium,Trellis,Yes,Commercial cultivation supports fresh fruit markets.,,
Passion Fruit,India,Karnataka,Asia,No,Commercial,Tropical,Rainy,July-October,18,32,700,1200,55,80,600,1400,Red Loamy Soil,Moderate,Full Sun,Low,Medium,Medium,Low,Medium,Trellis,Yes,Karnataka is India's leading passion fruit-producing state.,,
Passion Fruit,India,Meghalaya,Asia,No,Commercial,Subtropical,Rainy,August-November,16,28,1500,2500,65,90,800,1800,Acidic Loamy Soil,High,Full Sun,Low,Medium,Low,Low,Medium,Trellis,Yes,Commercial cultivation is expanding in northeastern India.,,
Passion Fruit,Australia,Queensland,Oceania,No,Commercial,Subtropical,Summer,January-April,18,30,800,1500,60,85,0,800,Well-drained Sandy Loam,Moderate,Full Sun,Low,Medium,Medium,Low,Medium,Trellis,Yes,Queensland is Australia's primary passion fruit region.,,
Passion Fruit,New Zealand,Northland,Oceania,No,Commercial,Subtropical,Autumn,March-May,15,27,1000,1800,60,85,0,500,Well-drained Loamy Soil,Moderate,Full Sun,Low,Medium,Medium,Low,Medium,Trellis,Yes,Commercial production is concentrated in warmer northern regions.,,
Passion Fruit,Vietnam,Lam Dong,Asia,No,Commercial,Tropical,Year-round,January-December,16,28,1200,2000,60,85,800,1800,Volcanic Loamy Soil,Moderate,Full Sun,Low,Medium,Medium,Low,Medium,Trellis,Yes,Vietnam has rapidly expanded passion fruit cultivation for export.,,
Star Fruit,Malaysia,Selangor,Asia,Yes,Commercial,Tropical,Year-round,January-December,22,34,1800,2500,70,90,0,500,Well-drained Loamy Soil,Moderate,Full Sun,Low,Medium,Low,Low,Medium,Orchard,Yes,Malaysia is one of the native homes of star fruit and a major producer.,,
Star Fruit,India,Karnataka,Asia,No,Commercial,Tropical,Year-round,January-December,20,35,700,1200,55,80,300,900,Red Loamy Soil,Moderate,Full Sun,Low,High,Medium,Low,Medium,Orchard,Yes,Widely cultivated in southern India for fresh consumption.,,
Star Fruit,India,Kerala,Asia,No,Commercial,Tropical,Year-round,January-December,22,34,2000,3000,70,90,0,800,Laterite Loam,High,Full Sun,Low,Medium,Low,Low,Medium,Orchard,Yes,Thrives well in Kerala's humid tropical climate.,,
Star Fruit,Sri Lanka,Western Province,Asia,No,Commercial,Tropical,Year-round,January-December,22,33,1800,2500,70,90,0,500,Loamy Soil,Moderate,Full Sun,Low,Medium,Low,Low,Medium,Home Garden,Yes,Commonly cultivated in home gardens and orchards.,,
Star Fruit,Thailand,Chanthaburi,Asia,No,Commercial,Tropical,Year-round,January-December,23,35,1200,2000,65,85,0,400,Well-drained Sandy Loam,Moderate,Full Sun,Low,High,Medium,Low,Medium,Orchard,Yes,Major commercial fruit-growing province.,,
Star Fruit,Philippines,Laguna,Asia,No,Commercial,Tropical,Year-round,January-December,23,34,1800,2500,70,90,0,400,Volcanic Loamy Soil,Moderate,Full Sun,Low,Medium,Low,Low,Medium,Orchard,Yes,Commercial cultivation supplies domestic markets.,,
Star Fruit,Taiwan,Kaohsiung,Asia,No,Commercial,Subtropical,Autumn,August-November,18,32,1500,2200,60,85,0,600,Fertile Loamy Soil,Moderate,Full Sun,Low,Medium,Medium,Low,Medium,Orchard,Yes,Taiwan produces premium-quality star fruits.,,
Star Fruit,Brazil,São Paulo,South America,No,Commercial,Tropical,Summer,November-February,20,33,1000,1800,60,85,0,800,Well-drained Loamy Soil,Moderate,Full Sun,Low,Medium,Medium,Low,Medium,Orchard,Yes,Brazil has significant commercial cultivation.,,
Star Fruit,Australia,Queensland,Oceania,No,Commercial,Tropical,Summer,December-March,20,32,1000,1800,60,85,0,500,Sandy Loam,Moderate,Full Sun,Low,Medium,Medium,Low,Medium,Orchard,Yes,Queensland is Australia's main star fruit-producing region.,,
Star Fruit,United States,Florida,North America,No,Commercial,Tropical,Summer,June-September,20,34,1000,1600,60,85,0,100,Sandy Loam,Moderate,Full Sun,Low,High,Medium,Low,Medium,Orchard,Yes,South Florida supports commercial star fruit production.,,
Custard Apple,India,Maharashtra,Asia,No,Commercial,Tropical,Monsoon,August-October,20,38,600,1000,45,75,200,800,Well-drained Sandy Loam,Low,Full Sun,Low,High,High,Low,Medium,Orchard,Yes,Maharashtra is India's leading custard apple-producing state.,,
Custard Apple,India,Andhra Pradesh,Asia,No,Commercial,Tropical,Monsoon,August-October,22,38,700,1100,45,75,100,700,Red Loamy Soil,Moderate,Full Sun,Low,High,Medium,Low,Medium,Orchard,Yes,Widely cultivated in semi-arid regions under rainfed conditions.,,
Custard Apple,India,Telangana,Asia,No,Commercial,Tropical,Monsoon,August-October,22,39,600,1000,40,70,200,700,Black Cotton Soil,Low,Full Sun,Low,High,High,Low,Medium,Orchard,Yes,Commercial orchards supply fresh fruit markets.,,
Custard Apple,Brazil,Bahia,South America,No,Commercial,Tropical,Summer,December-March,22,34,1000,1800,60,85,0,700,Well-drained Loamy Soil,Moderate,Full Sun,Low,Medium,Medium,Low,Medium,Plantation,Yes,Brazil has extensive commercial cultivation of Annona species.,,
Custard Apple,Mexico,Veracruz,North America,Yes,Commercial,Tropical,Summer,July-October,22,34,1000,1800,60,85,0,1000,Volcanic Loamy Soil,Moderate,Full Sun,Low,Medium,Medium,Low,Medium,Orchard,Yes,Mexico is part of the native range of custard apple.,,
Custard Apple,Thailand,Chiang Mai,Asia,No,Commercial,Tropical,Rainy,August-November,22,34,1000,1800,60,85,300,900,Loamy Soil,Moderate,Full Sun,Low,Medium,Medium,Low,Medium,Orchard,Yes,Commercial cultivation supports domestic fruit markets.,,
Custard Apple,Philippines,Laguna,Asia,No,Commercial,Tropical,Year-round,January-December,23,34,1800,2500,70,90,0,500,Well-drained Loamy Soil,Moderate,Full Sun,Low,Medium,Low,Low,Medium,Home Garden,Yes,Common fruit tree in tropical orchards and home gardens.,,
Custard Apple,Sri Lanka,Central Province,Asia,No,Commercial,Tropical,Monsoon,August-November,22,33,1500,2500,65,90,200,900,Laterite Loam,Moderate,Full Sun,Low,Medium,Low,Low,Medium,Orchard,Yes,Cultivated for fresh fruit and local markets.,,
Custard Apple,Australia,Queensland,Oceania,No,Commercial,Subtropical,Summer,January-March,20,32,800,1500,55,80,0,600,Sandy Loam,Moderate,Full Sun,Low,Medium,Medium,Low,Medium,Orchard,Yes,Queensland supports commercial custard apple production.,,
Custard Apple,South Africa,Limpopo,Africa,No,Commercial,Subtropical,Summer,December-March,18,32,500,1000,50,75,300,1000,Well-drained Sandy Loam,Moderate,Full Sun,Low,Medium,Medium,Low,Medium,Orchard,Yes,Commercial cultivation is expanding in warm subtropical areas.,,
Persimmon,China,Shaanxi,Asia,Yes,Commercial,Temperate,Autumn,September-November,8,30,500,900,45,70,300,1200,Well-drained Loamy Soil,Moderate,Full Sun,Medium,Medium,Low,Low,Medium,Orchard,Yes,China is the world's largest producer of persimmons.,,
Persimmon,Japan,Wakayama,Asia,No,Commercial,Temperate,Autumn,October-November,7,28,1000,1800,55,80,0,800,Well-drained Sandy Loam,Moderate,Full Sun,Medium,Medium,Low,Low,Medium,Orchard,Yes,Wakayama is renowned for high-quality persimmons.,,
Persimmon,South Korea,Gyeongsangbuk-do,Asia,No,Commercial,Temperate,Autumn,September-November,6,28,800,1400,50,75,100,700,Fertile Loamy Soil,Moderate,Full Sun,Medium,Medium,Low,Low,Medium,Orchard,Yes,Major commercial persimmon-growing province.,,
Persimmon,Spain,Valencia,Europe,No,Commercial,Mediterranean,Autumn,October-November,10,32,300,700,40,65,0,500,Well-drained Loamy Soil,Low,Full Sun,Low,High,Medium,Low,Medium,Orchard,Yes,Valencia produces the famous Rojo Brillante persimmon.,,
Persimmon,Italy,Campania,Europe,No,Commercial,Mediterranean,Autumn,October-November,10,30,500,900,45,70,0,600,Volcanic Loamy Soil,Moderate,Full Sun,Medium,Medium,Low,Low,Medium,Orchard,Yes,Traditional persimmon-growing region.,,
Persimmon,Brazil,São Paulo,South America,No,Commercial,Subtropical,Autumn,March-May,15,30,1000,1600,60,80,0,800,Well-drained Loamy Soil,Moderate,Full Sun,Low,Medium,Medium,Low,Medium,Orchard,Yes,Brazil is a leading Southern Hemisphere producer.,,
Persimmon,United States,California,North America,No,Commercial,Mediterranean,Autumn,September-November,10,34,200,600,35,60,0,800,Sandy Loam,Low,Full Sun,Low,High,Medium,Low,Medium,Orchard,Yes,California dominates U.S. persimmon production.,,
Persimmon,Australia,Victoria,Oceania,No,Commercial,Temperate,Autumn,April-May,8,28,500,900,45,70,100,700,Loamy Soil,Moderate,Full Sun,Medium,Medium,Low,Low,Medium,Orchard,Yes,Commercial orchards supply domestic markets.,,
Persimmon,New Zealand,Hawke's Bay,Oceania,No,Commercial,Temperate,Autumn,April-May,8,26,700,1200,50,75,0,500,Well-drained Loamy Soil,Moderate,Full Sun,Medium,Medium,Low,Low,Medium,Orchard,Yes,Persimmons are grown in warm temperate regions.,,
Persimmon,India,Himachal Pradesh,Asia,No,Limited,Temperate,Autumn,October-November,6,26,900,1500,50,80,1200,2200,Mountain Loamy Soil,Moderate,Full Sun,Medium,Low,Low,Low,Medium,Orchard,Limited,Experimental cultivation is expanding in Himalayan regions.,,
Cranberry,United States,Wisconsin,North America,Yes,Commercial,Temperate,Autumn,September-November,2,25,700,1200,55,85,200,500,Acidic Peaty Soil,High,Full Sun,High,Low,Low,Low,Medium,Bog Cultivation,Yes,Wisconsin produces over half of the U.S. cranberry crop.,,
Cranberry,Canada,British Columbia,North America,No,Commercial,Temperate,Autumn,September-October,2,22,800,1500,60,85,100,400,Acidic Peat Soil,High,Full Sun,High,Low,Low,Low,Medium,Bog Cultivation,Yes,Major cranberry-growing province in Canada.,,
Cranberry,Canada,Quebec,North America,No,Commercial,Temperate,Autumn,September-October,1,22,800,1400,60,85,100,300,Acidic Sandy Peat,High,Full Sun,High,Low,Low,Low,Medium,Bog Cultivation,Yes,Large commercial farms supply domestic and export markets.,,
Cranberry,United States,Massachusetts,North America,Yes,Commercial,Temperate,Autumn,September-October,2,24,900,1300,60,85,0,200,Acidic Peaty Soil,High,Full Sun,High,Low,Low,Low,Medium,Bog Cultivation,Yes,Historic cranberry-producing region.,,
Cranberry,United States,New Jersey,North America,Yes,Commercial,Temperate,Autumn,September-October,3,26,900,1300,60,85,0,200,Acidic Sandy Peat,High,Full Sun,High,Low,Low,Low,Medium,Bog Cultivation,Yes,Produces cranberries for juice and processed foods.,,
Cranberry,Chile,Los Lagos,South America,No,Commercial,Temperate,Autumn,March-May,5,22,900,1500,60,85,100,600,Acidic Peaty Soil,High,Full Sun,Medium,Low,Low,Low,Medium,Bog Cultivation,Yes,Commercial production supports Southern Hemisphere supply.,,
Cranberry,Latvia,Vidzeme,Europe,No,Commercial,Temperate,Autumn,September-October,1,21,700,1100,60,85,0,300,Peaty Soil,High,Full Sun,High,Low,Low,Low,Medium,Bog Cultivation,Limited,Cranberries are cultivated alongside wild harvesting.,,
Cranberry,Lithuania,Aukštaitija,Europe,No,Commercial,Temperate,Autumn,September-October,1,22,700,1200,60,85,0,300,Acidic Peat Soil,High,Full Sun,High,Low,Low,Low,Medium,Bog Cultivation,Limited,Small-scale commercial cultivation exists.,,
Cranberry,Belarus,Minsk Region,Europe,No,Commercial,Temperate,Autumn,September-October,0,22,600,1100,60,85,100,300,Peaty Marsh Soil,High,Full Sun,High,Low,Low,Low,Medium,Bog Cultivation,Limited,Cranberries thrive in natural peat bogs.,,
Cranberry,Poland,Pomeranian Voivodeship,Europe,No,Commercial,Temperate,Autumn,September-October,2,23,700,1200,60,85,0,300,Acidic Peaty Soil,High,Full Sun,High,Low,Low,Low,Medium,Bog Cultivation,Limited,Commercial cultivation is gradually expanding.,,
Mulberry,China,Shandong,Asia,Yes,Commercial,Temperate,Spring,April-June,8,30,600,1000,45,75,0,800,Well-drained Loamy Soil,Moderate,Full Sun,Medium,Medium,Medium,Low,Medium,Orchard,Yes,China is the world's largest producer of mulberries and supports the silk industry.,,
Mulberry,India,Karnataka,Asia,No,Commercial,Tropical,Spring,March-May,18,36,600,1000,45,75,500,900,Red Loamy Soil,Moderate,Full Sun,Low,High,Medium,Low,Medium,Orchard,Yes,Karnataka is a major mulberry-growing state for sericulture.,,
Mulberry,India,Tamil Nadu,Asia,No,Commercial,Tropical,Spring,March-May,20,38,700,1200,50,80,0,700,Red Sandy Loam,Moderate,Full Sun,Low,High,Medium,Low,Medium,Field,Yes,Widely cultivated to support silkworm rearing.,,
Mulberry,Turkey,Bursa,Asia,No,Commercial,Mediterranean,Spring,May-June,10,32,500,900,45,70,100,800,Well-drained Loamy Soil,Moderate,Full Sun,Medium,Medium,Medium,Low,Medium,Orchard,Yes,Bursa is famous for high-quality black mulberries.,,
Mulberry,Iran,Khorasan Razavi,Asia,No,Commercial,Semi-arid,Spring,May-June,10,34,250,500,35,60,500,1500,Sandy Loam,Low,Full Sun,Medium,High,High,Low,Medium,Orchard,Yes,Mulberries are widely grown for fresh fruit and drying.,,
Mulberry,Uzbekistan,Tashkent,Asia,No,Commercial,Continental,Spring,May-June,8,36,200,500,35,60,300,1200,Loamy Soil,Low,Full Sun,Medium,High,High,Low,Medium,Orchard,Yes,Mulberries are an important traditional fruit crop.,,
Mulberry,Italy,Emilia-Romagna,Europe,No,Commercial,Temperate,Spring,May-June,8,30,600,1000,45,75,0,600,Fertile Loamy Soil,Moderate,Full Sun,Medium,Medium,Medium,Low,Medium,Orchard,Limited,Historically cultivated for silk production.,,
Mulberry,United States,California,North America,No,Commercial,Mediterranean,Spring,May-June,10,35,300,700,35,65,0,700,Sandy Loam,Low,Full Sun,Medium,High,Medium,Low,Medium,Orchard,Limited,Commercial cultivation is limited but expanding.,,
Mulberry,Greece,Central Macedonia,Europe,No,Commercial,Mediterranean,Spring,May-June,10,32,400,800,40,70,0,600,Loamy Soil,Moderate,Full Sun,Medium,Medium,Medium,Low,Medium,Orchard,Limited,Grown for fruit and traditional sericulture.,,
Mulberry,Brazil,Rio Grande do Sul,South America,No,Commercial,Subtropical,Spring,October-December,15,32,900,1500,55,80,0,700,Well-drained Loamy Soil,Moderate,Full Sun,Low,Medium,Medium,Low,Medium,Orchard,Limited,Cultivated for fruit production and silkworm farming.,,
Apricot,Turkey,Malatya,Asia,Yes,Commercial,Temperate,Summer,June-August,5,30,300,700,35,65,800,1800,Well-drained Loamy Soil,Low,Full Sun,High,Medium,Medium,Low,Medium,Orchard,Yes,Malatya is the world's leading apricot-producing region.,,
Apricot,Iran,East Azerbaijan,Asia,No,Commercial,Continental,Summer,June-July,4,30,250,600,35,60,1000,2200,Loamy Soil,Low,Full Sun,High,Medium,Medium,Low,Medium,Orchard,Yes,Iran is one of the world's largest apricot producers.,,
Apricot,Uzbekistan,Samarkand,Asia,No,Commercial,Continental,Summer,June-July,5,32,200,500,30,55,500,1500,Well-drained Sandy Loam,Low,Full Sun,High,High,Medium,Low,Medium,Orchard,Yes,Apricots are widely cultivated for fresh fruit and drying.,,
Apricot,Italy,Emilia-Romagna,Europe,No,Commercial,Mediterranean,Summer,June-July,6,30,500,900,40,70,0,600,Fertile Loamy Soil,Moderate,Full Sun,Medium,Medium,Medium,Low,Medium,Orchard,Yes,One of Italy's major apricot-growing regions.,,
Apricot,Spain,Murcia,Europe,No,Commercial,Mediterranean,Summer,May-July,7,32,250,500,35,60,0,700,Calcareous Loam,Low,Full Sun,Medium,High,Medium,Low,Medium,Orchard,Yes,Murcia is a major apricot-exporting region.,,
Apricot,France,Rhône-Alpes,Europe,No,Commercial,Temperate,Summer,June-July,5,28,600,900,45,70,200,800,Loamy Soil,Moderate,Full Sun,High,Medium,Low,Low,Medium,Orchard,Yes,Famous for premium dessert apricots.,,
Apricot,China,Xinjiang,Asia,No,Commercial,Arid,Summer,June-August,6,34,100,300,25,50,800,1800,Sandy Loam,Low,Full Sun,High,High,High,Low,Medium,Orchard,Yes,Xinjiang is one of China's largest apricot-producing areas.,,
Apricot,Pakistan,Gilgit-Baltistan,Asia,No,Commercial,Mountain,Summer,June-August,4,26,200,500,35,60,1500,2500,Mountain Loamy Soil,Low,Full Sun,High,Low,Medium,Low,Medium,Orchard,Yes,High-altitude valleys produce excellent-quality apricots.,,
Apricot,United States,California,North America,No,Commercial,Mediterranean,Summer,May-July,7,34,200,600,35,60,0,800,Sandy Loam,Low,Full Sun,Medium,High,Medium,Low,Medium,Orchard,Yes,California accounts for most U.S. apricot production.,,
Apricot,India,Himachal Pradesh,Asia,No,Commercial,Temperate,Summer,June-July,4,26,800,1400,45,70,1200,2500,Mountain Loamy Soil,Moderate,Full Sun,High,Low,Low,Low,Medium,Orchard,Limited,Commercial cultivation is concentrated in Himalayan hill districts.,,
Nectarine,China,Hebei,Asia,No,Commercial,Temperate,Summer,June-August,7,30,500,900,45,70,100,1200,Well-drained Loamy Soil,Moderate,Full Sun,Medium,Medium,Low,Low,Medium,Orchard,Yes,China is the world's largest producer of nectarines.,,
Nectarine,Spain,Murcia,Europe,No,Commercial,Mediterranean,Summer,May-July,8,32,250,500,35,60,0,700,Calcareous Loam,Low,Full Sun,Medium,High,Medium,Low,Medium,Orchard,Yes,Murcia is a leading nectarine-exporting region.,,
Nectarine,Italy,Emilia-Romagna,Europe,No,Commercial,Mediterranean,Summer,June-August,7,31,500,900,40,70,0,600,Fertile Loamy Soil,Moderate,Full Sun,Medium,Medium,Medium,Low,Medium,Orchard,Yes,Produces premium fresh-market nectarines.,,
Nectarine,Greece,Central Macedonia,Europe,No,Commercial,Mediterranean,Summer,June-August,7,32,400,800,40,65,0,700,Well-drained Loamy Soil,Moderate,Full Sun,Medium,High,Medium,Low,Medium,Orchard,Yes,Greece is a significant European nectarine producer.,,
Nectarine,United States,California,North America,No,Commercial,Mediterranean,Summer,May-August,8,35,200,600,35,60,0,800,Sandy Loam,Low,Full Sun,Medium,High,Medium,Low,Medium,Orchard,Yes,California produces the majority of U.S. nectarines.,,
Nectarine,France,Occitanie,Europe,No,Commercial,Temperate,Summer,June-August,6,29,500,900,45,70,100,700,Loamy Soil,Moderate,Full Sun,Medium,Medium,Low,Low,Medium,Orchard,Yes,Known for high-quality dessert nectarines.,,
Nectarine,Chile,O'Higgins,South America,No,Commercial,Mediterranean,Summer,December-February,8,30,300,700,40,65,100,700,Well-drained Loamy Soil,Moderate,Full Sun,Medium,Medium,Medium,Low,Medium,Orchard,Yes,Major Southern Hemisphere exporter.,,
Nectarine,Australia,Victoria,Oceania,No,Commercial,Temperate,Summer,December-February,7,30,500,900,45,70,100,700,Loamy Soil,Moderate,Full Sun,Medium,Medium,Low,Low,Medium,Orchard,Yes,Victoria is Australia's primary nectarine-growing region.,,
Nectarine,South Africa,Western Cape,Africa,No,Commercial,Mediterranean,Summer,November-January,8,30,300,700,40,65,100,700,Sandy Loam,Moderate,Full Sun,Medium,High,Medium,Low,Medium,Orchard,Yes,Produces nectarines for both domestic and export markets.,,
Nectarine,India,Himachal Pradesh,Asia,No,Limited,Temperate,Summer,June-August,5,26,800,1400,45,70,1200,2500,Mountain Loamy Soil,Moderate,Full Sun,High,Low,Low,Low,Medium,Orchard,Limited,Experimental and small-scale commercial cultivation in Himalayan regions.,,
Pomelo,China,Fujian,Asia,Yes,Commercial,Subtropical,Autumn,September-November,15,32,1000,1800,60,85,0,800,Well-drained Loamy Soil,Moderate,Full Sun,Low,Medium,Medium,Low,Medium,Orchard,Yes,China is the world's largest producer of pomelos.,,
Pomelo,Thailand,Nakhon Pathom,Asia,No,Commercial,Tropical,Autumn,August-October,22,34,1200,2000,65,90,0,300,Sandy Loam,Moderate,Full Sun,Low,High,Medium,Low,Medium,Orchard,Yes,Thailand exports premium pomelo varieties worldwide.,,
Pomelo,Vietnam,B?n Tre,Asia,No,Commercial,Tropical,Autumn,September-November,22,34,1400,2200,65,90,0,300,Alluvial Loam,Moderate,Full Sun,Low,High,Medium,Low,Medium,Orchard,Yes,B?n Tre is well known for high-quality pomelo cultivation.,,
Pomelo,Malaysia,Perak,Asia,No,Commercial,Tropical,Year-round,January-December,23,34,1800,2500,70,90,0,400,Well-drained Loamy Soil,Moderate,Full Sun,Low,Medium,Low,Low,Medium,Orchard,Yes,Commercial orchards produce fruit for domestic and export markets.,,
Pomelo,India,Tamil Nadu,Asia,No,Commercial,Tropical,Autumn,September-November,22,36,700,1200,55,80,0,600,Red Loamy Soil,Moderate,Full Sun,Low,High,Medium,Low,Medium,Orchard,Yes,Cultivated in southern districts for fresh fruit markets.,,
Pomelo,India,Assam,Asia,No,Commercial,Humid Subtropical,Autumn,September-November,18,32,1500,2500,65,90,100,800,Alluvial Loamy Soil,High,Full Sun,Low,Medium,Low,Low,Medium,Orchard,Yes,Popular citrus fruit in northeastern India.,,
Pomelo,Indonesia,West Java,Asia,No,Commercial,Tropical,Year-round,January-December,22,33,1800,3000,70,90,0,700,Volcanic Loamy Soil,Moderate,Full Sun,Low,Medium,Low,Low,Medium,Orchard,Yes,Commercial cultivation supports domestic demand.,,
Pomelo,Philippines,Davao Region,Asia,No,Commercial,Tropical,Autumn,August-November,23,34,1800,2500,70,90,0,600,Fertile Loamy Soil,Moderate,Full Sun,Low,Medium,Low,Low,Medium,Orchard,Yes,Davao is a major citrus-growing region.,,
Pomelo,United States,Florida,North America,No,Commercial,Subtropical,Autumn,October-December,18,33,1000,1600,60,85,0,100,Sandy Loam,Moderate,Full Sun,Low,High,Medium,Low,Medium,Orchard,Limited,Small-scale commercial cultivation occurs in southern Florida.,,
Pomelo,Israel,Galilee,Asia,No,Commercial,Mediterranean,Autumn,October-November,12,30,400,800,45,70,0,500,Well-drained Loamy Soil,Low,Full Sun,Low,Medium,Medium,Low,Medium,Orchard,Yes,Produces premium citrus fruits including pomelo for export.,,
Mangosteen,Indonesia,West Java,Asia,Yes,Commercial,Tropical,Monsoon,May-August,22,34,1800,3000,70,95,0,800,Well-drained Loamy Soil,High,Partial Shade,Low,Medium,Low,Low,Medium,Orchard,Yes,Indonesia is one of the world's largest mangosteen producers and exporters.,,
Mangosteen,Thailand,Chanthaburi,Asia,No,Commercial,Tropical,Monsoon,May-August,22,35,1500,2500,70,90,0,500,Deep Loamy Soil,High,Partial Shade,Low,High,Low,Low,Medium,Orchard,Yes,Chanthaburi is Thailand's leading mangosteen-producing province.,,
Mangosteen,Malaysia,Pahang,Asia,Yes,Commercial,Tropical,Year-round,January-December,23,33,2000,3000,75,95,0,600,Well-drained Lateritic Soil,High,Partial Shade,Low,Medium,Low,Low,Medium,Orchard,Yes,Mangosteen is widely cultivated for domestic use and export.,,
Mangosteen,Philippines,Davao Region,Asia,No,Commercial,Tropical,Monsoon,June-August,23,34,1800,2800,70,90,0,700,Fertile Loamy Soil,High,Partial Shade,Low,Medium,Low,Low,Medium,Orchard,Yes,Davao has favorable conditions for commercial mangosteen cultivation.,,
Mangosteen,India,Kerala,Asia,No,Commercial,Tropical,Monsoon,June-August,22,34,2000,3500,75,95,0,800,Laterite Loam,High,Partial Shade,Low,Medium,Low,Low,Medium,Orchard,Limited,Cultivated in humid regions of Kerala.,,
Mangosteen,India,Tamil Nadu,Asia,No,Commercial,Tropical,Monsoon,June-August,22,36,900,1600,60,85,300,900,Red Loamy Soil,Moderate,Partial Shade,Low,High,Medium,Low,Medium,Orchard,Limited,Commercial cultivation is increasing in the Western Ghats.,,
Mangosteen,Sri Lanka,Central Province,Asia,No,Commercial,Tropical,Monsoon,June-August,22,32,1800,3000,75,95,300,1200,Well-drained Loamy Soil,High,Partial Shade,Low,Medium,Low,Low,Medium,Orchard,Yes,Commonly cultivated in the wet zone.,,
Mangosteen,Vietnam,??ng Nai,Asia,No,Commercial,Tropical,Rainy,May-August,23,34,1600,2500,70,90,0,400,Alluvial Loam,High,Partial Shade,Low,Medium,Low,Low,Medium,Orchard,Yes,Commercial orchards supply domestic and export markets.,,
Mangosteen,Brazil,Bahia,South America,No,Commercial,Tropical,Summer,December-March,22,33,1200,2200,65,90,0,700,Well-drained Loamy Soil,Moderate,Partial Shade,Low,Medium,Medium,Low,Medium,Orchard,Limited,Grown in tropical fruit plantations.,,
Mangosteen,Australia,Queensland,Oceania,No,Commercial,Tropical,Summer,December-February,22,32,1200,2000,65,90,0,500,Sandy Loam,Moderate,Partial Shade,Low,Medium,Medium,Low,Medium,Orchard,Limited,Limited commercial cultivation in tropical northern Queensland.,,
Durian,Thailand,Chanthaburi,Asia,No,Commercial,Tropical,Summer,May-August,22,35,1500,2500,70,95,0,600,Well-drained Loamy Soil,High,Full Sun,Low,Medium,Low,Low,Medium,Orchard,Yes,Thailand is the world's largest exporter of durian.,,
Durian,Malaysia,Pahang,Asia,Yes,Commercial,Tropical,Year-round,June-August,23,34,2000,3000,75,95,0,800,Deep Loamy Soil,High,Full Sun,Low,Medium,Low,Low,Medium,Orchard,Yes,Malaysia is renowned for premium Musang King durians.,,
Durian,Indonesia,West Java,Asia,No,Commercial,Tropical,Rainy,December-March,22,34,1800,3000,70,95,0,700,Volcanic Loamy Soil,High,Full Sun,Low,Medium,Low,Low,Medium,Orchard,Yes,Indonesia has extensive commercial durian cultivation.,,
Durian,Vietnam,Ti?n Giang,Asia,No,Commercial,Tropical,Rainy,May-August,22,34,1600,2500,70,90,0,400,Alluvial Loam,High,Full Sun,Low,Medium,Low,Low,Medium,Orchard,Yes,Vietnam is rapidly expanding durian exports.,,
Durian,Philippines,Davao Region,Asia,No,Commercial,Tropical,Year-round,August-October,23,34,1800,2800,70,90,0,700,Fertile Loamy Soil,High,Full Sun,Low,Medium,Low,Low,Medium,Orchard,Yes,Davao is the country's leading durian-producing region.,,
Durian,India,Kerala,Asia,No,Commercial,Tropical,Monsoon,June-August,22,34,2000,3500,75,95,0,900,Laterite Loam,High,Full Sun,Low,Medium,Low,Low,Medium,Orchard,Limited,Cultivated in humid regions of Kerala.,,
Durian,India,Karnataka,Asia,No,Commercial,Tropical,Monsoon,June-August,21,34,1200,2500,65,90,300,900,Red Loamy Soil,Moderate,Full Sun,Low,Medium,Medium,Low,Medium,Orchard,Limited,Small-scale commercial cultivation in the Western Ghats.,,
Durian,Sri Lanka,Sabaragamuwa,Asia,No,Commercial,Tropical,Monsoon,June-August,22,33,2000,3500,75,95,100,900,Well-drained Loamy Soil,High,Full Sun,Low,Medium,Low,Low,Medium,Orchard,Limited,Grown in humid tropical regions.,,
Durian,Australia,Queensland,Oceania,No,Commercial,Tropical,Summer,December-February,22,32,1200,2200,65,90,0,500,Sandy Loam,Moderate,Full Sun,Low,Medium,Medium,Low,Medium,Orchard,Limited,Commercial cultivation is concentrated in tropical north Queensland.,,
Durian,Brazil,Bahia,South America,No,Commercial,Tropical,Summer,December-March,22,33,1200,2200,65,90,0,700,Well-drained Loamy Soil,Moderate,Full Sun,Low,Medium,Medium,Low,Medium,Orchard,Limited,Experimental and small-scale commercial cultivation in tropical regions.,,
Rambutan,Malaysia,Johor,Asia,Yes,Commercial,Tropical,Monsoon,June-September,22,34,1800,3000,70,95,0,600,Well-drained Loamy Soil,High,Full Sun,Low,Medium,Low,Low,Medium,Orchard,Yes,Malaysia is one of the native homes of rambutan and a major commercial producer.,,
Rambutan,Indonesia,West Java,Asia,Yes,Commercial,Tropical,Rainy,December-March,22,34,1800,3000,70,95,0,800,Volcanic Loamy Soil,High,Full Sun,Low,Medium,Low,Low,Medium,Orchard,Yes,Indonesia has extensive commercial rambutan orchards.,,
Rambutan,Thailand,Chanthaburi,Asia,No,Commercial,Tropical,Summer,May-August,22,35,1500,2500,70,90,0,500,Deep Loamy Soil,High,Full Sun,Low,High,Low,Low,Medium,Orchard,Yes,Chanthaburi is a major rambutan-producing province.,,
Rambutan,Philippines,Davao Region,Asia,No,Commercial,Tropical,Year-round,July-October,23,34,1800,2800,70,90,0,700,Fertile Loamy Soil,High,Full Sun,Low,Medium,Low,Low,Medium,Orchard,Yes,Davao supports large-scale commercial rambutan production.,,
Rambutan,Vietnam,??ng Nai,Asia,No,Commercial,Tropical,Rainy,May-August,22,34,1600,2500,70,90,0,400,Alluvial Loam,High,Full Sun,Low,Medium,Low,Low,Medium,Orchard,Yes,Commercial orchards supply domestic and export markets.,,
Rambutan,India,Kerala,Asia,No,Commercial,Tropical,Monsoon,June-August,22,34,2000,3500,75,95,0,900,Laterite Loam,High,Full Sun,Low,Medium,Low,Low,Medium,Orchard,Limited,Cultivated in humid tropical regions of Kerala.,,
Rambutan,India,Karnataka,Asia,No,Commercial,Tropical,Monsoon,June-August,21,34,1200,2500,65,90,300,900,Red Loamy Soil,Moderate,Full Sun,Low,Medium,Medium,Low,Medium,Orchard,Limited,Small-scale cultivation in the Western Ghats.,,
Rambutan,Sri Lanka,Sabaragamuwa,Asia,No,Commercial,Tropical,Monsoon,June-August,22,33,2000,3500,75,95,100,900,Well-drained Loamy Soil,High,Full Sun,Low,Medium,Low,Low,Medium,Orchard,Yes,Rambutan is widely grown for domestic consumption.,,
Rambutan,Australia,Queensland,Oceania,No,Commercial,Tropical,Summer,December-February,22,32,1200,2200,65,90,0,500,Sandy Loam,Moderate,Full Sun,Low,Medium,Medium,Low,Medium,Orchard,Limited,Commercial cultivation occurs in tropical north Queensland.,,
Rambutan,Costa Rica,Limón,North America,No,Commercial,Tropical,Rainy,July-October,22,33,2500,4000,75,95,0,500,Well-drained Loamy Soil,High,Full Sun,Low,Medium,Low,Low,Medium,Orchard,Yes,Costa Rica exports fresh rambutan to international markets.,,
Breadfruit,Papua New Guinea,East Sepik,Oceania,Yes,Commercial,Tropical,Year-round,January-December,22,34,2000,4000,70,95,0,1200,Well-drained Loamy Soil,High,Full Sun,Low,Medium,Low,Medium,Medium,Orchard,Yes,Papua New Guinea is part of the native range of breadfruit.,,
Breadfruit,Fiji,Central Division,Oceania,Yes,Commercial,Tropical,Year-round,January-December,22,32,2000,3500,75,95,0,800,Volcanic Loamy Soil,High,Full Sun,Low,Medium,Low,Medium,High,Home Garden,Yes,Breadfruit is a traditional staple crop in Fiji.,,
Breadfruit,Samoa,Upolu,Oceania,Yes,Commercial,Tropical,Year-round,January-December,23,32,2500,4000,75,95,0,600,Well-drained Loamy Soil,High,Full Sun,Low,Medium,Low,Medium,High,Agroforestry,Yes,Widely cultivated for food security and local markets.,,
Breadfruit,Indonesia,Maluku,Asia,No,Commercial,Tropical,Year-round,January-December,23,34,1800,3000,70,95,0,800,Volcanic Loamy Soil,High,Full Sun,Low,Medium,Low,Low,Medium,Orchard,Yes,Commercial cultivation is common in eastern Indonesia.,,
Breadfruit,Philippines,Bicol Region,Asia,No,Commercial,Tropical,Year-round,January-December,23,34,1800,3000,70,95,0,700,Fertile Loamy Soil,High,Full Sun,Low,Medium,Low,Low,Medium,Orchard,Yes,Grown for local consumption and processing.,,
Breadfruit,India,Kerala,Asia,No,Commercial,Tropical,Year-round,January-December,22,34,2000,3500,75,95,0,900,Laterite Loam,High,Full Sun,Low,Medium,Low,Low,Medium,Orchard,Limited,Cultivated in humid coastal and tropical regions.,,
Breadfruit,Sri Lanka,Western Province,Asia,No,Commercial,Tropical,Year-round,January-December,23,33,1800,3000,75,95,0,500,Well-drained Loamy Soil,High,Full Sun,Low,Medium,Low,Low,Medium,Home Garden,Yes,Commonly grown in home gardens and mixed orchards.,,
Breadfruit,Jamaica,Saint Andrew,North America,No,Commercial,Tropical,Year-round,January-December,23,33,1500,2500,70,90,0,400,Loamy Soil,High,Full Sun,Low,Medium,Low,Medium,High,Orchard,Yes,Breadfruit is an important traditional food crop in the Caribbean.,,
Breadfruit,Hawaii,Hawaii,North America,No,Commercial,Tropical,Year-round,January-December,22,32,1500,3000,70,95,0,1000,Volcanic Loamy Soil,High,Full Sun,Low,Medium,Low,Medium,High,Agroforestry,Yes,Hawaii supports commercial breadfruit production and conservation.,,
Breadfruit,Brazil,Pará,South America,No,Commercial,Tropical,Year-round,January-December,23,34,1800,3000,70,95,0,600,Well-drained Loamy Soil,High,Full Sun,Low,Medium,Low,Low,Medium,Orchard,Limited,Breadfruit is cultivated in tropical regions of northern Brazil.,,
Soursop,Brazil,Bahia,South America,Yes,Commercial,Tropical,Year-round,January-December,22,34,1200,2500,70,95,0,800,Well-drained Loamy Soil,High,Full Sun,Low,Medium,Low,Low,Medium,Orchard,Yes,Brazil is one of the largest producers of soursop in South America.,,
Soursop,Colombia,Antioquia,South America,No,Commercial,Tropical,Year-round,January-December,20,32,1500,3000,70,95,500,1800,Volcanic Loamy Soil,High,Full Sun,Low,Medium,Low,Low,Medium,Orchard,Yes,Commercial production supports fresh fruit and juice industries.,,
Soursop,Mexico,Veracruz,North America,Yes,Commercial,Tropical,Summer,June-September,22,34,1200,2000,65,90,0,1000,Well-drained Sandy Loam,Moderate,Full Sun,Low,High,Medium,Low,Medium,Orchard,Yes,Mexico is part of the native distribution of soursop.,,
Soursop,Peru,San Martín,South America,No,Commercial,Tropical,Year-round,January-December,22,32,1500,2500,70,90,300,1200,Loamy Soil,High,Full Sun,Low,Medium,Low,Low,Medium,Orchard,Yes,Cultivated extensively in tropical rainforest regions.,,
Soursop,India,Kerala,Asia,No,Commercial,Tropical,Year-round,January-December,22,34,2000,3500,75,95,0,800,Laterite Loam,High,Full Sun,Low,Medium,Low,Low,Medium,Orchard,Limited,Grown in humid tropical regions for fresh fruit and medicinal use.,,
Soursop,India,Tamil Nadu,Asia,No,Commercial,Tropical,Year-round,January-December,22,36,800,1500,60,85,200,800,Red Loamy Soil,Moderate,Full Sun,Low,High,Medium,Low,Medium,Orchard,Limited,Small-scale commercial cultivation is increasing.,,
Soursop,Sri Lanka,Western Province,Asia,No,Commercial,Tropical,Year-round,January-December,23,33,1800,3000,75,95,0,500,Well-drained Loamy Soil,High,Full Sun,Low,Medium,Low,Low,Medium,Home Garden,Yes,Widely cultivated in home gardens and local orchards.,,
Soursop,Philippines,Davao Region,Asia,No,Commercial,Tropical,Year-round,January-December,23,34,1800,3000,70,95,0,700,Fertile Loamy Soil,High,Full Sun,Low,Medium,Low,Low,Medium,Orchard,Yes,Commercial production supports domestic consumption.,,
Soursop,Indonesia,West Java,Asia,No,Commercial,Tropical,Year-round,January-December,23,34,1800,3000,70,95,0,800,Volcanic Loamy Soil,High,Full Sun,Low,Medium,Low,Low,Medium,Orchard,Yes,Grown widely in tropical fruit orchards.,,
Soursop,Australia,Queensland,Oceania,No,Commercial,Tropical,Summer,December-March,22,32,1200,2200,65,90,0,500,Sandy Loam,Moderate,Full Sun,Low,Medium,Medium,Low,Medium,Orchard,Limited,Limited commercial cultivation in tropical northern Queensland.,,
Tamarind,India,Tamil Nadu,Asia,No,Commercial,Tropical,Summer,March-June,22,40,700,1400,45,75,0,600,Red Loamy Soil,Low,Full Sun,Low,High,High,Low,High,Orchard,Yes,Tamil Nadu is one of India's leading tamarind-producing states.,,
Tamarind,India,Karnataka,Asia,No,Commercial,Tropical,Summer,March-June,22,39,600,1200,45,70,300,900,Well-drained Loamy Soil,Low,Full Sun,Low,High,High,Low,High,Orchard,Yes,Extensively cultivated for domestic consumption and processing.,,
Tamarind,India,Andhra Pradesh,Asia,No,Commercial,Tropical,Summer,March-May,22,40,600,1100,40,70,100,700,Red Sandy Loam,Low,Full Sun,Low,High,High,Low,High,Orchard,Yes,Large plantations supply food and spice industries.,,
Tamarind,Thailand,Phetchabun,Asia,No,Commercial,Tropical,Summer,February-April,22,36,900,1500,55,80,100,700,Well-drained Sandy Loam,Moderate,Full Sun,Low,Medium,Medium,Low,Medium,Orchard,Yes,Thailand is a major exporter of sweet tamarind.,,
Tamarind,Mexico,Chiapas,North America,No,Commercial,Tropical,Spring,March-May,22,35,1000,1800,60,85,0,900,Loamy Soil,Moderate,Full Sun,Low,Medium,Medium,Low,Medium,Orchard,Yes,Tamarind is widely cultivated for beverages and culinary uses.,,
Tamarind,Nigeria,Kaduna,Africa,No,Commercial,Tropical,Dry Season,February-April,24,40,500,1000,35,65,200,800,Sandy Loam,Low,Full Sun,Low,High,High,Low,High,Agroforestry,Yes,Commonly grown in agroforestry systems and local orchards.,,
Tamarind,Sudan,Khartoum,Africa,No,Commercial,Arid,Dry Season,February-April,25,42,100,500,20,45,300,800,Sandy Soil,Low,Full Sun,Low,High,High,Low,High,Agroforestry,Limited,Thrives in hot, dry climates with minimal irrigation.,
Tamarind,Brazil,Bahia,South America,No,Commercial,Tropical,Summer,December-March,22,34,1000,1800,60,85,0,700,Well-drained Loamy Soil,Moderate,Full Sun,Low,Medium,Medium,Low,Medium,Orchard,Yes,Commercial cultivation supports food processing industries.,,
Tamarind,Australia,Northern Territory,Oceania,No,Limited,Tropical,Dry Season,August-October,22,36,700,1400,50,75,0,400,Sandy Loam,Low,Full Sun,Low,High,High,Low,High,Orchard,Limited,Small-scale cultivation in tropical northern Australia.,,
Tamarind,Sri Lanka,North Central Province,Asia,No,Commercial,Tropical,Dry Season,March-May,23,35,900,1600,55,80,0,500,Red Loamy Soil,Moderate,Full Sun,Low,Medium,Medium,Low,Medium,Orchard,Yes,Widely cultivated for culinary and medicinal uses.,,
Wood Apple,India,Tamil Nadu,Asia,Yes,Commercial,Tropical,Summer,March-June,22,40,700,1400,45,75,0,600,Red Loamy Soil,Low,Full Sun,Low,High,High,Low,High,Orchard,Yes,Tamil Nadu is one of the major wood apple-producing regions in India.,,
Wood Apple,India,Karnataka,Asia,Yes,Commercial,Tropical,Summer,March-June,22,39,600,1200,45,70,300,900,Well-drained Loamy Soil,Low,Full Sun,Low,High,High,Low,High,Orchard,Yes,Commonly cultivated in dry tropical orchards and farm boundaries.,,
Wood Apple,India,Andhra Pradesh,Asia,Yes,Commercial,Tropical,Summer,March-May,22,40,600,1100,40,70,100,700,Red Sandy Loam,Low,Full Sun,Low,High,High,Low,High,Orchard,Yes,Commercial cultivation supports local fruit markets.,,
Wood Apple,Sri Lanka,North Central Province,Asia,Yes,Commercial,Tropical,Dry Season,March-May,23,35,900,1600,55,80,0,500,Red Loamy Soil,Moderate,Full Sun,Low,Medium,Medium,Low,Medium,Orchard,Yes,Wood apple is widely cultivated and consumed throughout Sri Lanka.,,
Wood Apple,Bangladesh,Rajshahi,Asia,No,Commercial,Tropical,Summer,April-June,22,36,1000,1800,60,85,0,300,Alluvial Loamy Soil,Moderate,Full Sun,Low,Medium,Medium,Low,Medium,Orchard,Limited,Grown in orchards and home gardens.,,
Wood Apple,Myanmar,Mandalay,Asia,No,Commercial,Tropical,Dry Season,March-May,22,37,700,1300,45,75,100,700,Well-drained Sandy Loam,Low,Full Sun,Low,High,High,Low,Medium,Orchard,Limited,Cultivated in central dry-zone regions.,,
Wood Apple,Thailand,Nakhon Ratchasima,Asia,No,Commercial,Tropical,Summer,March-May,22,36,900,1500,55,80,100,600,Loamy Soil,Moderate,Full Sun,Low,Medium,Medium,Low,Medium,Orchard,Limited,Grown on a small commercial scale for local markets.,,
Wood Apple,Nepal,Lumbini,Asia,No,Commercial,Subtropical,Summer,April-June,18,34,900,1500,55,80,100,900,Loamy Soil,Moderate,Full Sun,Low,Medium,Medium,Low,Medium,Agroforestry,Limited,Found in subtropical lowland districts.,,
Wood Apple,Pakistan,Punjab,Asia,No,Commercial,Subtropical,Summer,April-June,20,38,300,700,35,65,200,600,Sandy Loam,Low,Full Sun,Low,High,High,Low,High,Orchard,Limited,Tolerates hot and semi-arid growing conditions.,,
Wood Apple,Indonesia,East Java,Asia,No,Commercial,Tropical,Dry Season,August-October,22,34,1000,1800,60,85,0,500,Volcanic Loamy Soil,Moderate,Full Sun,Low,Medium,Medium,Low,Medium,Orchard,Limited,Cultivated in tropical orchards for local consumption.,,
Bael,India,Uttar Pradesh,Asia,Yes,Commercial,Tropical,Summer,April-June,20,40,600,1200,40,70,0,500,Well-drained Loamy Soil,Low,Full Sun,Low,High,High,Low,High,Orchard,Yes,Uttar Pradesh is one of India's leading bael-producing states.,,
Bael,India,Bihar,Asia,Yes,Commercial,Tropical,Summer,April-June,20,40,800,1400,45,75,0,300,Alluvial Loamy Soil,Moderate,Full Sun,Low,High,High,Low,High,Orchard,Yes,Bael is cultivated for its medicinal and nutritional value.,,
Bael,India,Madhya Pradesh,Asia,Yes,Commercial,Tropical,Summer,April-June,20,41,500,1000,35,65,200,700,Black Cotton Soil,Low,Full Sun,Low,High,High,Low,High,Orchard,Yes,Commercial plantations are expanding in central India.,,
Bael,India,Tamil Nadu,Asia,Yes,Commercial,Tropical,Summer,March-May,22,39,700,1400,45,75,0,600,Red Loamy Soil,Low,Full Sun,Low,High,High,Low,High,Orchard,Yes,Commonly cultivated for religious and medicinal purposes.,,
Bael,Nepal,Lumbini,Asia,Yes,Commercial,Subtropical,Summer,April-June,18,35,900,1500,50,80,100,1000,Loamy Soil,Moderate,Full Sun,Low,Medium,Medium,Low,Medium,Agroforestry,Limited,Widely grown in the Terai region.,,
Bael,Bangladesh,Rajshahi,Asia,Yes,Commercial,Tropical,Summer,April-June,22,36,1000,1800,60,85,0,300,Alluvial Loamy Soil,Moderate,Full Sun,Low,Medium,Medium,Low,Medium,Orchard,Limited,Cultivated in orchards and homesteads.,,
Bael,Sri Lanka,North Central Province,Asia,Yes,Commercial,Tropical,Dry Season,March-May,23,35,900,1600,55,80,0,500,Red Loamy Soil,Moderate,Full Sun,Low,Medium,Medium,Low,Medium,Orchard,Yes,Bael is grown for traditional medicine and fresh fruit.,,
Bael,Myanmar,Mandalay,Asia,Yes,Commercial,Tropical,Dry Season,March-May,22,37,700,1300,45,75,100,700,Well-drained Sandy Loam,Low,Full Sun,Low,High,High,Low,Medium,Orchard,Limited,Thrives in central dry-zone conditions.,,
Bael,Thailand,Nakhon Ratchasima,Asia,No,Commercial,Tropical,Summer,March-May,22,36,900,1500,55,80,100,600,Loamy Soil,Moderate,Full Sun,Low,Medium,Medium,Low,Medium,Orchard,Limited,Grown on a limited commercial scale for local consumption.,,
Bael,Pakistan,Punjab,Asia,No,Commercial,Subtropical,Summer,April-June,20,39,300,700,35,65,200,600,Sandy Loam,Low,Full Sun,Low,High,High,Low,High,Orchard,Limited,Cultivated in warm semi-arid regions with good drought tolerance.,,
Jamun,India,Uttar Pradesh,Asia,Yes,Commercial,Tropical,Summer,May-July,22,40,700,1200,45,75,0,500,Well-drained Loamy Soil,Moderate,Full Sun,Low,High,High,Low,Medium,Orchard,Yes,Uttar Pradesh is one of India's leading jamun-producing states.,,
Jamun,India,Maharashtra,Asia,Yes,Commercial,Tropical,Summer,May-July,22,38,600,1000,45,70,0,700,Black Cotton Soil,Moderate,Full Sun,Low,High,High,Low,Medium,Orchard,Yes,Commercial orchards supply fresh fruit and processing industries.,,
Jamun,India,Karnataka,Asia,Yes,Commercial,Tropical,Summer,May-July,22,38,600,1100,45,75,300,900,Red Loamy Soil,Moderate,Full Sun,Low,High,Medium,Low,Medium,Orchard,Yes,Widely cultivated in southern India for fresh consumption.,,
Jamun,India,Tamil Nadu,Asia,Yes,Commercial,Tropical,Summer,May-July,22,39,700,1400,50,80,0,600,Red Sandy Loam,Moderate,Full Sun,Low,High,Medium,Low,Medium,Orchard,Yes,Commonly grown in orchards and farm boundaries.,,
Jamun,Nepal,Lumbini,Asia,Yes,Commercial,Subtropical,Summer,June-July,18,34,900,1500,55,80,100,1000,Loamy Soil,Moderate,Full Sun,Low,Medium,Medium,Low,Medium,Agroforestry,Limited,Popular fruit tree in the Terai region.,,
Jamun,Bangladesh,Dhaka,Asia,Yes,Commercial,Tropical,Summer,May-July,22,35,1200,2000,60,85,0,300,Alluvial Loamy Soil,Moderate,Full Sun,Low,Medium,Medium,Low,Medium,Orchard,Limited,Commonly cultivated in rural orchards and homesteads.,,
Jamun,Sri Lanka,North Central Province,Asia,Yes,Commercial,Tropical,Summer,May-July,23,35,900,1600,55,80,0,500,Red Loamy Soil,Moderate,Full Sun,Low,Medium,Medium,Low,Medium,Orchard,Yes,Grown for fresh fruit, beverages, and traditional medicine.
Jamun,Pakistan,Punjab,Asia,Yes,Commercial,Subtropical,Summer,June-July,20,38,300,700,35,65,200,600,Sandy Loam,Low,Full Sun,Low,High,High,Low,High,Orchard,Limited,Thrives in warm semi-arid regions with irrigation.,,
Jamun,Myanmar,Mandalay,Asia,Yes,Commercial,Tropical,Summer,May-July,22,37,700,1300,45,75,100,700,Well-drained Sandy Loam,Moderate,Full Sun,Low,High,High,Low,Medium,Orchard,Limited,Cultivated in central dry-zone regions and home gardens.,,
Jamun,Indonesia,East Java,Asia,Yes,Commercial,Tropical,Summer,May-July,22,34,1500,2500,65,90,0,500,Volcanic Loamy Soil,Moderate,Full Sun,Low,Medium,Low,Low,Medium,Orchard,Limited,Grown in tropical orchards for local consumption.,,
Rose Apple,India,Kerala,Asia,No,Commercial,Tropical,Summer,May-July,22,34,2000,3500,70,95,0,800,Laterite Loam,High,Full Sun,Low,Medium,Low,Low,Medium,Orchard,Limited,Cultivated in humid tropical regions for fresh fruit.,,
Rose Apple,India,Tamil Nadu,Asia,No,Commercial,Tropical,Summer,May-July,22,38,700,1400,50,80,0,600,Red Loamy Soil,Moderate,Full Sun,Low,High,Medium,Low,Medium,Orchard,Limited,Grown in home gardens and small orchards.,,
Rose Apple,Sri Lanka,Western Province,Asia,Yes,Commercial,Tropical,Summer,May-July,23,33,1800,3000,75,95,0,500,Well-drained Loamy Soil,High,Full Sun,Low,Medium,Low,Low,Medium,Orchard,Yes,Widely cultivated for local markets and household consumption.,,
Rose Apple,Malaysia,Johor,Asia,Yes,Commercial,Tropical,Year-round,January-December,23,34,1800,3000,70,95,0,500,Deep Loamy Soil,High,Full Sun,Low,Medium,Low,Low,Medium,Orchard,Yes,Malaysia is part of the native range of rose apple.,,
Rose Apple,Indonesia,West Java,Asia,Yes,Commercial,Tropical,Year-round,January-December,23,34,1800,3000,70,95,0,800,Volcanic Loamy Soil,High,Full Sun,Low,Medium,Low,Low,Medium,Orchard,Yes,Commonly cultivated in tropical orchards.,,
Rose Apple,Thailand,Chiang Mai,Asia,No,Commercial,Tropical,Summer,May-August,22,35,1200,2000,65,90,300,900,Well-drained Sandy Loam,Moderate,Full Sun,Low,High,Medium,Low,Medium,Orchard,Yes,Commercial production supplies local fruit markets.,,
Rose Apple,Philippines,Laguna,Asia,No,Commercial,Tropical,Year-round,January-December,23,34,1800,2800,70,90,0,500,Fertile Loamy Soil,High,Full Sun,Low,Medium,Low,Low,Medium,Orchard,Yes,Common fruit tree in tropical orchards.,,
Rose Apple,Bangladesh,Dhaka,Asia,No,Commercial,Tropical,Summer,May-July,22,35,1200,2000,60,85,0,300,Alluvial Loamy Soil,Moderate,Full Sun,Low,Medium,Medium,Low,Medium,Orchard,Limited,Grown in rural orchards and homestead gardens.,,
Rose Apple,Brazil,Bahia,South America,No,Commercial,Tropical,Summer,December-March,22,33,1200,2200,65,90,0,700,Well-drained Loamy Soil,Moderate,Full Sun,Low,Medium,Medium,Low,Medium,Orchard,Limited,Cultivated in tropical fruit-growing regions.,,
Rose Apple,Australia,Queensland,Oceania,No,Commercial,Tropical,Summer,December-February,22,32,1200,2200,65,90,0,500,Sandy Loam,Moderate,Full Sun,Low,Medium,Medium,Low,Medium,Orchard,Limited,Limited commercial cultivation in tropical northern Queensland.,,
Water Apple,Malaysia,Johor,Asia,Yes,Commercial,Tropical,Year-round,January-December,23,34,1800,3000,70,95,0,500,Well-drained Loamy Soil,High,Full Sun,Low,Medium,Low,Low,Medium,Orchard,Yes,Malaysia is part of the native range and a major producer of water apple.,,
Water Apple,Indonesia,West Java,Asia,Yes,Commercial,Tropical,Year-round,January-December,23,34,1800,3000,70,95,0,800,Volcanic Loamy Soil,High,Full Sun,Low,Medium,Low,Low,Medium,Orchard,Yes,Widely cultivated in tropical orchards throughout Indonesia.,,
Water Apple,Thailand,Nakhon Pathom,Asia,No,Commercial,Tropical,Summer,April-July,22,35,1200,2000,65,90,0,400,Well-drained Sandy Loam,Moderate,Full Sun,Low,High,Medium,Low,Medium,Orchard,Yes,Thailand produces premium water apple cultivars for domestic and export markets.,,
Water Apple,Vietnam,Ti?n Giang,Asia,No,Commercial,Tropical,Year-round,January-December,22,34,1400,2200,65,90,0,300,Alluvial Loam,Moderate,Full Sun,Low,Medium,Medium,Low,Medium,Orchard,Yes,Commercial cultivation is concentrated in the Mekong Delta.,,
Water Apple,Philippines,Laguna,Asia,No,Commercial,Tropical,Year-round,January-December,23,34,1800,2800,70,90,0,500,Fertile Loamy Soil,High,Full Sun,Low,Medium,Low,Low,Medium,Orchard,Yes,Common fruit tree in tropical orchards and home gardens.,,
Water Apple,India,Kerala,Asia,No,Commercial,Tropical,Year-round,January-December,22,34,2000,3500,75,95,0,800,Laterite Loam,High,Full Sun,Low,Medium,Low,Low,Medium,Orchard,Limited,Cultivated in humid tropical regions of Kerala.,,
Water Apple,India,Tamil Nadu,Asia,No,Commercial,Tropical,Summer,May-July,22,38,700,1400,50,80,0,600,Red Loamy Soil,Moderate,Full Sun,Low,High,Medium,Low,Medium,Orchard,Limited,Grown in home gardens and small orchards.,,
Water Apple,Sri Lanka,Western Province,Asia,No,Commercial,Tropical,Year-round,January-December,23,33,1800,3000,75,95,0,500,Well-drained Loamy Soil,High,Full Sun,Low,Medium,Low,Low,Medium,Orchard,Yes,Popular tropical fruit grown for local markets.,,
Water Apple,Taiwan,Kaohsiung,Asia,No,Commercial,Subtropical,Summer,May-August,18,32,1500,2200,65,90,0,500,Fertile Loamy Soil,Moderate,Full Sun,Low,Medium,Medium,Low,Medium,Orchard,Yes,Taiwan is known for high-quality wax and water apple production.,,
Water Apple,Australia,Queensland,Oceania,No,Commercial,Tropical,Summer,December-February,22,32,1200,2200,65,90,0,500,Sandy Loam,Moderate,Full Sun,Low,Medium,Medium,Low,Medium,Orchard,Limited,Limited commercial cultivation in tropical northern Queensland.,,
Noni,India,Tamil Nadu,Asia,No,Commercial,Tropical,Year-round,January-December,22,38,700,1400,50,80,0,600,Red Loamy Soil,Moderate,Full Sun,Low,High,High,Medium,High,Orchard,Limited,Cultivated for medicinal and nutraceutical products.,,
Noni,India,Kerala,Asia,No,Commercial,Tropical,Year-round,January-December,22,34,2000,3500,75,95,0,800,Laterite Loam,High,Full Sun,Low,Medium,Low,Medium,High,Orchard,Limited,Grown in humid tropical regions for herbal uses.,,
Noni,Indonesia,Bali,Asia,Yes,Commercial,Tropical,Year-round,January-December,23,34,1800,3000,70,95,0,500,Volcanic Loamy Soil,High,Full Sun,Low,Medium,Low,Medium,High,Orchard,Yes,Indonesia is part of the native range of noni.,,
Noni,Malaysia,Sabah,Asia,Yes,Commercial,Tropical,Year-round,January-December,23,34,1800,3000,70,95,0,600,Well-drained Loamy Soil,High,Full Sun,Low,Medium,Low,Medium,High,Orchard,Yes,Commercial cultivation supports herbal product industries.,,
Noni,Thailand,Surat Thani,Asia,No,Commercial,Tropical,Year-round,January-December,22,35,1200,2200,65,90,0,400,Sandy Loam,Moderate,Full Sun,Low,High,Medium,Low,Medium,Orchard,Limited,Cultivated mainly for juice production.,,
Noni,Philippines,Davao Region,Asia,No,Commercial,Tropical,Year-round,January-December,23,34,1800,2800,70,90,0,500,Fertile Loamy Soil,High,Full Sun,Low,Medium,Low,Medium,High,Orchard,Yes,Widely grown for traditional medicine and health products.,,
Noni,Fiji,Western Division,Oceania,Yes,Commercial,Tropical,Year-round,January-December,23,32,2000,3500,75,95,0,300,Coral Sandy Loam,High,Full Sun,Low,Medium,Low,High,High,Agroforestry,Yes,Noni is an important traditional medicinal plant in the Pacific Islands.,,
Noni,French Polynesia,Tahiti,Oceania,Yes,Commercial,Tropical,Year-round,January-December,23,32,1800,3000,75,95,0,500,Volcanic Loamy Soil,High,Full Sun,Low,Medium,Low,High,High,Plantation,Yes,Tahitian noni is internationally recognized for juice production.,,
Noni,Australia,Queensland,Oceania,No,Commercial,Tropical,Year-round,January-December,22,32,1200,2200,65,90,0,500,Sandy Loam,Moderate,Full Sun,Low,Medium,Medium,Medium,Medium,Orchard,Limited,Small-scale commercial cultivation in tropical northern Australia.,,
Noni,United States,Hawaii,North America,No,Commercial,Tropical,Year-round,January-December,22,32,1500,3000,70,95,0,900,Volcanic Loamy Soil,High,Full Sun,Low,Medium,Low,High,High,Plantation,Yes,Hawaii is a major producer of commercial noni juice products.,,
Cocoa,Côte d'Ivoire,Lagunes,Africa,No,Commercial,Tropical,Year-round,October-March,21,32,1200,2200,70,95,0,400,Well-drained Loamy Soil,High,Partial Shade,Low,Medium,Low,Low,Medium,Plantation,Yes,Côte d'Ivoire is the world's largest cocoa producer.,,
Cocoa,Ghana,Ashanti,Africa,No,Commercial,Tropical,Year-round,October-March,21,32,1200,2000,70,95,100,500,Fertile Loamy Soil,High,Partial Shade,Low,Medium,Low,Low,Medium,Plantation,Yes,Ghana is renowned for premium-quality cocoa beans.,,
Cocoa,Indonesia,West Sulawesi,Asia,No,Commercial,Tropical,Year-round,September-February,22,33,1500,2500,70,95,0,600,Volcanic Loamy Soil,High,Partial Shade,Low,Medium,Low,Low,Medium,Plantation,Yes,Indonesia is one of the world's largest cocoa producers.,,
Cocoa,Nigeria,Ondo,Africa,No,Commercial,Tropical,Year-round,October-February,22,33,1200,2000,70,90,100,500,Well-drained Sandy Loam,High,Partial Shade,Low,Medium,Low,Low,Medium,Plantation,Yes,Ondo State is Nigeria's leading cocoa-producing region.,,
Cocoa,Ecuador,Los Ríos,South America,Yes,Commercial,Tropical,Year-round,October-April,22,32,1500,2500,75,95,0,500,Alluvial Loamy Soil,High,Partial Shade,Low,Medium,Low,Low,Medium,Plantation,Yes,Ecuador is famous for fine-flavor Arriba cocoa.,,
Cocoa,Brazil,Bahia,South America,No,Commercial,Tropical,Year-round,October-March,22,32,1200,2200,70,95,0,700,Well-drained Loamy Soil,High,Partial Shade,Low,Medium,Low,Low,Medium,Plantation,Yes,Bahia has a long history of commercial cocoa cultivation.,,
Cocoa,India,Kerala,Asia,No,Commercial,Tropical,Year-round,November-March,22,34,2000,3500,75,95,0,800,Laterite Loam,High,Partial Shade,Low,Medium,Low,Low,Medium,Agroforestry,Yes,Cocoa is commonly grown under coconut and arecanut plantations.,,
Cocoa,India,Karnataka,Asia,No,Commercial,Tropical,Year-round,November-March,22,34,900,1800,60,85,300,900,Red Loamy Soil,Moderate,Partial Shade,Low,Medium,Medium,Low,Medium,Agroforestry,Yes,Karnataka is one of India's major cocoa-producing states.,,
Cocoa,Peru,San Martín,South America,No,Commercial,Tropical,Year-round,October-April,21,32,1500,2500,75,95,300,1200,Loamy Soil,High,Partial Shade,Low,Medium,Low,Low,Medium,Plantation,Yes,Peru is an important producer of organic and fine-flavor cocoa.,,
Cocoa,Cameroon,Centre,Africa,No,Commercial,Tropical,Year-round,October-March,22,32,1400,2200,70,95,200,700,Fertile Loamy Soil,High,Partial Shade,Low,Medium,Low,Low,Medium,Plantation,Yes,Cocoa is one of Cameroon's major export crops.,,
Coffee,Brazil,Minas Gerais,South America,No,Commercial,Tropical,Winter,May-August,18,30,1000,1800,60,85,600,1200,Well-drained Loamy Soil,Moderate,Partial Shade,Low,Medium,Medium,Low,Medium,Plantation,Yes,Minas Gerais is Brazil's largest coffee-producing state.,,
Coffee,Vietnam,??k L?k,Asia,No,Commercial,Tropical,Dry Season,November-February,20,32,1200,2000,60,85,400,800,Volcanic Red Soil,Moderate,Full Sun,Low,High,Medium,Low,Medium,Plantation,Yes,Vietnam is the world's leading Robusta coffee producer.,,
Coffee,Colombia,Antioquia,South America,No,Commercial,Tropical,Year-round,September-December,18,28,1500,2500,70,90,1000,1800,Volcanic Loamy Soil,Moderate,Partial Shade,Low,Medium,Low,Low,Medium,Plantation,Yes,Colombia is globally renowned for premium Arabica coffee.,,
Coffee,Ethiopia,Oromia,Africa,Yes,Commercial,Tropical,Autumn,October-January,15,28,1200,2200,60,85,1200,2200,Fertile Loamy Soil,Moderate,Partial Shade,Low,Medium,Low,Low,Medium,Agroforestry,Yes,Ethiopia is the native home of Arabica coffee.,,
Coffee,India,Karnataka,Asia,No,Commercial,Tropical,Winter,November-February,18,30,1200,2500,65,90,700,1500,Red Loamy Soil,Moderate,Partial Shade,Low,Medium,Low,Low,Medium,Plantation,Yes,Karnataka produces the majority of India's coffee.,,
Coffee,India,Kerala,Asia,No,Commercial,Tropical,Winter,November-February,18,30,1800,3000,70,95,600,1200,Laterite Loam,High,Partial Shade,Low,Medium,Low,Low,Medium,Plantation,Yes,Coffee is widely cultivated under shade trees.,,
Coffee,India,Tamil Nadu,Asia,No,Commercial,Tropical,Winter,November-February,18,28,1200,2000,65,90,900,1800,Well-drained Loamy Soil,Moderate,Partial Shade,Low,Medium,Low,Low,Medium,Plantation,Yes,Yercaud and Nilgiris are important coffee-growing regions.,,
Coffee,Indonesia,South Sumatra,Asia,No,Commercial,Tropical,Dry Season,June-September,20,32,1500,2500,70,90,600,1500,Volcanic Loamy Soil,Moderate,Partial Shade,Low,Medium,Low,Low,Medium,Plantation,Yes,Indonesia is a major producer of Arabica and Robusta coffee.,,
Coffee,Uganda,Central Region,Africa,No,Commercial,Tropical,Year-round,September-December,18,30,1000,2000,60,85,800,1500,Well-drained Sandy Loam,Moderate,Partial Shade,Low,Medium,Medium,Low,Medium,Plantation,Yes,Coffee is Uganda's leading agricultural export.,,
Coffee,Peru,Cajamarca,South America,No,Commercial,Tropical,Winter,May-August,16,28,1200,2200,65,90,1000,2000,Fertile Loamy Soil,Moderate,Partial Shade,Low,Medium,Low,Low,Medium,Plantation,Yes,Peru is known for high-quality organic Arabica coffee.,,
Tea,China,Zhejiang,Asia,Yes,Commercial,Subtropical,Spring,March-May,13,30,1200,2500,70,90,200,1200,Acidic Well-drained Loamy Soil,High,Partial Shade,Medium,Medium,Low,Low,Medium,Plantation,Yes,China is the world's largest tea producer.,,
Tea,India,Assam,Asia,No,Commercial,Tropical,Spring,March-June,18,35,1800,3000,75,95,50,200,Acidic Alluvial Soil,High,Partial Shade,Low,High,Low,Low,Medium,Plantation,Yes,Assam is famous for strong black tea production.,,
Tea,India,West Bengal,Asia,No,Commercial,Subtropical,Spring,March-June,10,25,2000,3500,75,95,600,2200,Acidic Loamy Soil,High,Partial Shade,Medium,Medium,Low,Low,Medium,Plantation,Yes,Darjeeling produces world-renowned premium tea.,,
Tea,India,Tamil Nadu,Asia,No,Commercial,Tropical,Year-round,January-December,12,28,1200,2500,70,90,1000,2500,Acidic Red Loamy Soil,High,Partial Shade,Medium,Medium,Low,Low,Medium,Plantation,Yes,The Nilgiris are one of India's major tea-growing regions.,,
Tea,Sri Lanka,Central Province,Asia,No,Commercial,Tropical,Year-round,January-December,15,27,1800,2500,75,95,600,2200,Acidic Well-drained Soil,High,Partial Shade,Medium,Medium,Low,Low,Medium,Plantation,Yes,Sri Lanka is globally known for Ceylon tea.,,
Tea,Kenya,Kericho,Africa,No,Commercial,Tropical,Year-round,January-December,15,28,1200,2200,70,90,1500,2200,Volcanic Acidic Soil,High,Partial Shade,Medium,Medium,Low,Low,Medium,Plantation,Yes,Kenya is Africa's largest tea producer.,,
Tea,Japan,Shizuoka,Asia,No,Commercial,Temperate,Spring,April-June,8,28,1400,2500,70,90,100,700,Acidic Volcanic Soil,Moderate,Full Sun,Medium,Medium,Low,Low,Medium,Plantation,Yes,Shizuoka is Japan's leading tea-producing prefecture.,,
Tea,Taiwan,Nantou,Asia,No,Commercial,Subtropical,Spring,March-May,12,28,1800,2500,70,90,500,1800,Acidic Mountain Soil,Moderate,Partial Shade,Medium,Medium,Low,Low,Medium,Plantation,Yes,Taiwan is famous for premium oolong teas.,,
Tea,Vietnam,Lâm ??ng,Asia,No,Commercial,Subtropical,Spring,March-May,15,28,1500,2500,70,90,800,1600,Acidic Red Soil,Moderate,Partial Shade,Medium,Medium,Low,Low,Medium,Plantation,Yes,Lâm ??ng is Vietnam's primary tea-growing province.,,
Tea,Nepal,Koshi Province,Asia,No,Commercial,Subtropical,Spring,March-May,10,26,1500,2500,70,90,900,2200,Acidic Loamy Soil,Moderate,Partial Shade,Medium,Medium,Low,Low,Medium,Plantation,Limited,Nepal produces high-quality orthodox teas similar to Darjeeling.,,
Black Pepper,India,Kerala,Asia,Yes,Commercial,Tropical,Monsoon,June-September,23,32,2000,3500,70,95,0,1200,Well-drained Laterite Soil,High,Partial Shade,Low,Medium,Low,Low,Medium,Vine Plantation,Yes,Kerala is known as the 'Land of Spices' and is India's largest black pepper producer.,,
Black Pepper,India,Karnataka,Asia,Yes,Commercial,Tropical,Monsoon,June-September,22,32,1500,3000,70,90,300,1200,Red Loamy Soil,High,Partial Shade,Low,Medium,Low,Low,Medium,Vine Plantation,Yes,Karnataka is one of India's leading pepper-producing states.,,
Black Pepper,India,Tamil Nadu,Asia,Yes,Commercial,Tropical,Monsoon,June-September,22,31,1200,2500,65,90,500,1500,Well-drained Loamy Soil,Moderate,Partial Shade,Low,Medium,Low,Low,Medium,Vine Plantation,Yes,Grown extensively in the Nilgiris and Western Ghats.,,
Black Pepper,Vietnam,??k L?k,Asia,No,Commercial,Tropical,Dry Season,November-February,22,34,1800,2500,70,90,200,800,Basaltic Red Soil,Moderate,Full Sun,Low,High,Medium,Low,Medium,Plantation,Yes,Vietnam is the world's largest exporter of black pepper.,,
Black Pepper,Indonesia,Lampung,Asia,No,Commercial,Tropical,Dry Season,June-September,23,33,1800,3000,70,90,0,600,Volcanic Loamy Soil,High,Partial Shade,Low,Medium,Low,Low,Medium,Plantation,Yes,Lampung pepper is internationally recognized.,,
Black Pepper,Brazil,Espírito Santo,South America,No,Commercial,Tropical,Spring,September-December,22,33,1000,1800,65,85,0,500,Well-drained Sandy Loam,Moderate,Full Sun,Low,High,Medium,Low,Medium,Plantation,Yes,Brazil is a major producer of export-quality black pepper.,,
Black Pepper,Sri Lanka,Sabaragamuwa,Asia,No,Commercial,Tropical,Monsoon,May-August,22,31,1800,3000,75,95,100,900,Laterite Loam,High,Partial Shade,Low,Medium,Low,Low,Medium,Plantation,Yes,Pepper is an important spice crop grown with tea and rubber.,,
Black Pepper,Malaysia,Sarawak,Asia,No,Commercial,Tropical,Year-round,January-December,23,32,2000,3500,75,95,0,700,Fertile Loamy Soil,High,Partial Shade,Low,Medium,Low,Low,Medium,Plantation,Yes,Sarawak pepper has geographical indication recognition.,,
Black Pepper,Cambodia,Kampot,Asia,No,Commercial,Tropical,Dry Season,November-February,23,33,1200,2200,65,85,0,400,Well-drained Loamy Soil,Moderate,Full Sun,Low,High,Medium,Low,Medium,Plantation,Yes,Kampot pepper is internationally renowned for its premium quality.,,
Black Pepper,Madagascar,Diana,Africa,No,Commercial,Tropical,Rainy Season,November-April,22,32,1500,2500,70,90,0,600,Rich Loamy Soil,High,Partial Shade,Low,Medium,Low,Low,Medium,Plantation,Limited,Black pepper is cultivated mainly for export.,,
Cardamom,India,Kerala,Asia,Yes,Commercial,Tropical,Monsoon,June-September,18,30,1500,4000,70,95,600,1500,Well-drained Forest Loam,High,Partial Shade,Low,Medium,Low,Low,Medium,Plantation,Yes,Kerala is India's largest producer of small cardamom.,,
Cardamom,India,Karnataka,Asia,Yes,Commercial,Tropical,Monsoon,June-September,18,30,1200,3000,70,95,700,1400,Red Loamy Soil,High,Partial Shade,Low,Medium,Low,Low,Medium,Plantation,Yes,Grown extensively in the Western Ghats under natural shade.,,
Cardamom,India,Tamil Nadu,Asia,Yes,Commercial,Tropical,Monsoon,June-September,18,28,1200,2500,70,95,900,1800,Well-drained Loamy Soil,High,Partial Shade,Low,Medium,Low,Low,Medium,Plantation,Yes,Bodinayakkanur is known as the Cardamom City of India.,,
Cardamom,Guatemala,Alta Verapaz,North America,No,Commercial,Tropical,Rainy Season,May-October,18,30,2000,4000,70,95,300,1200,Rich Loamy Soil,High,Partial Shade,Low,Medium,Low,Low,Medium,Plantation,Yes,Guatemala is the world's largest exporter of cardamom.,,
Cardamom,Sri Lanka,Central Province,Asia,No,Commercial,Tropical,Monsoon,May-August,18,29,1800,3000,75,95,600,1500,Laterite Loam,High,Partial Shade,Low,Medium,Low,Low,Medium,Plantation,Yes,Cardamom is cultivated in the central hill country.,,
Cardamom,Tanzania,Kilimanjaro,Africa,No,Commercial,Tropical,Rainy Season,March-May,18,30,1200,2500,70,90,800,1600,Volcanic Loamy Soil,Moderate,Partial Shade,Low,Medium,Low,Low,Medium,Plantation,Limited,Tanzania exports high-quality cardamom to international markets.,,
Cardamom,Nepal,Koshi Province,Asia,No,Commercial,Subtropical,Monsoon,June-September,15,28,1500,3000,70,95,800,2000,Acidic Loamy Soil,High,Partial Shade,Medium,Low,Low,Low,Medium,Plantation,Yes,Nepal is a major producer of large cardamom.,,
Cardamom,Bhutan,Mongar,Asia,No,Commercial,Subtropical,Monsoon,June-September,15,26,1800,3500,75,95,1000,2200,Mountain Loamy Soil,High,Partial Shade,Medium,Low,Low,Low,Medium,Plantation,Yes,Large cardamom is an important cash crop in eastern Bhutan.,,
Cardamom,Indonesia,West Java,Asia,No,Commercial,Tropical,Rainy Season,November-April,20,30,1800,3000,70,95,500,1500,Volcanic Loamy Soil,High,Partial Shade,Low,Medium,Low,Low,Medium,Plantation,Limited,Cultivated mainly for domestic consumption and export.,,
Cardamom,Papua New Guinea,Eastern Highlands,Oceania,No,Commercial,Tropical,Rainy Season,November-April,18,28,1800,3500,70,95,1000,1800,Fertile Mountain Loam,High,Partial Shade,Low,Medium,Low,Low,Medium,Plantation,Limited,Commercial cultivation is expanding in the highlands.,,
Clove,Indonesia,Maluku Islands,Asia,Yes,Commercial,Tropical,Rainy Season,November-April,20,32,1500,3000,70,95,0,900,Volcanic Loamy Soil,High,Full Sun,Low,Medium,Low,Low,Medium,Plantation,Yes,The Maluku Islands are the native home of clove and remain an important production region.,,
Clove,Indonesia,North Sulawesi,Asia,Yes,Commercial,Tropical,Rainy Season,November-April,20,32,1800,3000,70,95,100,1000,Volcanic Soil,High,Full Sun,Low,Medium,Low,Low,Medium,Plantation,Yes,North Sulawesi is one of Indonesia's major clove-producing regions.,,
Clove,Madagascar,Atsinanana,Africa,No,Commercial,Tropical,Rainy Season,November-April,20,31,1500,2500,70,90,0,700,Well-drained Loamy Soil,High,Full Sun,Low,Medium,Low,Low,Medium,Plantation,Yes,Madagascar is one of the world's leading clove exporters.,,
Clove,Tanzania,Zanzibar,Africa,No,Commercial,Tropical,Rainy Season,March-May,22,31,1500,2500,70,90,0,300,Coral Loam,High,Full Sun,Low,Medium,Low,Medium,High,Plantation,Yes,Zanzibar is world-famous for producing premium-quality cloves.,,
Clove,India,Tamil Nadu,Asia,No,Commercial,Tropical,Monsoon,June-September,20,30,1200,2500,70,90,500,1500,Well-drained Loamy Soil,High,Partial Shade,Low,Medium,Low,Low,Medium,Plantation,Limited,Cultivated in the Nilgiri Hills under suitable climatic conditions.,,
Clove,India,Kerala,Asia,No,Commercial,Tropical,Monsoon,June-September,20,30,2000,3500,75,95,200,1000,Laterite Loam,High,Partial Shade,Low,Medium,Low,Low,Medium,Plantation,Limited,Grown in homesteads and spice plantations.,,
Clove,Sri Lanka,Central Province,Asia,No,Commercial,Tropical,Monsoon,May-August,20,30,1800,3000,75,95,300,1200,Rich Loamy Soil,High,Partial Shade,Low,Medium,Low,Low,Medium,Plantation,Yes,Commercial cultivation supports the spice export industry.,,
Clove,Comoros,Grande Comore,Africa,No,Commercial,Tropical,Rainy Season,November-April,21,31,1500,2500,70,90,0,600,Volcanic Loamy Soil,High,Full Sun,Low,Medium,Low,Low,Medium,Plantation,Yes,Clove is one of the country's most valuable export crops.,,
Clove,Brazil,Bahia,South America,No,Commercial,Tropical,Spring,September-December,21,32,1200,2200,65,90,0,500,Well-drained Sandy Loam,Moderate,Full Sun,Low,High,Medium,Low,Medium,Plantation,Limited,Clove is cultivated on a limited commercial scale.,,
Clove,Malaysia,Sabah,Asia,No,Commercial,Tropical,Year-round,January-December,22,31,1800,3000,70,95,0,700,Fertile Loamy Soil,High,Partial Shade,Low,Medium,Low,Low,Medium,Plantation,Limited,Small-scale commercial cultivation supplies domestic spice markets.,,
Cinnamon,Sri Lanka,Central Province,Asia,Yes,Commercial,Tropical,Monsoon,May-August,20,30,1500,2500,70,95,300,1200,Well-drained Loamy Soil,High,Partial Shade,Low,Medium,Low,Low,Medium,Plantation,Yes,Sri Lanka is the native home of true cinnamon and the world's leading producer of Ceylon cinnamon.,,
Cinnamon,India,Kerala,Asia,No,Commercial,Tropical,Monsoon,June-September,20,32,2000,3500,75,95,0,900,Laterite Loam,High,Partial Shade,Low,Medium,Low,Low,Medium,Plantation,Yes,Kerala cultivates cinnamon as an important spice crop.,,
Cinnamon,India,Tamil Nadu,Asia,No,Commercial,Tropical,Monsoon,June-September,20,31,1200,2500,70,90,500,1500,Red Loamy Soil,Moderate,Partial Shade,Low,Medium,Low,Low,Medium,Plantation,Limited,Cultivated in the Western Ghats and Nilgiri regions.,,
Cinnamon,Indonesia,West Sumatra,Asia,No,Commercial,Tropical,Rainy Season,November-April,20,32,1800,3000,70,95,300,1500,Volcanic Loamy Soil,High,Partial Shade,Low,Medium,Low,Low,Medium,Plantation,Yes,Indonesia is one of the largest exporters of cinnamon.,,
Cinnamon,Vietnam,Yên Bái,Asia,No,Commercial,Subtropical,Rainy Season,May-October,18,30,1500,2500,70,90,400,1200,Mountain Loamy Soil,Moderate,Partial Shade,Low,Medium,Medium,Low,Medium,Plantation,Yes,Vietnam is well known for high-quality cassia cinnamon.,,
Cinnamon,China,Guangxi,Asia,No,Commercial,Subtropical,Spring,March-May,18,30,1200,2200,65,90,200,1000,Well-drained Loamy Soil,Moderate,Partial Shade,Low,Medium,Medium,Low,Medium,Plantation,Yes,Guangxi is a major cassia-producing region.,,
Cinnamon,Madagascar,Atsinanana,Africa,No,Commercial,Tropical,Rainy Season,November-April,21,31,1500,2500,70,90,0,700,Fertile Loamy Soil,High,Partial Shade,Low,Medium,Low,Low,Medium,Plantation,Limited,Commercial cinnamon cultivation supports the spice export industry.,,
Cinnamon,Seychelles,Mahé,Africa,No,Commercial,Tropical,Year-round,January-December,22,31,1800,2800,75,95,0,500,Rich Loamy Soil,High,Partial Shade,Low,Medium,Low,Low,Medium,Plantation,Limited,Cinnamon grows naturally and is harvested commercially.,,
Cinnamon,Tanzania,Zanzibar,Africa,No,Commercial,Tropical,Rainy Season,March-May,22,31,1500,2500,70,90,0,300,Coral Loam,High,Partial Shade,Low,Medium,Low,Medium,High,Plantation,Limited,Cinnamon is grown alongside clove plantations.,,
Cinnamon,Brazil,Bahia,South America,No,Commercial,Tropical,Spring,September-December,21,32,1200,2200,65,90,0,500,Well-drained Sandy Loam,Moderate,Partial Shade,Low,High,Medium,Low,Medium,Plantation,Limited,Small-scale commercial cultivation serves local spice markets.,,
Nutmeg,Indonesia,Maluku Islands,Asia,Yes,Commercial,Tropical,Rainy Season,November-April,20,32,1800,3500,70,95,0,800,Volcanic Loamy Soil,High,Partial Shade,Low,Medium,Low,Low,Medium,Plantation,Yes,The Maluku Islands are the native home of nutmeg and remain a major production region.,,
Nutmeg,India,Kerala,Asia,No,Commercial,Tropical,Monsoon,June-September,20,32,2000,3500,75,95,0,900,Laterite Loam,High,Partial Shade,Low,Medium,Low,Low,Medium,Plantation,Yes,Kerala is India's leading nutmeg-producing state.,,
Nutmeg,India,Tamil Nadu,Asia,No,Commercial,Tropical,Monsoon,June-September,20,31,1200,2500,70,90,500,1500,Red Loamy Soil,Moderate,Partial Shade,Low,Medium,Low,Low,Medium,Plantation,Limited,Nutmeg is cultivated in the Western Ghats and hill regions.,,
Nutmeg,Sri Lanka,Central Province,Asia,No,Commercial,Tropical,Monsoon,May-August,20,30,1800,3000,75,95,300,1200,Rich Loamy Soil,High,Partial Shade,Low,Medium,Low,Low,Medium,Plantation,Yes,Sri Lanka produces high-quality nutmeg and mace for export.,,
Nutmeg,Grenada,Saint Andrew,North America,No,Commercial,Tropical,Rainy Season,June-November,22,31,1500,2500,70,90,0,400,Well-drained Volcanic Soil,High,Partial Shade,Low,Medium,Low,Low,Medium,Plantation,Yes,Grenada is known as the 'Island of Spice' and is a major nutmeg exporter.,,
Nutmeg,Malaysia,Sabah,Asia,No,Commercial,Tropical,Year-round,January-December,22,32,1800,3000,70,95,0,700,Fertile Loamy Soil,High,Partial Shade,Low,Medium,Low,Low,Medium,Plantation,Limited,Commercial cultivation supports local spice production.,,
Nutmeg,Papua New Guinea,East Sepik,Oceania,No,Commercial,Tropical,Rainy Season,November-April,22,31,2000,3500,75,95,0,600,Volcanic Loamy Soil,High,Partial Shade,Low,Medium,Low,Low,Medium,Plantation,Limited,Nutmeg cultivation is increasing as an export crop.,,
Nutmeg,Tanzania,Zanzibar,Africa,No,Commercial,Tropical,Rainy Season,March-May,22,31,1500,2500,70,90,0,300,Coral Loam,High,Partial Shade,Low,Medium,Low,Medium,High,Plantation,Limited,Nutmeg is cultivated together with clove plantations.,,
Nutmeg,Brazil,Bahia,South America,No,Commercial,Tropical,Spring,September-December,21,32,1200,2200,65,90,0,500,Well-drained Sandy Loam,Moderate,Partial Shade,Low,High,Medium,Low,Medium,Plantation,Limited,Small-scale commercial production serves domestic markets.,,
Nutmeg,Comoros,Grande Comore,Africa,No,Commercial,Tropical,Rainy Season,November-April,21,31,1500,2500,70,90,0,600,Volcanic Loamy Soil,High,Partial Shade,Low,Medium,Low,Low,Medium,Plantation,Limited,Nutmeg is grown alongside cloves and other spice crops.,,
Vanilla,Madagascar,Sava,Africa,No,Commercial,Tropical,Rainy Season,November-April,21,32,1500,3000,70,95,0,800,Well-drained Loamy Soil,High,Partial Shade,Low,Medium,Low,Low,Medium,Vine Plantation,Yes,Madagascar is the world's largest producer of natural vanilla.,,
Vanilla,Indonesia,Papua,Asia,No,Commercial,Tropical,Rainy Season,November-April,22,32,1800,3500,70,95,0,700,Volcanic Loamy Soil,High,Partial Shade,Low,Medium,Low,Low,Medium,Vine Plantation,Yes,Indonesia is one of the leading exporters of vanilla beans.,,
Vanilla,India,Kerala,Asia,No,Commercial,Tropical,Monsoon,June-September,20,32,2000,3500,75,95,0,900,Laterite Loam,High,Partial Shade,Low,Medium,Low,Low,Medium,Agroforestry,Limited,Vanilla is cultivated under coconut and arecanut plantations.,,
Vanilla,India,Karnataka,Asia,No,Commercial,Tropical,Monsoon,June-September,20,31,1200,2500,70,90,500,1200,Red Loamy Soil,Moderate,Partial Shade,Low,Medium,Low,Low,Medium,Agroforestry,Limited,Commercial cultivation is concentrated in the Western Ghats.,,
Vanilla,Uganda,Central Region,Africa,No,Commercial,Tropical,Rainy Season,March-May,20,31,1200,2200,70,90,800,1500,Fertile Loamy Soil,Moderate,Partial Shade,Low,Medium,Medium,Low,Medium,Vine Plantation,Yes,Uganda is an important producer of high-quality vanilla beans.,,
Vanilla,Papua New Guinea,East Sepik,Oceania,No,Commercial,Tropical,Rainy Season,November-April,22,31,1800,3000,75,95,0,800,Volcanic Loamy Soil,High,Partial Shade,Low,Medium,Low,Low,Medium,Vine Plantation,Limited,Vanilla cultivation has expanded as an export crop.,,
Vanilla,Mexico,Veracruz,North America,Yes,Commercial,Tropical,Rainy Season,June-October,20,32,1200,2500,70,90,0,1200,Well-drained Loamy Soil,Moderate,Partial Shade,Low,Medium,Low,Low,Medium,Vine Plantation,Yes,Mexico is the native home of Vanilla planifolia.,,
Vanilla,Comoros,Grande Comore,Africa,No,Commercial,Tropical,Rainy Season,November-April,21,31,1500,2500,70,90,0,600,Volcanic Loamy Soil,High,Partial Shade,Low,Medium,Low,Low,Medium,Vine Plantation,Yes,Vanilla is an important export crop alongside cloves.,,
Vanilla,Tanzania,Kagera,Africa,No,Commercial,Tropical,Rainy Season,March-May,20,31,1200,2200,70,90,900,1600,Rich Loamy Soil,Moderate,Partial Shade,Low,Medium,Medium,Low,Medium,Vine Plantation,Limited,Commercial vanilla production is steadily increasing.,,
Vanilla,French Polynesia,Tahiti,Oceania,No,Commercial,Tropical,Year-round,January-December,22,30,1800,3000,75,95,0,500,Volcanic Loamy Soil,High,Partial Shade,Low,Medium,Low,Low,Medium,Vine Plantation,Yes,Tahitian vanilla is prized for its unique aroma and premium quality.,,
Turmeric,India,Telangana,Asia,Yes,Commercial,Tropical,Monsoon,June-September,20,35,800,1500,60,85,200,900,Well-drained Red Loamy Soil,Moderate,Full Sun,Low,High,Medium,Low,Medium,Field Cultivation,Yes,Telangana is one of India's leading turmeric-producing states.,,
Turmeric,India,Maharashtra,Asia,Yes,Commercial,Tropical,Monsoon,June-September,20,35,700,1200,55,80,200,800,Black Cotton Soil,Moderate,Full Sun,Low,High,Medium,Low,Medium,Field Cultivation,Yes,Sangli is an important turmeric-producing region.,,
Turmeric,India,Tamil Nadu,Asia,Yes,Commercial,Tropical,Monsoon,June-September,20,34,700,1400,55,80,100,700,Red Loamy Soil,Moderate,Full Sun,Low,High,Medium,Low,Medium,Field Cultivation,Yes,Erode is known as the Turmeric City of India.,,
Turmeric,India,Karnataka,Asia,Yes,Commercial,Tropical,Monsoon,June-September,20,34,700,1200,55,80,300,900,Well-drained Loamy Soil,Moderate,Full Sun,Low,High,Medium,Low,Medium,Field Cultivation,Yes,Karnataka is a major producer of high-quality turmeric.,,
Turmeric,India,Odisha,Asia,Yes,Commercial,Tropical,Monsoon,June-September,20,34,1000,1800,60,85,200,1000,Laterite Loam,Moderate,Full Sun,Low,High,Medium,Low,Medium,Field Cultivation,Yes,Turmeric is widely grown in tribal farming regions.,,
Turmeric,Bangladesh,Dhaka,Asia,No,Commercial,Tropical,Monsoon,May-August,22,34,1200,2200,65,90,0,300,Alluvial Loamy Soil,Moderate,Full Sun,Low,Medium,Medium,Low,Medium,Field Cultivation,Limited,Cultivated for domestic consumption and spice processing.,,
Turmeric,Nepal,Lumbini,Asia,No,Commercial,Subtropical,Monsoon,June-September,18,30,1000,1800,60,85,200,1200,Loamy Soil,Moderate,Full Sun,Low,Medium,Medium,Low,Medium,Field Cultivation,Limited,An important spice crop in the Terai region.,,
Turmeric,Sri Lanka,Central Province,Asia,No,Commercial,Tropical,Monsoon,May-August,22,32,1500,2500,70,90,300,1000,Rich Loamy Soil,High,Partial Shade,Low,Medium,Low,Low,Medium,Field Cultivation,Limited,Grown for culinary and medicinal purposes.,,
Turmeric,Indonesia,Java,Asia,No,Commercial,Tropical,Rainy Season,November-April,22,33,1500,2500,70,90,0,800,Volcanic Loamy Soil,High,Full Sun,Low,Medium,Low,Low,Medium,Field Cultivation,Limited,Commonly cultivated for food, medicine, and herbal products.
Turmeric,Nigeria,Kaduna,Africa,No,Commercial,Tropical,Rainy Season,May-October,21,34,900,1600,60,85,300,900,Well-drained Sandy Loam,Moderate,Full Sun,Low,High,Medium,Low,Medium,Field Cultivation,Limited,Commercial turmeric cultivation is expanding for export.,,
Ginger,India,Kerala,Asia,Yes,Commercial,Tropical,Monsoon,June-September,20,32,1500,3000,70,95,0,1500,Well-drained Loamy Soil,High,Partial Shade,Low,Medium,Low,Low,Medium,Field Cultivation,Yes,Kerala is one of India's major ginger-producing states.,,
Ginger,India,Karnataka,Asia,Yes,Commercial,Tropical,Monsoon,June-September,20,32,1000,2500,65,90,300,1200,Red Loamy Soil,Moderate,Partial Shade,Low,Medium,Medium,Low,Medium,Field Cultivation,Yes,Ginger is widely cultivated in the Western Ghats region.,,
Ginger,India,Meghalaya,Asia,Yes,Commercial,Subtropical,Monsoon,May-September,18,30,1800,3500,70,95,800,1800,Well-drained Loamy Soil,High,Partial Shade,Low,Medium,Low,Low,Medium,Field Cultivation,Yes,Meghalaya is known for producing high-quality organic ginger.,,
Ginger,India,Sikkim,Asia,Yes,Commercial,Temperate,Monsoon,May-September,15,28,1500,3000,70,95,1000,2000,Mountain Loamy Soil,High,Partial Shade,Medium,Low,Low,Low,Medium,Field Cultivation,Yes,Sikkim promotes organic ginger cultivation.,,
Ginger,Nigeria,Kaduna,Africa,No,Commercial,Tropical,Rainy Season,May-October,21,34,900,1600,60,85,300,900,Well-drained Sandy Loam,Moderate,Full Sun,Low,High,Medium,Low,Medium,Field Cultivation,Yes,Nigeria is one of Africa's leading ginger producers.,,
Ginger,China,Shandong,Asia,No,Commercial,Temperate,Spring,April-June,12,30,600,1000,55,80,0,500,Fertile Loamy Soil,Moderate,Full Sun,Medium,Medium,Medium,Low,Medium,Field Cultivation,Yes,China is one of the world's largest producers and exporters of ginger.,,
Ginger,Nepal,Lumbini,Asia,No,Commercial,Subtropical,Monsoon,June-September,18,30,1000,1800,60,85,200,1500,Loamy Soil,Moderate,Partial Shade,Low,Medium,Medium,Low,Medium,Field Cultivation,Limited,Ginger is widely grown in the mid-hill and Terai regions.,,
Ginger,Thailand,Chiang Rai,Asia,No,Commercial,Tropical,Rainy Season,May-October,22,33,1200,2200,65,90,300,1000,Well-drained Sandy Loam,Moderate,Full Sun,Low,High,Medium,Low,Medium,Field Cultivation,Yes,Commercial ginger farming supports the food and export industries.,,
Ginger,Indonesia,West Java,Asia,No,Commercial,Tropical,Rainy Season,November-April,22,33,1500,2500,70,90,200,1200,Volcanic Loamy Soil,High,Partial Shade,Low,Medium,Low,Low,Medium,Field Cultivation,Yes,Indonesia cultivates ginger extensively for culinary and medicinal use.,,
Ginger,Jamaica,Saint Ann,North America,No,Commercial,Tropical,Rainy Season,May-November,22,32,1200,2200,65,90,0,600,Well-drained Loamy Soil,Moderate,Full Sun,Low,Medium,Medium,Low,Medium,Field Cultivation,Limited,Jamaican ginger is internationally recognized for its strong aroma and quality.,,
Garlic,India,Madhya Pradesh,Asia,No,Commercial,Subtropical,Winter,October-March,10,30,500,1000,40,70,200,700,Well-drained Loamy Soil,Moderate,Full Sun,Medium,Medium,Medium,Low,Medium,Field Cultivation,Yes,Madhya Pradesh is India's largest garlic-producing state.,,
Garlic,India,Rajasthan,Asia,No,Commercial,Arid,Winter,October-March,8,30,200,600,30,60,200,600,Sandy Loam,Low,Full Sun,Medium,High,High,Low,High,Field Cultivation,Yes,Rajasthan produces high-quality garlic for domestic and export markets.,,
Garlic,India,Gujarat,Asia,No,Commercial,Semi-arid,Winter,October-March,10,32,400,800,35,65,0,500,Black Cotton Soil,Moderate,Full Sun,Medium,High,High,Low,Medium,Field Cultivation,Yes,Gujarat is a major garlic-growing state with strong market demand.,,
Garlic,China,Shandong,Asia,No,Commercial,Temperate,Spring,March-June,5,28,500,900,40,70,0,500,Fertile Loamy Soil,Moderate,Full Sun,High,Medium,Medium,Low,Medium,Field Cultivation,Yes,China is the world's largest producer and exporter of garlic.,,
Garlic,Spain,Castilla-La Mancha,Europe,No,Commercial,Mediterranean,Autumn,October-June,5,30,300,700,40,65,400,900,Well-drained Calcareous Soil,Low,Full Sun,Medium,High,High,Low,Medium,Field Cultivation,Yes,Spain is Europe's leading garlic producer.,,
Garlic,Egypt,Minya,Africa,No,Commercial,Arid,Winter,November-April,10,28,50,200,30,60,0,300,Sandy Loam,Low,Full Sun,Low,High,High,Medium,Medium,Irrigated Farming,Yes,Egypt exports large quantities of fresh and dried garlic.,,
Garlic,United States,California,North America,No,Commercial,Mediterranean,Spring,February-July,8,28,300,700,40,70,0,700,Well-drained Loamy Soil,Moderate,Full Sun,Medium,Medium,Medium,Low,Medium,Field Cultivation,Yes,California is the major garlic-producing state in the United States.,,
Garlic,Argentina,Mendoza,South America,No,Commercial,Temperate,Spring,September-January,6,28,200,600,35,65,500,1200,Well-drained Sandy Loam,Low,Full Sun,Medium,Medium,High,Low,Medium,Field Cultivation,Yes,Argentina is a significant exporter of garlic to global markets.,,
Garlic,Nepal,Lumbini,Asia,No,Commercial,Subtropical,Winter,October-March,8,28,800,1500,45,75,200,1500,Loamy Soil,Moderate,Full Sun,Medium,Medium,Medium,Low,Medium,Field Cultivation,Limited,Garlic is widely cultivated in the Terai and hill regions.,,
Garlic,Turkey,Kastamonu,Asia,No,Commercial,Temperate,Summer,April-August,8,28,400,900,40,70,500,1200,Well-drained Loamy Soil,Moderate,Full Sun,Medium,Medium,Medium,Low,Medium,Field Cultivation,Yes,Turkey is well known for premium-quality white garlic.,,
Onion,India,Maharashtra,Asia,No,Commercial,Tropical,Winter,October-March,12,32,500,1000,40,70,200,800,Well-drained Black Cotton Soil,Moderate,Full Sun,Medium,High,Medium,Low,Medium,Field Cultivation,Yes,Maharashtra is India's largest onion-producing state with major export markets.,,
Onion,India,Karnataka,Asia,No,Commercial,Tropical,Winter,October-February,15,32,500,900,40,70,300,900,Red Loamy Soil,Moderate,Full Sun,Medium,High,Medium,Low,Medium,Field Cultivation,Yes,Karnataka produces onions throughout the year using multiple growing seasons.,,
Onion,India,Madhya Pradesh,Asia,No,Commercial,Subtropical,Winter,10October-March,10,30,500,1000,40,70,200,700,Well-drained Loamy Soil,Moderate,Full Sun,Medium,Medium,Medium,Low,Medium,Field Cultivation,Yes,Madhya Pradesh is a major onion-producing state for domestic consumption.,,
Onion,China,Gansu,Asia,No,Commercial,Temperate,Spring,March-July,8,28,300,700,40,65,1000,2000,Fertile Loamy Soil,Moderate,Full Sun,High,Medium,Medium,Low,Medium,Field Cultivation,Yes,China is one of the world's largest onion producers.,,
Onion,United States,California,North America,No,Commercial,Mediterranean,Spring,February-July,8,28,300,700,40,70,0,700,Well-drained Sandy Loam,Moderate,Full Sun,Medium,Medium,Medium,Low,Medium,Field Cultivation,Yes,California is a leading producer of storage onions.,,
Onion,Netherlands,Flevoland,Europe,No,Commercial,Temperate,Spring,April-August,6,24,500,900,50,75,0,100,Clay Loam,Moderate,Full Sun,High,Low,Medium,Low,Medium,Field Cultivation,Yes,The Netherlands is a major exporter of onion seeds and bulbs.,,
Onion,Egypt,Beheira,Africa,No,Commercial,Arid,Winter,November-April,10,28,50,200,30,60,0,200,Sandy Loam,Low,Full Sun,Low,High,High,Medium,Medium,Irrigated Farming,Yes,Egypt exports onions extensively to international markets.,,
Onion,Turkey,Ankara,Asia,No,Commercial,Temperate,Spring,April-August,8,28,350,700,40,65,700,1200,Well-drained Loamy Soil,Moderate,Full Sun,Medium,Medium,Medium,Low,Medium,Field Cultivation,Yes,Turkey is an important onion producer for Europe and the Middle East.,,
Onion,Pakistan,Punjab,Asia,No,Commercial,Subtropical,Winter,October-March,10,30,300,700,35,65,200,600,Alluvial Loam,Moderate,Full Sun,Medium,High,High,Low,Medium,Field Cultivation,Yes,Punjab is Pakistan's largest onion-producing province.,,
Onion,Mexico,Guanajuato,North America,No,Commercial,Semi-arid,Winter,October-April,10,30,400,800,35,65,1500,2200,Well-drained Sandy Loam,Moderate,Full Sun,Medium,High,High,Low,Medium,Field Cultivation,Yes,Mexico exports large quantities of fresh onions to North America.,,
Potato,India,Uttar Pradesh,Asia,No,Commercial,Subtropical,Winter,October-February,10,30,600,1200,40,70,100,400,Well-drained Sandy Loam,Moderate,Full Sun,Medium,Medium,Medium,Low,Medium,Field Cultivation,Yes,Uttar Pradesh is India's largest potato-producing state.,,
Potato,India,West Bengal,Asia,No,Commercial,Subtropical,Winter,October-February,10,28,1200,1800,50,80,0,300,Alluvial Loam,Moderate,Full Sun,Medium,Medium,Medium,Low,Medium,Field Cultivation,Yes,West Bengal is one of India's leading potato producers.,,
Potato,India,Bihar,Asia,No,Commercial,Subtropical,Winter,October-February,10,28,800,1400,45,75,50,200,Fertile Loamy Soil,Moderate,Full Sun,Medium,Medium,Medium,Low,Medium,Field Cultivation,Yes,Potato is widely cultivated as a major food crop.,,
Potato,China,Inner Mongolia,Asia,No,Commercial,Temperate,Spring,April-September,8,25,300,600,40,70,1000,1800,Well-drained Loamy Soil,Moderate,Full Sun,High,Low,Medium,Low,Medium,Field Cultivation,Yes,China is the world's largest producer of potatoes.,,
Potato,Russia,Bryansk Oblast,Europe,No,Commercial,Temperate,Spring,May-September,5,22,400,800,45,75,150,300,Loamy Soil,Moderate,Full Sun,High,Low,Medium,Low,Medium,Field Cultivation,Yes,Potatoes are one of Russia's most important food crops.,,
Potato,Ukraine,Lviv Oblast,Europe,No,Commercial,Temperate,Spring,April-September,6,24,500,900,45,75,200,500,Fertile Black Soil,Moderate,Full Sun,High,Low,Medium,Low,Medium,Field Cultivation,Yes,Ukraine is a major potato producer in Eastern Europe.,,
Potato,Peru,Cusco,South America,Yes,Commercial,Highland,Spring,October-March,5,20,700,1500,50,80,2500,4200,Andean Loamy Soil,Moderate,Full Sun,High,Low,Medium,Low,Medium,Terrace Farming,Yes,Peru is the native home of the potato with thousands of traditional varieties.,,
Potato,United States,Idaho,North America,No,Commercial,Temperate,Spring,April-September,7,26,300,700,40,70,700,1600,Volcanic Loamy Soil,Moderate,Full Sun,High,Medium,Medium,Low,Medium,Field Cultivation,Yes,Idaho is internationally known for premium-quality potatoes.,,
Potato,Germany,Lower Saxony,Europe,No,Commercial,Temperate,Spring,April-September,7,24,500,900,45,75,0,300,Sandy Loam,Moderate,Full Sun,High,Low,Medium,Low,Medium,Field Cultivation,Yes,Lower Saxony is Germany's leading potato-growing region.,,
Potato,Netherlands,Flevoland,Europe,No,Commercial,Temperate,Spring,April-August,8,24,500,900,45,75,0,100,Clay Loam,Moderate,Full Sun,High,Low,Medium,Low,Medium,Field Cultivation,Yes,The Netherlands is renowned for high-quality seed potato production.,,
Tomato,India,Andhra Pradesh,Asia,No,Commercial,Tropical,Winter,October-February,18,32,600,1200,50,80,0,600,Well-drained Sandy Loam,Moderate,Full Sun,Low,High,Medium,Low,Medium,Field Cultivation,Yes,Andhra Pradesh is India's largest tomato-producing state.,,
Tomato,India,Karnataka,Asia,No,Commercial,Tropical,Winter,October-February,18,32,600,1000,50,75,300,900,Red Loamy Soil,Moderate,Full Sun,Low,High,Medium,Low,Medium,Field Cultivation,Yes,Karnataka supplies tomatoes throughout the year to major markets.,,
Tomato,India,Madhya Pradesh,Asia,No,Commercial,Subtropical,Winter,October-March,16,30,500,1000,45,75,200,700,Well-drained Loamy Soil,Moderate,Full Sun,Low,Medium,Medium,Low,Medium,Field Cultivation,Yes,Madhya Pradesh is an important tomato-producing state.,,
Tomato,China,Xinjiang,Asia,No,Commercial,Temperate,Summer,April-August,15,30,200,500,35,65,500,1200,Sandy Loam,Moderate,Full Sun,Low,High,Medium,Low,Medium,Field Cultivation,Yes,China is the world's largest producer of tomatoes.,,
Tomato,United States,California,North America,No,Commercial,Mediterranean,Spring,March-August,15,30,250,600,40,70,0,700,Well-drained Loamy Soil,Moderate,Full Sun,Low,High,Medium,Low,Medium,Field Cultivation,Yes,California leads the United States in processing tomato production.,,
Tomato,Turkey,Antalya,Asia,No,Commercial,Mediterranean,Spring,March-July,15,30,600,1200,45,75,0,800,Well-drained Sandy Loam,Moderate,Full Sun,Low,High,Medium,Low,Medium,Greenhouse and Field,Yes,Turkey is one of the world's leading tomato producers.,,
Tomato,Italy,Emilia-Romagna,Europe,No,Commercial,Mediterranean,Spring,April-August,14,30,500,900,45,75,0,500,Fertile Loamy Soil,Moderate,Full Sun,Low,Medium,Medium,Low,Medium,Field Cultivation,Yes,The region is famous for processing tomatoes used in sauces.,,
Tomato,Spain,Extremadura,Europe,No,Commercial,Mediterranean,Spring,March-July,15,30,350,700,40,70,200,600,Alluvial Loam,Moderate,Full Sun,Low,High,Medium,Low,Medium,Field Cultivation,Yes,Extremadura is Spain's largest tomato-producing region.,,
Tomato,Mexico,Sinaloa,North America,No,Commercial,Subtropical,Winter,October-April,18,32,300,700,45,75,0,500,Well-drained Sandy Loam,Moderate,Full Sun,Low,High,Medium,Low,Medium,Greenhouse and Field,Yes,Mexico is a major exporter of fresh tomatoes.,,
Tomato,Egypt,Beheira,Africa,No,Commercial,Arid,Winter,October-March,18,30,50,200,30,60,0,200,Sandy Loam,Low,Full Sun,Low,High,High,Medium,Medium,Irrigated Farming,Yes,Egypt produces tomatoes year-round using irrigation.,,
Brinjal,India,West Bengal,Asia,Yes,Commercial,Tropical,Winter,October-February,20,32,1000,1800,55,80,0,300,Well-drained Alluvial Loam,Moderate,Full Sun,Low,High,Medium,Low,Medium,Field Cultivation,Yes,West Bengal is India's leading brinjal-producing state.,,
Brinjal,India,Odisha,Asia,Yes,Commercial,Tropical,Winter,October-February,20,34,1000,1800,55,80,0,800,Laterite Loam,Moderate,Full Sun,Low,High,Medium,Low,Medium,Field Cultivation,Yes,Brinjal is widely cultivated throughout Odisha for local markets.,,
Brinjal,India,Karnataka,Asia,Yes,Commercial,Tropical,Year-round,January-December,20,34,600,1200,50,75,300,900,Red Loamy Soil,Moderate,Full Sun,Low,High,Medium,Low,Medium,Field Cultivation,Yes,Karnataka grows brinjal across multiple cropping seasons.,,
Brinjal,India,Bihar,Asia,Yes,Commercial,Subtropical,Winter,October-March,18,32,800,1400,50,75,50,300,Fertile Loamy Soil,Moderate,Full Sun,Low,Medium,Medium,Low,Medium,Field Cultivation,Yes,Brinjal is one of Bihar's important vegetable crops.,,
Brinjal,Bangladesh,Dhaka,Asia,No,Commercial,Tropical,Winter,October-February,20,33,1200,2200,60,85,0,300,Alluvial Loamy Soil,Moderate,Full Sun,Low,High,Medium,Low,Medium,Field Cultivation,Yes,Brinjal is one of the most commonly cultivated vegetables in Bangladesh.,,
Brinjal,China,Shandong,Asia,No,Commercial,Temperate,Spring,April-August,18,30,500,900,45,70,0,500,Well-drained Loamy Soil,Moderate,Full Sun,Low,Medium,Medium,Low,Medium,Field Cultivation,Yes,China is the world's largest producer of eggplant.,,
Brinjal,Turkey,Antalya,Asia,No,Commercial,Mediterranean,Spring,March-July,18,30,600,1200,45,70,0,800,Sandy Loam,Moderate,Full Sun,Low,High,Medium,Low,Medium,Greenhouse and Field,Yes,Turkey is a major producer of eggplant for domestic consumption and export.,,
Brinjal,Egypt,Giza,Africa,No,Commercial,Arid,Winter,October-March,18,32,50,200,30,60,0,200,Sandy Loam,Low,Full Sun,Low,High,High,Medium,Medium,Irrigated Farming,Yes,Eggplant is cultivated year-round under irrigated conditions.,,
Brinjal,Italy,Sicily,Europe,No,Commercial,Mediterranean,Spring,March-July,18,30,400,800,45,70,0,500,Fertile Loamy Soil,Moderate,Full Sun,Low,High,Medium,Low,Medium,Field Cultivation,Yes,Sicily is famous for producing Mediterranean eggplant varieties.,,
Brinjal,Philippines,Central Luzon,Asia,No,Commercial,Tropical,Year-round,January-December,22,34,1500,2500,65,90,0,500,Well-drained Loamy Soil,High,Full Sun,Low,Medium,Low,Low,Medium,Field Cultivation,Yes,Brinjal is widely cultivated for domestic vegetable markets.,,
Chilli,India,Andhra Pradesh,Asia,No,Commercial,Tropical,Monsoon,June-September,20,35,600,1200,50,75,0,600,Well-drained Sandy Loam,Moderate,Full Sun,Low,High,Medium,Low,Medium,Field Cultivation,Yes,Andhra Pradesh is India's largest producer of dry red chilli.,,
Chilli,India,Telangana,Asia,No,Commercial,Tropical,Monsoon,June-September,20,35,600,1000,50,75,200,700,Red Loamy Soil,Moderate,Full Sun,Low,High,Medium,Low,Medium,Field Cultivation,Yes,Telangana is famous for high-quality chilli cultivation, especially in Khammam.,
Chilli,India,Karnataka,Asia,No,Commercial,Tropical,Monsoon,June-September,20,34,500,900,45,70,300,900,Well-drained Loamy Soil,Moderate,Full Sun,Low,High,Medium,Low,Medium,Field Cultivation,Yes,Karnataka is a major producer of both green and dry chillies.,,
Chilli,India,Maharashtra,Asia,No,Commercial,Tropical,Monsoon,June-September,20,35,500,1000,45,70,200,800,Black Cotton Soil,Moderate,Full Sun,Low,High,Medium,Low,Medium,Field Cultivation,Yes,Maharashtra produces chillies for domestic consumption and export.,,
Chilli,China,Henan,Asia,No,Commercial,Temperate,Summer,April-August,18,32,500,900,45,70,0,800,Fertile Loamy Soil,Moderate,Full Sun,Low,High,Medium,Low,Medium,Field Cultivation,Yes,China is one of the world's largest chilli producers.,,
Chilli,Mexico,Chihuahua,North America,Yes,Commercial,Semi-arid,Spring,March-July,18,34,300,700,35,65,500,1500,Well-drained Sandy Loam,Low,Full Sun,Low,High,High,Low,Medium,Field Cultivation,Yes,Mexico is the center of origin and diversity for many chilli varieties.,,
Chilli,Thailand,Chiang Mai,Asia,No,Commercial,Tropical,Rainy Season,May-October,22,34,1200,2200,60,85,300,1000,Well-drained Loamy Soil,Moderate,Full Sun,Low,High,Medium,Low,Medium,Field Cultivation,Yes,Thai bird's eye chillies are widely cultivated.,,
Chilli,Indonesia,West Java,Asia,No,Commercial,Tropical,Rainy Season,November-April,22,33,1500,2500,65,90,200,1200,Volcanic Loamy Soil,High,Full Sun,Low,Medium,Low,Low,Medium,Field Cultivation,Yes,Indonesia grows chillies extensively for domestic consumption.,,
Chilli,Peru,Lambayeque,South America,Yes,Commercial,Subtropical,Summer,September-March,18,30,100,500,40,65,0,800,Sandy Loam,Low,Full Sun,Low,High,High,Low,Medium,Field Cultivation,Yes,Peru is home to several native Capsicum species and traditional chilli varieties.,,
Chilli,Nigeria,Kaduna,Africa,No,Commercial,Tropical,Rainy Season,May-October,20,34,800,1400,55,80,300,900,Well-drained Sandy Loam,Moderate,Full Sun,Low,High,Medium,Low,Medium,Field Cultivation,Limited,Commercial chilli cultivation is expanding for local consumption and export.,,
Capsicum,India,Himachal Pradesh,Asia,No,Commercial,Temperate,Summer,April-August,15,28,800,1500,50,80,1000,2200,Well-drained Loamy Soil,Moderate,Full Sun,Medium,Medium,Medium,Low,Medium,Field Cultivation,Yes,Himachal Pradesh is a major producer of colored capsicum under protected cultivation.,,
Capsicum,India,Karnataka,Asia,No,Commercial,Tropical,Winter,October-February,18,30,600,1000,50,75,300,900,Red Loamy Soil,Moderate,Full Sun,Low,High,Medium,Low,Medium,Greenhouse and Field,Yes,Karnataka cultivates capsicum extensively for domestic and export markets.,,
Capsicum,India,Tamil Nadu,Asia,No,Commercial,Tropical,Winter,October-February,18,30,700,1200,50,75,200,800,Well-drained Loamy Soil,Moderate,Full Sun,Low,High,Medium,Low,Medium,Greenhouse and Field,Yes,Polyhouse cultivation has increased commercial production.,,
Capsicum,China,Shandong,Asia,No,Commercial,Temperate,Spring,April-August,16,28,500,900,45,70,0,800,Fertile Loamy Soil,Moderate,Full Sun,Medium,Medium,Medium,Low,Medium,Field Cultivation,Yes,China is the world's largest producer of sweet peppers.,,
Capsicum,Netherlands,South Holland,Europe,No,Commercial,Temperate,Year-round,January-December,18,26,600,900,60,80,0,100,Greenhouse Growing Medium,Moderate,Full Sun,Low,Medium,Low,Low,Medium,Greenhouse,Yes,The Netherlands is a global leader in greenhouse capsicum production.,,
Capsicum,Spain,Almería,Europe,No,Commercial,Mediterranean,Winter,September-April,15,28,200,500,45,70,0,400,Sandy Loam,Low,Full Sun,Low,High,Medium,Low,Medium,Greenhouse,Yes,Almería is famous for large-scale greenhouse pepper cultivation.,,
Capsicum,Mexico,Sinaloa,North America,No,Commercial,Subtropical,Winter,October-April,18,32,300,700,45,70,0,500,Well-drained Sandy Loam,Moderate,Full Sun,Low,High,Medium,Low,Medium,Field Cultivation,Yes,Mexico is a major exporter of fresh bell peppers.,,
Capsicum,United States,California,North America,No,Commercial,Mediterranean,Spring,March-August,16,30,250,600,40,70,0,700,Well-drained Loamy Soil,Moderate,Full Sun,Low,High,Medium,Low,Medium,Field Cultivation,Yes,California leads U.S. bell pepper production.,,
Capsicum,Turkey,Antalya,Asia,No,Commercial,Mediterranean,Spring,March-July,16,30,600,1200,45,70,0,800,Sandy Loam,Moderate,Full Sun,Low,High,Medium,Low,Medium,Greenhouse and Field,Yes,Turkey is an important producer of sweet peppers for European markets.,,
Capsicum,Israel,Southern District,Asia,No,Commercial,Arid,Winter,October-April,18,30,50,250,35,60,0,400,Sandy Loam,Low,Full Sun,Low,High,High,Medium,Medium,Greenhouse,Yes,Advanced greenhouse technology supports year-round capsicum production.,,
Cabbage,India,West Bengal,Asia,No,Commercial,Subtropical,Winter,October-February,10,25,1000,1800,50,80,0,300,Well-drained Loamy Soil,Moderate,Full Sun,Medium,Low,Medium,Low,Medium,Field Cultivation,Yes,West Bengal is one of India's leading cabbage-producing states.,,
Cabbage,India,Bihar,Asia,No,Commercial,Subtropical,Winter,October-February,10,25,800,1400,50,75,50,300,Fertile Alluvial Loam,Moderate,Full Sun,Medium,Low,Medium,Low,Medium,Field Cultivation,Yes,Cabbage is widely grown during the rabi season.,,
Cabbage,India,Himachal Pradesh,Asia,No,Commercial,Temperate,Summer,April-August,8,22,900,1500,55,80,1000,2500,Mountain Loamy Soil,Moderate,Full Sun,High,Low,Medium,Low,Medium,Field Cultivation,Yes,Hill regions produce high-quality summer cabbage.,,
Cabbage,China,Hebei,Asia,No,Commercial,Temperate,Spring,March-June,8,24,400,800,45,70,0,800,Fertile Loamy Soil,Moderate,Full Sun,High,Low,Medium,Low,Medium,Field Cultivation,Yes,China is the world's largest producer of cabbage.,,
Cabbage,Russia,Krasnodar Krai,Europe,No,Commercial,Temperate,Spring,April-August,6,22,500,900,45,75,0,500,Well-drained Loamy Soil,Moderate,Full Sun,High,Low,Medium,Low,Medium,Field Cultivation,Yes,Cabbage is an important vegetable crop across Russia.,,
Cabbage,Poland,Greater Poland Voivodeship,Europe,No,Commercial,Temperate,Spring,April-August,7,22,500,800,45,75,0,300,Clay Loam,Moderate,Full Sun,High,Low,Medium,Low,Medium,Field Cultivation,Yes,Poland is one of Europe's leading cabbage producers.,,
Cabbage,Netherlands,North Holland,Europe,No,Commercial,Temperate,Spring,April-August,8,22,600,900,50,75,0,100,Marine Clay Soil,Moderate,Full Sun,High,Low,Medium,Low,Medium,Field Cultivation,Yes,The Netherlands produces cabbage for fresh and processing markets.,,
Cabbage,United States,California,North America,No,Commercial,Mediterranean,Winter,October-April,10,24,250,600,45,70,0,700,Well-drained Loamy Soil,Moderate,Full Sun,Medium,Low,Medium,Low,Medium,Field Cultivation,Yes,California is the leading cabbage-producing state in the U.S.,,
Cabbage,Japan,Nagano,Asia,No,Commercial,Temperate,Summer,May-September,8,24,900,1600,50,80,800,1500,Volcanic Loamy Soil,Moderate,Full Sun,High,Low,Medium,Low,Medium,Field Cultivation,Yes,Nagano is famous for high-quality summer cabbage.,,
Cabbage,South Korea,Gangwon,Asia,No,Commercial,Temperate,Summer,May-September,8,24,900,1600,50,80,600,1400,Mountain Loamy Soil,Moderate,Full Sun,High,Low,Medium,Low,Medium,Field Cultivation,Yes,Gangwon Province produces cabbage used extensively for kimchi.,,
Cauliflower,India,West Bengal,Asia,No,Commercial,Subtropical,Winter,October-February,10,25,1000,1800,50,80,0,300,Well-drained Loamy Soil,Moderate,Full Sun,Medium,Low,Medium,Low,Medium,Field Cultivation,Yes,West Bengal is one of India's leading cauliflower-producing states.,,
Cauliflower,India,Bihar,Asia,No,Commercial,Subtropical,Winter,October-February,10,25,800,1400,50,75,50,300,Fertile Alluvial Loam,Moderate,Full Sun,Medium,Low,Medium,Low,Medium,Field Cultivation,Yes,Bihar is a major producer supplying fresh cauliflower to northern India.,,
Cauliflower,India,Uttar Pradesh,Asia,No,Commercial,Subtropical,Winter,October-February,10,25,600,1200,45,75,100,400,Well-drained Sandy Loam,Moderate,Full Sun,Medium,Low,Medium,Low,Medium,Field Cultivation,Yes,Uttar Pradesh produces cauliflower extensively during the rabi season.,,
Cauliflower,China,Hebei,Asia,No,Commercial,Temperate,Spring,March-June,8,24,400,800,45,70,0,800,Fertile Loamy Soil,Moderate,Full Sun,High,Low,Medium,Low,Medium,Field Cultivation,Yes,China is the world's largest producer of cauliflower.,,
Cauliflower,Spain,Murcia,Europe,No,Commercial,Mediterranean,Winter,October-March,10,24,250,500,45,70,0,400,Well-drained Sandy Loam,Low,Full Sun,Medium,Medium,Medium,Low,Medium,Field Cultivation,Yes,Murcia is Spain's largest cauliflower-producing region.,,
Cauliflower,France,Brittany,Europe,No,Commercial,Temperate,Spring,April-August,8,22,700,1200,50,80,0,300,Loamy Soil,Moderate,Full Sun,High,Low,Medium,Low,Medium,Field Cultivation,Yes,Brittany is renowned for high-quality cauliflower production.,,
Cauliflower,Italy,Apulia,Europe,No,Commercial,Mediterranean,Winter,October-March,10,24,400,800,45,70,0,500,Fertile Loamy Soil,Moderate,Full Sun,Medium,Medium,Medium,Low,Medium,Field Cultivation,Yes,Apulia produces cauliflower for domestic and export markets.,,
Cauliflower,United States,California,North America,No,Commercial,Mediterranean,Winter,October-April,10,24,250,600,45,70,0,700,Well-drained Loamy Soil,Moderate,Full Sun,Medium,Low,Medium,Low,Medium,Field Cultivation,Yes,California leads cauliflower production in the United States.,,
Cauliflower,Japan,Aichi,Asia,No,Commercial,Temperate,Spring,April-June,8,22,900,1500,50,80,0,500,Volcanic Loamy Soil,Moderate,Full Sun,High,Low,Medium,Low,Medium,Field Cultivation,Yes,Aichi Prefecture is known for high-quality vegetable cultivation.,,
Cauliflower,Mexico,Guanajuato,North America,No,Commercial,Subtropical,Winter,October-March,12,26,400,800,45,70,1500,2200,Well-drained Sandy Loam,Moderate,Full Sun,Medium,Medium,Medium,Low,Medium,Field Cultivation,Yes,Guanajuato is an important cauliflower-growing region supplying domestic and export markets.,,
Broccoli,India,Himachal Pradesh,Asia,No,Commercial,Temperate,Winter,October-February,10,24,800,1500,50,80,1000,2500,Well-drained Loamy Soil,Moderate,Full Sun,High,Low,Medium,Low,Medium,Field Cultivation,Yes,Himachal Pradesh is one of India's leading broccoli-producing states.,,
Broccoli,India,Uttarakhand,Asia,No,Commercial,Temperate,Winter,October-February,10,24,900,1800,50,80,1200,2500,Mountain Loamy Soil,Moderate,Full Sun,High,Low,Medium,Low,Medium,Field Cultivation,Yes,Broccoli is widely cultivated in the hill districts for urban markets.,,
Broccoli,India,Karnataka,Asia,No,Commercial,Subtropical,Winter,October-January,15,28,600,1000,45,75,700,1200,Red Loamy Soil,Moderate,Full Sun,Medium,Medium,Medium,Low,Medium,Field Cultivation,Yes,Commercial broccoli farming is increasing around Bengaluru.,,
Broccoli,China,Shandong,Asia,No,Commercial,Temperate,Spring,March-June,8,24,500,900,45,70,0,800,Fertile Loamy Soil,Moderate,Full Sun,High,Low,Medium,Low,Medium,Field Cultivation,Yes,China is the world's largest producer of broccoli.,,
Broccoli,United States,California,North America,No,Commercial,Mediterranean,Winter,October-April,10,24,250,600,45,70,0,700,Well-drained Loamy Soil,Moderate,Full Sun,Medium,Low,Medium,Low,Medium,Field Cultivation,Yes,California dominates broccoli production in the United States.,,
Broccoli,Mexico,Guanajuato,North America,No,Commercial,Subtropical,Winter,October-March,12,26,400,800,45,70,1500,2200,Well-drained Sandy Loam,Moderate,Full Sun,Medium,Medium,Medium,Low,Medium,Field Cultivation,Yes,Mexico exports fresh broccoli to North America.,,
Broccoli,Spain,Murcia,Europe,No,Commercial,Mediterranean,Winter,October-March,10,24,250,500,45,70,0,400,Sandy Loam,Low,Full Sun,Medium,Medium,Medium,Low,Medium,Field Cultivation,Yes,Murcia is Europe's leading broccoli-growing region.,,
Broccoli,Italy,Apulia,Europe,No,Commercial,Mediterranean,Winter,October-March,10,24,400,800,45,70,0,500,Fertile Loamy Soil,Moderate,Full Sun,Medium,Medium,Medium,Low,Medium,Field Cultivation,Yes,Apulia produces broccoli for domestic consumption and export.,,
Broccoli,United Kingdom,Lincolnshire,Europe,No,Commercial,Temperate,Summer,May-September,8,22,600,1000,50,80,0,200,Clay Loam,Moderate,Full Sun,High,Low,Medium,Low,Medium,Field Cultivation,Yes,Lincolnshire is a major broccoli-producing region in the UK.,,
Broccoli,Japan,Hokkaido,Asia,No,Commercial,Temperate,Summer,May-September,8,22,700,1200,50,80,100,500,Volcanic Loamy Soil,Moderate,Full Sun,High,Low,Medium,Low,Medium,Field Cultivation,Yes,Hokkaido is known for premium-quality broccoli production.,,
Carrot,India,Haryana,Asia,No,Commercial,Subtropical,Winter,October-February,10,25,400,800,45,75,200,400,Well-drained Sandy Loam,Moderate,Full Sun,Medium,Low,Medium,Low,Medium,Field Cultivation,Yes,Haryana is a major producer of table carrots in northern India.,,
Carrot,India,Punjab,Asia,No,Commercial,Subtropical,Winter,October-February,10,25,400,800,45,75,200,500,Fertile Alluvial Loam,Moderate,Full Sun,Medium,Low,Medium,Low,Medium,Field Cultivation,Yes,Punjab cultivates carrots extensively during the rabi season.,,
Carrot,India,Karnataka,Asia,No,Commercial,Temperate,Winter,October-January,12,24,600,1000,45,75,700,1500,Red Loamy Soil,Moderate,Full Sun,Medium,Low,Medium,Low,Medium,Field Cultivation,Yes,Hill regions of Karnataka produce high-quality carrots.,,
Carrot,China,Shandong,Asia,No,Commercial,Temperate,Spring,March-June,8,24,500,900,45,70,0,800,Well-drained Loamy Soil,Moderate,Full Sun,High,Low,Medium,Low,Medium,Field Cultivation,Yes,China is the world's largest producer of carrots.,,
Carrot,United States,California,North America,No,Commercial,Mediterranean,Winter,October-April,10,24,250,600,45,70,0,700,Sandy Loam,Moderate,Full Sun,Medium,Low,Medium,Low,Medium,Field Cultivation,Yes,California leads U.S. carrot production for fresh and processing markets.,,
Carrot,United Kingdom,Norfolk,Europe,No,Commercial,Temperate,Summer,May-September,8,22,600,1000,50,80,0,200,Sandy Loam,Moderate,Full Sun,High,Low,Medium,Low,Medium,Field Cultivation,Yes,Norfolk is well known for large-scale carrot cultivation.,,
Carrot,Netherlands,Flevoland,Europe,No,Commercial,Temperate,Spring,April-August,8,22,500,900,45,75,0,100,Marine Clay Soil,Moderate,Full Sun,High,Low,Medium,Low,Medium,Field Cultivation,Yes,The Netherlands produces high-quality carrots for European markets.,,
Carrot,Australia,Tasmania,Oceania,No,Commercial,Temperate,Summer,November-March,10,24,600,1200,50,80,0,500,Well-drained Loamy Soil,Moderate,Full Sun,Medium,Low,Medium,Low,Medium,Field Cultivation,Yes,Tasmania produces premium carrots for domestic use and export.,,
Carrot,France,Aquitaine,Europe,No,Commercial,Temperate,Spring,April-August,8,22,600,1000,50,80,0,300,Fertile Sandy Loam,Moderate,Full Sun,High,Low,Medium,Low,Medium,Field Cultivation,Yes,France is a major European producer of fresh carrots.,,
Carrot,Japan,Hokkaido,Asia,No,Commercial,Temperate,Summer,May-September,8,22,700,1200,50,80,100,500,Volcanic Loamy Soil,Moderate,Full Sun,High,Low,Medium,Low,Medium,Field Cultivation,Yes,Hokkaido is Japan's leading carrot-producing region.,,
