plant_name,disease_name,disease_type,symptoms,causes,prevention,treatment,affected_parts,severity
Mango,Anthracnose,Fungal,"Dark, sunken lesions on leaves, twigs and fruit; fruit develops black rotten spots as it ripens.","Colletotrichum fungus thriving in warm, humid, wet weather; spread by rain splash.","Prune for good airflow, avoid overhead watering, remove fallen leaves and mummified fruit.",Spray copper-based fungicide at flowering and fruit set; remove and destroy infected plant parts.,"Leaves, twigs, fruit",Moderate to High
Mango,Powdery Mildew,Fungal,"White powdery coating on young leaves, shoots and flower panicles; distorted new growth.","Fungal spores favoured by warm days, cool nights and poor air circulation.","Prune to open up the canopy, avoid excess nitrogen fertilizer, space trees adequately.",Apply wettable sulfur or neem oil spray at first sign of infection; repeat every 7-10 days.,"Leaves, young shoots, flowers",Moderate
Mango,Root Rot,Fungal,Wilting and yellowing leaves despite moist soil; roots turn brown/black and mushy; stunted growth.,"Waterlogged, poorly drained soil favouring Phytophthora/Pythium fungi.","Plant in well-drained soil or raised beds; avoid overwatering, especially in monsoon.","Improve drainage, trim away rotten roots, apply a systemic fungicide drench.","Roots, root collar",High
Mango,Bacterial Canker / Leaf Spot,Bacterial,Water-soaked spots on leaves that turn brown with a yellow halo; raised corky lesions on fruit and twigs.,Xanthomonas bacteria spread by wind-driven rain and contaminated pruning tools.,"Use certified disease-free planting material, disinfect pruning tools, avoid overhead irrigation.",Spray copper-based bactericide; prune and destroy infected branches.,"Leaves, fruit, twigs",High
Mango,Fruit Fly Infestation,Pest,Small puncture marks on ripening fruit; maggots tunnelling inside causing premature fruit drop and rot.,Fruit flies (Bactrocera spp.) laying eggs in maturing fruit.,"Use pheromone/methyl eugenol traps, bag fruit clusters, maintain orchard sanitation.",Apply approved insecticide bait spray; collect and destroy fallen infested fruit.,Fruit,Moderate to High
Mango,Sooty Mould,Fungal (secondary),"Black sooty coating over leaves and stems, reducing photosynthesis and vigour.","Growth of sooty mould fungus on honeydew excreted by aphids, scale or mealybugs.",Control sap-sucking insect pests early; encourage natural predators like ladybirds.,Wash off with a mild soap-water spray; treat the underlying insect infestation with neem oil.,"Leaves, stems",Low to Moderate
Lichi,Anthracnose,Fungal,"Dark, sunken lesions on leaves, twigs and fruit; fruit develops black rotten spots as it ripens.","Colletotrichum fungus thriving in warm, humid, wet weather; spread by rain splash.","Prune for good airflow, avoid overhead watering, remove fallen leaves and mummified fruit.",Spray copper-based fungicide at flowering and fruit set; remove and destroy infected plant parts.,"Leaves, twigs, fruit",Moderate to High
Lichi,Powdery Mildew,Fungal,"White powdery coating on young leaves, shoots and flower panicles; distorted new growth.","Fungal spores favoured by warm days, cool nights and poor air circulation.","Prune to open up the canopy, avoid excess nitrogen fertilizer, space trees adequately.",Apply wettable sulfur or neem oil spray at first sign of infection; repeat every 7-10 days.,"Leaves, young shoots, flowers",Moderate
Lichi,Root Rot,Fungal,Wilting and yellowing leaves despite moist soil; roots turn brown/black and mushy; stunted growth.,"Waterlogged, poorly drained soil favouring Phytophthora/Pythium fungi.","Plant in well-drained soil or raised beds; avoid overwatering, especially in monsoon.","Improve drainage, trim away rotten roots, apply a systemic fungicide drench.","Roots, root collar",High
Lichi,Bacterial Canker / Leaf Spot,Bacterial,Water-soaked spots on leaves that turn brown with a yellow halo; raised corky lesions on fruit and twigs.,Xanthomonas bacteria spread by wind-driven rain and contaminated pruning tools.,"Use certified disease-free planting material, disinfect pruning tools, avoid overhead irrigation.",Spray copper-based bactericide; prune and destroy infected branches.,"Leaves, fruit, twigs",High
Lichi,Fruit Fly Infestation,Pest,Small puncture marks on ripening fruit; maggots tunnelling inside causing premature fruit drop and rot.,Fruit flies (Bactrocera spp.) laying eggs in maturing fruit.,"Use pheromone/methyl eugenol traps, bag fruit clusters, maintain orchard sanitation.",Apply approved insecticide bait spray; collect and destroy fallen infested fruit.,Fruit,Moderate to High
Lichi,Sooty Mould,Fungal (secondary),"Black sooty coating over leaves and stems, reducing photosynthesis and vigour.","Growth of sooty mould fungus on honeydew excreted by aphids, scale or mealybugs.",Control sap-sucking insect pests early; encourage natural predators like ladybirds.,Wash off with a mild soap-water spray; treat the underlying insect infestation with neem oil.,"Leaves, stems",Low to Moderate
Strawberry,Anthracnose,Fungal,"Dark, sunken lesions on leaves, twigs and fruit; fruit develops black rotten spots as it ripens.","Colletotrichum fungus thriving in warm, humid, wet weather; spread by rain splash.","Prune for good airflow, avoid overhead watering, remove fallen leaves and mummified fruit.",Spray copper-based fungicide at flowering and fruit set; remove and destroy infected plant parts.,"Leaves, twigs, fruit",Moderate to High
Strawberry,Powdery Mildew,Fungal,"White powdery coating on young leaves, shoots and flower panicles; distorted new growth.","Fungal spores favoured by warm days, cool nights and poor air circulation.","Prune to open up the canopy, avoid excess nitrogen fertilizer, space trees adequately.",Apply wettable sulfur or neem oil spray at first sign of infection; repeat every 7-10 days.,"Leaves, young shoots, flowers",Moderate
Strawberry,Root Rot,Fungal,Wilting and yellowing leaves despite moist soil; roots turn brown/black and mushy; stunted growth.,"Waterlogged, poorly drained soil favouring Phytophthora/Pythium fungi.","Plant in well-drained soil or raised beds; avoid overwatering, especially in monsoon.","Improve drainage, trim away rotten roots, apply a systemic fungicide drench.","Roots, root collar",High
Strawberry,Bacterial Canker / Leaf Spot,Bacterial,Water-soaked spots on leaves that turn brown with a yellow halo; raised corky lesions on fruit and twigs.,Xanthomonas bacteria spread by wind-driven rain and contaminated pruning tools.,"Use certified disease-free planting material, disinfect pruning tools, avoid overhead irrigation.",Spray copper-based bactericide; prune and destroy infected branches.,"Leaves, fruit, twigs",High
Strawberry,Fruit Fly Infestation,Pest,Small puncture marks on ripening fruit; maggots tunnelling inside causing premature fruit drop and rot.,Fruit flies (Bactrocera spp.) laying eggs in maturing fruit.,"Use pheromone/methyl eugenol traps, bag fruit clusters, maintain orchard sanitation.",Apply approved insecticide bait spray; collect and destroy fallen infested fruit.,Fruit,Moderate to High
Strawberry,Sooty Mould,Fungal (secondary),"Black sooty coating over leaves and stems, reducing photosynthesis and vigour.","Growth of sooty mould fungus on honeydew excreted by aphids, scale or mealybugs.",Control sap-sucking insect pests early; encourage natural predators like ladybirds.,Wash off with a mild soap-water spray; treat the underlying insect infestation with neem oil.,"Leaves, stems",Low to Moderate
Acanthocereus,Root Rot,Fungal,"Base or roots turn black, mushy and foul-smelling; plant becomes soft, discoloured and collapses.","Overwatering in poorly draining soil, allowing Phytophthora/Pythium fungi to thrive.",Use a fast-draining cactus/succulent mix; let soil dry out completely between waterings.,"Remove all rotten tissue with a sterile blade, let cuts callous, repot in fresh dry mix.","Roots, stem base",High
Acanthocereus,Fungal Stem/Body Rot,Fungal,"Dark, soft, sunken patches on the stem or body that spread and turn mushy.","High humidity, standing water on the plant body, or wounds allowing fungal entry.","Avoid wetting the plant body, ensure good ventilation, water at soil level only.","Cut away infected tissue back to healthy flesh, dust wound with sulfur powder or fungicide.","Stem, pads, body",High
Acanthocereus,Mealybug Infestation,Pest,"Small white cottony clusters in crevices, joints and around the base; sticky residue.","Mealybug colonies feeding on plant sap, often introduced via new plants.",Inspect and quarantine new plants before placing near others; check crevices regularly.,Dab insects with rubbing-alcohol-soaked cotton swab; follow up with neem oil spray.,"Stem joints, areoles, roots",Moderate
Acanthocereus,Scale Insects,Pest,Small brown or tan raised bumps on the surface; sticky honeydew and yellowing nearby tissue.,Scale insects attaching to the plant surface and feeding on sap.,"Inspect regularly, isolate new arrivals, avoid overcrowding plants.","Scrape off scales gently, wipe with alcohol, apply horticultural oil spray.","Stem, ribs, pads",Moderate
Acanthocereus,Sunscorch / Corking,Abiotic (environmental),"Brown, tan or corky patches on the sun-facing side of the plant.","Sudden exposure to intense direct sun without acclimatisation, or natural ageing (corking).","Acclimatise gradually to full sun, provide light afternoon shade in peak summer.",No cure for scorched tissue; relocate to filtered light and let new growth cover the area.,Outer skin/epidermis,Low to Moderate
Orange,Anthracnose,Fungal,"Dark, sunken lesions on leaves, twigs and fruit; fruit develops black rotten spots as it ripens.","Colletotrichum fungus thriving in warm, humid, wet weather; spread by rain splash.","Prune for good airflow, avoid overhead watering, remove fallen leaves and mummified fruit.",Spray copper-based fungicide at flowering and fruit set; remove and destroy infected plant parts.,"Leaves, twigs, fruit",Moderate to High
Orange,Powdery Mildew,Fungal,"White powdery coating on young leaves, shoots and flower panicles; distorted new growth.","Fungal spores favoured by warm days, cool nights and poor air circulation.","Prune to open up the canopy, avoid excess nitrogen fertilizer, space trees adequately.",Apply wettable sulfur or neem oil spray at first sign of infection; repeat every 7-10 days.,"Leaves, young shoots, flowers",Moderate
Orange,Root Rot,Fungal,Wilting and yellowing leaves despite moist soil; roots turn brown/black and mushy; stunted growth.,"Waterlogged, poorly drained soil favouring Phytophthora/Pythium fungi.","Plant in well-drained soil or raised beds; avoid overwatering, especially in monsoon.","Improve drainage, trim away rotten roots, apply a systemic fungicide drench.","Roots, root collar",High
Orange,Bacterial Canker / Leaf Spot,Bacterial,Water-soaked spots on leaves that turn brown with a yellow halo; raised corky lesions on fruit and twigs.,Xanthomonas bacteria spread by wind-driven rain and contaminated pruning tools.,"Use certified disease-free planting material, disinfect pruning tools, avoid overhead irrigation.",Spray copper-based bactericide; prune and destroy infected branches.,"Leaves, fruit, twigs",High
Orange,Fruit Fly Infestation,Pest,Small puncture marks on ripening fruit; maggots tunnelling inside causing premature fruit drop and rot.,Fruit flies (Bactrocera spp.) laying eggs in maturing fruit.,"Use pheromone/methyl eugenol traps, bag fruit clusters, maintain orchard sanitation.",Apply approved insecticide bait spray; collect and destroy fallen infested fruit.,Fruit,Moderate to High
Orange,Sooty Mould,Fungal (secondary),"Black sooty coating over leaves and stems, reducing photosynthesis and vigour.","Growth of sooty mould fungus on honeydew excreted by aphids, scale or mealybugs.",Control sap-sucking insect pests early; encourage natural predators like ladybirds.,Wash off with a mild soap-water spray; treat the underlying insect infestation with neem oil.,"Leaves, stems",Low to Moderate
Spring Onion Plant,Powdery Mildew,Fungal,White powdery patches on leaves and stems that spread and cause leaves to yellow and curl.,Fungal spores favoured by high humidity combined with poor air circulation.,"Space plants for airflow, avoid overhead watering, remove infected debris promptly.",Spray neem oil or a potassium bicarbonate/sulfur solution every 7-10 days.,"Leaves, stems",Moderate
Spring Onion Plant,Damping Off,Fungal,Seedlings collapse and rot at the soil line soon after germination; poor emergence.,"Soil-borne fungi such as Pythium and Rhizoctonia thriving in cold, waterlogged soil.","Use sterile, well-draining potting mix; avoid overwatering seedlings; ensure good ventilation.","Remove affected seedlings immediately, improve drainage, apply a fungicidal drench to remaining trays.","Stem base, roots (seedling stage)",High
Spring Onion Plant,Leaf Spot,Fungal/Bacterial,Brown to black spots with yellow halos scattered across leaves; spots may merge and cause leaf drop.,Fungal or bacterial pathogens spread by water splash and wet foliage.,"Water at the soil level, avoid working with wet plants, rotate crops each season.",Remove and destroy affected leaves; apply a copper-based fungicide/bactericide.,Leaves,Moderate
Spring Onion Plant,Aphid Infestation,Pest,"Curled, distorted new leaves and shoots; sticky honeydew and clusters of small green/black insects.","Aphid colonies feeding on tender growth, especially in warm weather.","Encourage natural predators (ladybirds, lacewings), inspect new growth regularly.","Spray with neem oil or insecticidal soap, focusing on the undersides of leaves.","New shoots, leaves",Low to Moderate
Spring Onion Plant,Downy Mildew,Fungal,Yellow patches on the upper leaf surface with greyish-purple fuzzy growth underneath.,"Cool, moist conditions with prolonged leaf wetness.","Improve airflow around plants, avoid wetting foliage, remove volunteer plants and debris.",Remove infected leaves promptly; apply a suitable fungicide at first sign of infection.,Leaves,Moderate to High
Radish Plant,Powdery Mildew,Fungal,White powdery patches on leaves and stems that spread and cause leaves to yellow and curl.,Fungal spores favoured by high humidity combined with poor air circulation.,"Space plants for airflow, avoid overhead watering, remove infected debris promptly.",Spray neem oil or a potassium bicarbonate/sulfur solution every 7-10 days.,"Leaves, stems",Moderate
Radish Plant,Damping Off,Fungal,Seedlings collapse and rot at the soil line soon after germination; poor emergence.,"Soil-borne fungi such as Pythium and Rhizoctonia thriving in cold, waterlogged soil.","Use sterile, well-draining potting mix; avoid overwatering seedlings; ensure good ventilation.","Remove affected seedlings immediately, improve drainage, apply a fungicidal drench to remaining trays.","Stem base, roots (seedling stage)",High
Radish Plant,Leaf Spot,Fungal/Bacterial,Brown to black spots with yellow halos scattered across leaves; spots may merge and cause leaf drop.,Fungal or bacterial pathogens spread by water splash and wet foliage.,"Water at the soil level, avoid working with wet plants, rotate crops each season.",Remove and destroy affected leaves; apply a copper-based fungicide/bactericide.,Leaves,Moderate
Radish Plant,Aphid Infestation,Pest,"Curled, distorted new leaves and shoots; sticky honeydew and clusters of small green/black insects.","Aphid colonies feeding on tender growth, especially in warm weather.","Encourage natural predators (ladybirds, lacewings), inspect new growth regularly.","Spray with neem oil or insecticidal soap, focusing on the undersides of leaves.","New shoots, leaves",Low to Moderate
Radish Plant,Downy Mildew,Fungal,Yellow patches on the upper leaf surface with greyish-purple fuzzy growth underneath.,"Cool, moist conditions with prolonged leaf wetness.","Improve airflow around plants, avoid wetting foliage, remove volunteer plants and debris.",Remove infected leaves promptly; apply a suitable fungicide at first sign of infection.,Leaves,Moderate to High
Lemon,Anthracnose,Fungal,"Dark, sunken lesions on leaves, twigs and fruit; fruit develops black rotten spots as it ripens.","Colletotrichum fungus thriving in warm, humid, wet weather; spread by rain splash.","Prune for good airflow, avoid overhead watering, remove fallen leaves and mummified fruit.",Spray copper-based fungicide at flowering and fruit set; remove and destroy infected plant parts.,"Leaves, twigs, fruit",Moderate to High
Lemon,Powdery Mildew,Fungal,"White powdery coating on young leaves, shoots and flower panicles; distorted new growth.","Fungal spores favoured by warm days, cool nights and poor air circulation.","Prune to open up the canopy, avoid excess nitrogen fertilizer, space trees adequately.",Apply wettable sulfur or neem oil spray at first sign of infection; repeat every 7-10 days.,"Leaves, young shoots, flowers",Moderate
Lemon,Root Rot,Fungal,Wilting and yellowing leaves despite moist soil; roots turn brown/black and mushy; stunted growth.,"Waterlogged, poorly drained soil favouring Phytophthora/Pythium fungi.","Plant in well-drained soil or raised beds; avoid overwatering, especially in monsoon.","Improve drainage, trim away rotten roots, apply a systemic fungicide drench.","Roots, root collar",High
Lemon,Bacterial Canker / Leaf Spot,Bacterial,Water-soaked spots on leaves that turn brown with a yellow halo; raised corky lesions on fruit and twigs.,Xanthomonas bacteria spread by wind-driven rain and contaminated pruning tools.,"Use certified disease-free planting material, disinfect pruning tools, avoid overhead irrigation.",Spray copper-based bactericide; prune and destroy infected branches.,"Leaves, fruit, twigs",High
Lemon,Fruit Fly Infestation,Pest,Small puncture marks on ripening fruit; maggots tunnelling inside causing premature fruit drop and rot.,Fruit flies (Bactrocera spp.) laying eggs in maturing fruit.,"Use pheromone/methyl eugenol traps, bag fruit clusters, maintain orchard sanitation.",Apply approved insecticide bait spray; collect and destroy fallen infested fruit.,Fruit,Moderate to High
Lemon,Sooty Mould,Fungal (secondary),"Black sooty coating over leaves and stems, reducing photosynthesis and vigour.","Growth of sooty mould fungus on honeydew excreted by aphids, scale or mealybugs.",Control sap-sucking insect pests early; encourage natural predators like ladybirds.,Wash off with a mild soap-water spray; treat the underlying insect infestation with neem oil.,"Leaves, stems",Low to Moderate
Dahlia,Powdery Mildew,Fungal,"White powdery coating over leaves, buds and stems; distorted or stunted new growth.","Warm humid days followed by cool nights, combined with poor air circulation.","Space plants well, water at the base, avoid overhead irrigation in the evening.","Spray with sulfur, potassium bicarbonate, or neem oil at first sign of infection.","Leaves, buds, stems",Moderate
Dahlia,Botrytis Blight (Gray Mould),Fungal,Grayish-brown fuzzy mould on flowers and buds; affected blooms turn mushy and collapse.,"Cool, damp conditions with poor air circulation and overcrowded planting.","Deadhead spent blooms promptly, improve airflow, avoid overhead watering.",Remove and destroy infected flowers/buds; apply a fungicide labelled for Botrytis.,"Flowers, buds, stems",Moderate to High
Dahlia,Aphid Infestation,Pest,"Distorted, curled new growth and buds; sticky honeydew attracting ants and sooty mould.",Aphid colonies clustering on tender shoots and flower buds.,"Encourage beneficial insects, inspect new growth regularly, avoid excess nitrogen feeding.","Spray with neem oil or insecticidal soap, targeting bud clusters and shoot tips.","Buds, new shoots",Low to Moderate
Dahlia,Black Spot / Leaf Spot,Fungal,Black or brown circular spots on leaves surrounded by a yellow halo; leads to yellowing and leaf drop.,"Fungal spores spread by water splash, favoured by warm, humid weather.","Avoid wetting foliage when watering, prune for airflow, clear fallen infected leaves.",Remove and destroy infected leaves; apply a fungicide on a regular preventive schedule.,Leaves,Moderate
Dahlia,Root Rot,Fungal,Wilting and yellowing despite adequate moisture; roots turn brown/black and mushy.,"Waterlogged, poorly draining soil favouring fungal root pathogens.","Plant in well-drained soil, avoid overwatering, raise beds in heavy clay soils.","Improve drainage, trim rotten roots, apply a fungicide drench to remaining healthy roots.",Roots,High
Tuberose,Powdery Mildew,Fungal,"White powdery coating over leaves, buds and stems; distorted or stunted new growth.","Warm humid days followed by cool nights, combined with poor air circulation.","Space plants well, water at the base, avoid overhead irrigation in the evening.","Spray with sulfur, potassium bicarbonate, or neem oil at first sign of infection.","Leaves, buds, stems",Moderate
Tuberose,Botrytis Blight (Gray Mould),Fungal,Grayish-brown fuzzy mould on flowers and buds; affected blooms turn mushy and collapse.,"Cool, damp conditions with poor air circulation and overcrowded planting.","Deadhead spent blooms promptly, improve airflow, avoid overhead watering.",Remove and destroy infected flowers/buds; apply a fungicide labelled for Botrytis.,"Flowers, buds, stems",Moderate to High
Tuberose,Aphid Infestation,Pest,"Distorted, curled new growth and buds; sticky honeydew attracting ants and sooty mould.",Aphid colonies clustering on tender shoots and flower buds.,"Encourage beneficial insects, inspect new growth regularly, avoid excess nitrogen feeding.","Spray with neem oil or insecticidal soap, targeting bud clusters and shoot tips.","Buds, new shoots",Low to Moderate
Tuberose,Black Spot / Leaf Spot,Fungal,Black or brown circular spots on leaves surrounded by a yellow halo; leads to yellowing and leaf drop.,"Fungal spores spread by water splash, favoured by warm, humid weather.","Avoid wetting foliage when watering, prune for airflow, clear fallen infected leaves.",Remove and destroy infected leaves; apply a fungicide on a regular preventive schedule.,Leaves,Moderate
Tuberose,Root Rot,Fungal,Wilting and yellowing despite adequate moisture; roots turn brown/black and mushy.,"Waterlogged, poorly draining soil favouring fungal root pathogens.","Plant in well-drained soil, avoid overwatering, raise beds in heavy clay soils.","Improve drainage, trim rotten roots, apply a fungicide drench to remaining healthy roots.",Roots,High
Bougainvillea,Powdery Mildew,Fungal,"White powdery coating over leaves, buds and stems; distorted or stunted new growth.","Warm humid days followed by cool nights, combined with poor air circulation.","Space plants well, water at the base, avoid overhead irrigation in the evening.","Spray with sulfur, potassium bicarbonate, or neem oil at first sign of infection.","Leaves, buds, stems",Moderate
Bougainvillea,Botrytis Blight (Gray Mould),Fungal,Grayish-brown fuzzy mould on flowers and buds; affected blooms turn mushy and collapse.,"Cool, damp conditions with poor air circulation and overcrowded planting.","Deadhead spent blooms promptly, improve airflow, avoid overhead watering.",Remove and destroy infected flowers/buds; apply a fungicide labelled for Botrytis.,"Flowers, buds, stems",Moderate to High
Bougainvillea,Aphid Infestation,Pest,"Distorted, curled new growth and buds; sticky honeydew attracting ants and sooty mould.",Aphid colonies clustering on tender shoots and flower buds.,"Encourage beneficial insects, inspect new growth regularly, avoid excess nitrogen feeding.","Spray with neem oil or insecticidal soap, targeting bud clusters and shoot tips.","Buds, new shoots",Low to Moderate
Bougainvillea,Black Spot / Leaf Spot,Fungal,Black or brown circular spots on leaves surrounded by a yellow halo; leads to yellowing and leaf drop.,"Fungal spores spread by water splash, favoured by warm, humid weather.","Avoid wetting foliage when watering, prune for airflow, clear fallen infected leaves.",Remove and destroy infected leaves; apply a fungicide on a regular preventive schedule.,Leaves,Moderate
Bougainvillea,Root Rot,Fungal,Wilting and yellowing despite adequate moisture; roots turn brown/black and mushy.,"Waterlogged, poorly draining soil favouring fungal root pathogens.","Plant in well-drained soil, avoid overwatering, raise beds in heavy clay soils.","Improve drainage, trim rotten roots, apply a fungicide drench to remaining healthy roots.",Roots,High
Oleander,Powdery Mildew,Fungal,"White powdery coating over leaves, buds and stems; distorted or stunted new growth.","Warm humid days followed by cool nights, combined with poor air circulation.","Space plants well, water at the base, avoid overhead irrigation in the evening.","Spray with sulfur, potassium bicarbonate, or neem oil at first sign of infection.","Leaves, buds, stems",Moderate
Oleander,Botrytis Blight (Gray Mould),Fungal,Grayish-brown fuzzy mould on flowers and buds; affected blooms turn mushy and collapse.,"Cool, damp conditions with poor air circulation and overcrowded planting.","Deadhead spent blooms promptly, improve airflow, avoid overhead watering.",Remove and destroy infected flowers/buds; apply a fungicide labelled for Botrytis.,"Flowers, buds, stems",Moderate to High
Oleander,Aphid Infestation,Pest,"Distorted, curled new growth and buds; sticky honeydew attracting ants and sooty mould.",Aphid colonies clustering on tender shoots and flower buds.,"Encourage beneficial insects, inspect new growth regularly, avoid excess nitrogen feeding.","Spray with neem oil or insecticidal soap, targeting bud clusters and shoot tips.","Buds, new shoots",Low to Moderate
Oleander,Black Spot / Leaf Spot,Fungal,Black or brown circular spots on leaves surrounded by a yellow halo; leads to yellowing and leaf drop.,"Fungal spores spread by water splash, favoured by warm, humid weather.","Avoid wetting foliage when watering, prune for airflow, clear fallen infected leaves.",Remove and destroy infected leaves; apply a fungicide on a regular preventive schedule.,Leaves,Moderate
Oleander,Root Rot,Fungal,Wilting and yellowing despite adequate moisture; roots turn brown/black and mushy.,"Waterlogged, poorly draining soil favouring fungal root pathogens.","Plant in well-drained soil, avoid overwatering, raise beds in heavy clay soils.","Improve drainage, trim rotten roots, apply a fungicide drench to remaining healthy roots.",Roots,High
Ashoka Tree,Leaf Spot Disease,Fungal,"Brown to black spots scattered across leaves, sometimes merging and causing early leaf drop.",Fungal pathogens spread by rain splash during humid weather.,"Prune for good airflow, avoid overhead watering, clear fallen infected leaves.",Apply a copper-based fungicide; remove and destroy heavily infected leaves.,Leaves,Moderate
Ashoka Tree,Powdery Mildew,Fungal,"White powdery coating on leaves and young shoots, causing distorted growth.",Humid conditions with poor air circulation around the canopy.,"Space plants adequately, avoid excess nitrogen fertilizer, prune to open the canopy.",Spray sulfur-based fungicide or neem oil at first sign of infection.,"Leaves, young shoots",Low to Moderate
Ashoka Tree,Root/Collar Rot,Fungal,"Wilting, yellowing foliage and decayed, discoloured bark at the base of the trunk.",Waterlogging around the root collar allowing Phytophthora fungus to establish.,"Ensure well-drained planting site, avoid piling mulch/soil against the trunk, avoid overwatering.","Improve site drainage, expose and dry out the collar, apply a systemic fungicide drench.","Roots, root collar/base",High
Ashoka Tree,Termite / Borer Infestation,Pest,Small holes in the trunk or branches with sawdust-like frass; branch dieback.,Wood-boring insects or termites attacking stressed or wounded wood.,"Keep trees healthy and well-watered, remove dead wood promptly, avoid trunk injuries.",Apply an appropriate insecticide to affected areas; prune and destroy severely infested branches.,"Trunk, branches",Moderate to High
Ashoka Tree,Sooty Mould,Fungal (secondary),"Black sooty coating over leaves and twigs, reducing photosynthesis.",Growth on honeydew secreted by sap-sucking pests such as aphids or scale insects.,Control the underlying insect pest population early with regular inspection.,Wash affected foliage with a mild soap spray; treat the insect infestation with neem oil.,"Leaves, twigs",Low
Bottle Palm,Leaf Spot Disease,Fungal,"Brown to black spots scattered across leaves, sometimes merging and causing early leaf drop.",Fungal pathogens spread by rain splash during humid weather.,"Prune for good airflow, avoid overhead watering, clear fallen infected leaves.",Apply a copper-based fungicide; remove and destroy heavily infected leaves.,Leaves,Moderate
Bottle Palm,Powdery Mildew,Fungal,"White powdery coating on leaves and young shoots, causing distorted growth.",Humid conditions with poor air circulation around the canopy.,"Space plants adequately, avoid excess nitrogen fertilizer, prune to open the canopy.",Spray sulfur-based fungicide or neem oil at first sign of infection.,"Leaves, young shoots",Low to Moderate
Bottle Palm,Root/Collar Rot,Fungal,"Wilting, yellowing foliage and decayed, discoloured bark at the base of the trunk.",Waterlogging around the root collar allowing Phytophthora fungus to establish.,"Ensure well-drained planting site, avoid piling mulch/soil against the trunk, avoid overwatering.","Improve site drainage, expose and dry out the collar, apply a systemic fungicide drench.","Roots, root collar/base",High
Bottle Palm,Termite / Borer Infestation,Pest,Small holes in the trunk or branches with sawdust-like frass; branch dieback.,Wood-boring insects or termites attacking stressed or wounded wood.,"Keep trees healthy and well-watered, remove dead wood promptly, avoid trunk injuries.",Apply an appropriate insecticide to affected areas; prune and destroy severely infested branches.,"Trunk, branches",Moderate to High
Bottle Palm,Sooty Mould,Fungal (secondary),"Black sooty coating over leaves and twigs, reducing photosynthesis.",Growth on honeydew secreted by sap-sucking pests such as aphids or scale insects.,Control the underlying insect pest population early with regular inspection.,Wash affected foliage with a mild soap spray; treat the insect infestation with neem oil.,"Leaves, twigs",Low
Gulmohar,Leaf Spot Disease,Fungal,"Brown to black spots scattered across leaves, sometimes merging and causing early leaf drop.",Fungal pathogens spread by rain splash during humid weather.,"Prune for good airflow, avoid overhead watering, clear fallen infected leaves.",Apply a copper-based fungicide; remove and destroy heavily infected leaves.,Leaves,Moderate
Gulmohar,Powdery Mildew,Fungal,"White powdery coating on leaves and young shoots, causing distorted growth.",Humid conditions with poor air circulation around the canopy.,"Space plants adequately, avoid excess nitrogen fertilizer, prune to open the canopy.",Spray sulfur-based fungicide or neem oil at first sign of infection.,"Leaves, young shoots",Low to Moderate
Gulmohar,Root/Collar Rot,Fungal,"Wilting, yellowing foliage and decayed, discoloured bark at the base of the trunk.",Waterlogging around the root collar allowing Phytophthora fungus to establish.,"Ensure well-drained planting site, avoid piling mulch/soil against the trunk, avoid overwatering.","Improve site drainage, expose and dry out the collar, apply a systemic fungicide drench.","Roots, root collar/base",High
Gulmohar,Termite / Borer Infestation,Pest,Small holes in the trunk or branches with sawdust-like frass; branch dieback.,Wood-boring insects or termites attacking stressed or wounded wood.,"Keep trees healthy and well-watered, remove dead wood promptly, avoid trunk injuries.",Apply an appropriate insecticide to affected areas; prune and destroy severely infested branches.,"Trunk, branches",Moderate to High
Gulmohar,Sooty Mould,Fungal (secondary),"Black sooty coating over leaves and twigs, reducing photosynthesis.",Growth on honeydew secreted by sap-sucking pests such as aphids or scale insects.,Control the underlying insect pest population early with regular inspection.,Wash affected foliage with a mild soap spray; treat the insect infestation with neem oil.,"Leaves, twigs",Low
Mexican Sunflower,Powdery Mildew,Fungal,"White powdery coating over leaves, buds and stems; distorted or stunted new growth.","Warm humid days followed by cool nights, combined with poor air circulation.","Space plants well, water at the base, avoid overhead irrigation in the evening.","Spray with sulfur, potassium bicarbonate, or neem oil at first sign of infection.","Leaves, buds, stems",Moderate
Mexican Sunflower,Botrytis Blight (Gray Mould),Fungal,Grayish-brown fuzzy mould on flowers and buds; affected blooms turn mushy and collapse.,"Cool, damp conditions with poor air circulation and overcrowded planting.","Deadhead spent blooms promptly, improve airflow, avoid overhead watering.",Remove and destroy infected flowers/buds; apply a fungicide labelled for Botrytis.,"Flowers, buds, stems",Moderate to High
Mexican Sunflower,Aphid Infestation,Pest,"Distorted, curled new growth and buds; sticky honeydew attracting ants and sooty mould.",Aphid colonies clustering on tender shoots and flower buds.,"Encourage beneficial insects, inspect new growth regularly, avoid excess nitrogen feeding.","Spray with neem oil or insecticidal soap, targeting bud clusters and shoot tips.","Buds, new shoots",Low to Moderate
Mexican Sunflower,Black Spot / Leaf Spot,Fungal,Black or brown circular spots on leaves surrounded by a yellow halo; leads to yellowing and leaf drop.,"Fungal spores spread by water splash, favoured by warm, humid weather.","Avoid wetting foliage when watering, prune for airflow, clear fallen infected leaves.",Remove and destroy infected leaves; apply a fungicide on a regular preventive schedule.,Leaves,Moderate
Mexican Sunflower,Root Rot,Fungal,Wilting and yellowing despite adequate moisture; roots turn brown/black and mushy.,"Waterlogged, poorly draining soil favouring fungal root pathogens.","Plant in well-drained soil, avoid overwatering, raise beds in heavy clay soils.","Improve drainage, trim rotten roots, apply a fungicide drench to remaining healthy roots.",Roots,High
Jatropha,Leaf Spot Disease,Fungal,"Brown to black spots scattered across leaves, sometimes merging and causing early leaf drop.",Fungal pathogens spread by rain splash during humid weather.,"Prune for good airflow, avoid overhead watering, clear fallen infected leaves.",Apply a copper-based fungicide; remove and destroy heavily infected leaves.,Leaves,Moderate
Jatropha,Powdery Mildew,Fungal,"White powdery coating on leaves and young shoots, causing distorted growth.",Humid conditions with poor air circulation around the canopy.,"Space plants adequately, avoid excess nitrogen fertilizer, prune to open the canopy.",Spray sulfur-based fungicide or neem oil at first sign of infection.,"Leaves, young shoots",Low to Moderate
Jatropha,Root/Collar Rot,Fungal,"Wilting, yellowing foliage and decayed, discoloured bark at the base of the trunk.",Waterlogging around the root collar allowing Phytophthora fungus to establish.,"Ensure well-drained planting site, avoid piling mulch/soil against the trunk, avoid overwatering.","Improve site drainage, expose and dry out the collar, apply a systemic fungicide drench.","Roots, root collar/base",High
Jatropha,Termite / Borer Infestation,Pest,Small holes in the trunk or branches with sawdust-like frass; branch dieback.,Wood-boring insects or termites attacking stressed or wounded wood.,"Keep trees healthy and well-watered, remove dead wood promptly, avoid trunk injuries.",Apply an appropriate insecticide to affected areas; prune and destroy severely infested branches.,"Trunk, branches",Moderate to High
Jatropha,Sooty Mould,Fungal (secondary),"Black sooty coating over leaves and twigs, reducing photosynthesis.",Growth on honeydew secreted by sap-sucking pests such as aphids or scale insects.,Control the underlying insect pest population early with regular inspection.,Wash affected foliage with a mild soap spray; treat the insect infestation with neem oil.,"Leaves, twigs",Low
Plumeria,Powdery Mildew,Fungal,"White powdery coating over leaves, buds and stems; distorted or stunted new growth.","Warm humid days followed by cool nights, combined with poor air circulation.","Space plants well, water at the base, avoid overhead irrigation in the evening.","Spray with sulfur, potassium bicarbonate, or neem oil at first sign of infection.","Leaves, buds, stems",Moderate
Plumeria,Botrytis Blight (Gray Mould),Fungal,Grayish-brown fuzzy mould on flowers and buds; affected blooms turn mushy and collapse.,"Cool, damp conditions with poor air circulation and overcrowded planting.","Deadhead spent blooms promptly, improve airflow, avoid overhead watering.",Remove and destroy infected flowers/buds; apply a fungicide labelled for Botrytis.,"Flowers, buds, stems",Moderate to High
Plumeria,Aphid Infestation,Pest,"Distorted, curled new growth and buds; sticky honeydew attracting ants and sooty mould.",Aphid colonies clustering on tender shoots and flower buds.,"Encourage beneficial insects, inspect new growth regularly, avoid excess nitrogen feeding.","Spray with neem oil or insecticidal soap, targeting bud clusters and shoot tips.","Buds, new shoots",Low to Moderate
Plumeria,Black Spot / Leaf Spot,Fungal,Black or brown circular spots on leaves surrounded by a yellow halo; leads to yellowing and leaf drop.,"Fungal spores spread by water splash, favoured by warm, humid weather.","Avoid wetting foliage when watering, prune for airflow, clear fallen infected leaves.",Remove and destroy infected leaves; apply a fungicide on a regular preventive schedule.,Leaves,Moderate
Plumeria,Root Rot,Fungal,Wilting and yellowing despite adequate moisture; roots turn brown/black and mushy.,"Waterlogged, poorly draining soil favouring fungal root pathogens.","Plant in well-drained soil, avoid overwatering, raise beds in heavy clay soils.","Improve drainage, trim rotten roots, apply a fungicide drench to remaining healthy roots.",Roots,High
Ixora,Powdery Mildew,Fungal,"White powdery coating over leaves, buds and stems; distorted or stunted new growth.","Warm humid days followed by cool nights, combined with poor air circulation.","Space plants well, water at the base, avoid overhead irrigation in the evening.","Spray with sulfur, potassium bicarbonate, or neem oil at first sign of infection.","Leaves, buds, stems",Moderate
Ixora,Botrytis Blight (Gray Mould),Fungal,Grayish-brown fuzzy mould on flowers and buds; affected blooms turn mushy and collapse.,"Cool, damp conditions with poor air circulation and overcrowded planting.","Deadhead spent blooms promptly, improve airflow, avoid overhead watering.",Remove and destroy infected flowers/buds; apply a fungicide labelled for Botrytis.,"Flowers, buds, stems",Moderate to High
Ixora,Aphid Infestation,Pest,"Distorted, curled new growth and buds; sticky honeydew attracting ants and sooty mould.",Aphid colonies clustering on tender shoots and flower buds.,"Encourage beneficial insects, inspect new growth regularly, avoid excess nitrogen feeding.","Spray with neem oil or insecticidal soap, targeting bud clusters and shoot tips.","Buds, new shoots",Low to Moderate
Ixora,Black Spot / Leaf Spot,Fungal,Black or brown circular spots on leaves surrounded by a yellow halo; leads to yellowing and leaf drop.,"Fungal spores spread by water splash, favoured by warm, humid weather.","Avoid wetting foliage when watering, prune for airflow, clear fallen infected leaves.",Remove and destroy infected leaves; apply a fungicide on a regular preventive schedule.,Leaves,Moderate
Ixora,Root Rot,Fungal,Wilting and yellowing despite adequate moisture; roots turn brown/black and mushy.,"Waterlogged, poorly draining soil favouring fungal root pathogens.","Plant in well-drained soil, avoid overwatering, raise beds in heavy clay soils.","Improve drainage, trim rotten roots, apply a fungicide drench to remaining healthy roots.",Roots,High
Lantana,Powdery Mildew,Fungal,"White powdery coating over leaves, buds and stems; distorted or stunted new growth.","Warm humid days followed by cool nights, combined with poor air circulation.","Space plants well, water at the base, avoid overhead irrigation in the evening.","Spray with sulfur, potassium bicarbonate, or neem oil at first sign of infection.","Leaves, buds, stems",Moderate
Lantana,Botrytis Blight (Gray Mould),Fungal,Grayish-brown fuzzy mould on flowers and buds; affected blooms turn mushy and collapse.,"Cool, damp conditions with poor air circulation and overcrowded planting.","Deadhead spent blooms promptly, improve airflow, avoid overhead watering.",Remove and destroy infected flowers/buds; apply a fungicide labelled for Botrytis.,"Flowers, buds, stems",Moderate to High
Lantana,Aphid Infestation,Pest,"Distorted, curled new growth and buds; sticky honeydew attracting ants and sooty mould.",Aphid colonies clustering on tender shoots and flower buds.,"Encourage beneficial insects, inspect new growth regularly, avoid excess nitrogen feeding.","Spray with neem oil or insecticidal soap, targeting bud clusters and shoot tips.","Buds, new shoots",Low to Moderate
Lantana,Black Spot / Leaf Spot,Fungal,Black or brown circular spots on leaves surrounded by a yellow halo; leads to yellowing and leaf drop.,"Fungal spores spread by water splash, favoured by warm, humid weather.","Avoid wetting foliage when watering, prune for airflow, clear fallen infected leaves.",Remove and destroy infected leaves; apply a fungicide on a regular preventive schedule.,Leaves,Moderate
Lantana,Root Rot,Fungal,Wilting and yellowing despite adequate moisture; roots turn brown/black and mushy.,"Waterlogged, poorly draining soil favouring fungal root pathogens.","Plant in well-drained soil, avoid overwatering, raise beds in heavy clay soils.","Improve drainage, trim rotten roots, apply a fungicide drench to remaining healthy roots.",Roots,High
Tulsi,Powdery Mildew,Fungal,White powdery patches on leaves and stems that spread and cause leaves to yellow and curl.,Fungal spores favoured by high humidity combined with poor air circulation.,"Space plants for airflow, avoid overhead watering, remove infected debris promptly.",Spray neem oil or a potassium bicarbonate/sulfur solution every 7-10 days.,"Leaves, stems",Moderate
Tulsi,Damping Off,Fungal,Seedlings collapse and rot at the soil line soon after germination; poor emergence.,"Soil-borne fungi such as Pythium and Rhizoctonia thriving in cold, waterlogged soil.","Use sterile, well-draining potting mix; avoid overwatering seedlings; ensure good ventilation.","Remove affected seedlings immediately, improve drainage, apply a fungicidal drench to remaining trays.","Stem base, roots (seedling stage)",High
Tulsi,Leaf Spot,Fungal/Bacterial,Brown to black spots with yellow halos scattered across leaves; spots may merge and cause leaf drop.,Fungal or bacterial pathogens spread by water splash and wet foliage.,"Water at the soil level, avoid working with wet plants, rotate crops each season.",Remove and destroy affected leaves; apply a copper-based fungicide/bactericide.,Leaves,Moderate
Tulsi,Aphid Infestation,Pest,"Curled, distorted new leaves and shoots; sticky honeydew and clusters of small green/black insects.","Aphid colonies feeding on tender growth, especially in warm weather.","Encourage natural predators (ladybirds, lacewings), inspect new growth regularly.","Spray with neem oil or insecticidal soap, focusing on the undersides of leaves.","New shoots, leaves",Low to Moderate
Tulsi,Downy Mildew,Fungal,Yellow patches on the upper leaf surface with greyish-purple fuzzy growth underneath.,"Cool, moist conditions with prolonged leaf wetness.","Improve airflow around plants, avoid wetting foliage, remove volunteer plants and debris.",Remove infected leaves promptly; apply a suitable fungicide at first sign of infection.,Leaves,Moderate to High
Brahmi,Powdery Mildew,Fungal,White powdery patches on leaves and stems that spread and cause leaves to yellow and curl.,Fungal spores favoured by high humidity combined with poor air circulation.,"Space plants for airflow, avoid overhead watering, remove infected debris promptly.",Spray neem oil or a potassium bicarbonate/sulfur solution every 7-10 days.,"Leaves, stems",Moderate
Brahmi,Damping Off,Fungal,Seedlings collapse and rot at the soil line soon after germination; poor emergence.,"Soil-borne fungi such as Pythium and Rhizoctonia thriving in cold, waterlogged soil.","Use sterile, well-draining potting mix; avoid overwatering seedlings; ensure good ventilation.","Remove affected seedlings immediately, improve drainage, apply a fungicidal drench to remaining trays.","Stem base, roots (seedling stage)",High
Brahmi,Leaf Spot,Fungal/Bacterial,Brown to black spots with yellow halos scattered across leaves; spots may merge and cause leaf drop.,Fungal or bacterial pathogens spread by water splash and wet foliage.,"Water at the soil level, avoid working with wet plants, rotate crops each season.",Remove and destroy affected leaves; apply a copper-based fungicide/bactericide.,Leaves,Moderate
Brahmi,Aphid Infestation,Pest,"Curled, distorted new leaves and shoots; sticky honeydew and clusters of small green/black insects.","Aphid colonies feeding on tender growth, especially in warm weather.","Encourage natural predators (ladybirds, lacewings), inspect new growth regularly.","Spray with neem oil or insecticidal soap, focusing on the undersides of leaves.","New shoots, leaves",Low to Moderate
Brahmi,Downy Mildew,Fungal,Yellow patches on the upper leaf surface with greyish-purple fuzzy growth underneath.,"Cool, moist conditions with prolonged leaf wetness.","Improve airflow around plants, avoid wetting foliage, remove volunteer plants and debris.",Remove infected leaves promptly; apply a suitable fungicide at first sign of infection.,Leaves,Moderate to High
Moon Cactus,Root Rot,Fungal,"Base or roots turn black, mushy and foul-smelling; plant becomes soft, discoloured and collapses.","Overwatering in poorly draining soil, allowing Phytophthora/Pythium fungi to thrive.",Use a fast-draining cactus/succulent mix; let soil dry out completely between waterings.,"Remove all rotten tissue with a sterile blade, let cuts callous, repot in fresh dry mix.","Roots, stem base",High
Moon Cactus,Fungal Stem/Body Rot,Fungal,"Dark, soft, sunken patches on the stem or body that spread and turn mushy.","High humidity, standing water on the plant body, or wounds allowing fungal entry.","Avoid wetting the plant body, ensure good ventilation, water at soil level only.","Cut away infected tissue back to healthy flesh, dust wound with sulfur powder or fungicide.","Stem, pads, body",High
Moon Cactus,Mealybug Infestation,Pest,"Small white cottony clusters in crevices, joints and around the base; sticky residue.","Mealybug colonies feeding on plant sap, often introduced via new plants.",Inspect and quarantine new plants before placing near others; check crevices regularly.,Dab insects with rubbing-alcohol-soaked cotton swab; follow up with neem oil spray.,"Stem joints, areoles, roots",Moderate
Moon Cactus,Scale Insects,Pest,Small brown or tan raised bumps on the surface; sticky honeydew and yellowing nearby tissue.,Scale insects attaching to the plant surface and feeding on sap.,"Inspect regularly, isolate new arrivals, avoid overcrowding plants.","Scrape off scales gently, wipe with alcohol, apply horticultural oil spray.","Stem, ribs, pads",Moderate
Moon Cactus,Sunscorch / Corking,Abiotic (environmental),"Brown, tan or corky patches on the sun-facing side of the plant.","Sudden exposure to intense direct sun without acclimatisation, or natural ageing (corking).","Acclimatise gradually to full sun, provide light afternoon shade in peak summer.",No cure for scorched tissue; relocate to filtered light and let new growth cover the area.,Outer skin/epidermis,Low to Moderate
Opuntia Prickly Pear,Root Rot,Fungal,"Base or roots turn black, mushy and foul-smelling; plant becomes soft, discoloured and collapses.","Overwatering in poorly draining soil, allowing Phytophthora/Pythium fungi to thrive.",Use a fast-draining cactus/succulent mix; let soil dry out completely between waterings.,"Remove all rotten tissue with a sterile blade, let cuts callous, repot in fresh dry mix.","Roots, stem base",High
Opuntia Prickly Pear,Fungal Stem/Body Rot,Fungal,"Dark, soft, sunken patches on the stem or body that spread and turn mushy.","High humidity, standing water on the plant body, or wounds allowing fungal entry.","Avoid wetting the plant body, ensure good ventilation, water at soil level only.","Cut away infected tissue back to healthy flesh, dust wound with sulfur powder or fungicide.","Stem, pads, body",High
Opuntia Prickly Pear,Mealybug Infestation,Pest,"Small white cottony clusters in crevices, joints and around the base; sticky residue.","Mealybug colonies feeding on plant sap, often introduced via new plants.",Inspect and quarantine new plants before placing near others; check crevices regularly.,Dab insects with rubbing-alcohol-soaked cotton swab; follow up with neem oil spray.,"Stem joints, areoles, roots",Moderate
Opuntia Prickly Pear,Scale Insects,Pest,Small brown or tan raised bumps on the surface; sticky honeydew and yellowing nearby tissue.,Scale insects attaching to the plant surface and feeding on sap.,"Inspect regularly, isolate new arrivals, avoid overcrowding plants.","Scrape off scales gently, wipe with alcohol, apply horticultural oil spray.","Stem, ribs, pads",Moderate
Opuntia Prickly Pear,Sunscorch / Corking,Abiotic (environmental),"Brown, tan or corky patches on the sun-facing side of the plant.","Sudden exposure to intense direct sun without acclimatisation, or natural ageing (corking).","Acclimatise gradually to full sun, provide light afternoon shade in peak summer.",No cure for scorched tissue; relocate to filtered light and let new growth cover the area.,Outer skin/epidermis,Low to Moderate
Papaya,Anthracnose,Fungal,"Dark, sunken lesions on leaves, twigs and fruit; fruit develops black rotten spots as it ripens.","Colletotrichum fungus thriving in warm, humid, wet weather; spread by rain splash.","Prune for good airflow, avoid overhead watering, remove fallen leaves and mummified fruit.",Spray copper-based fungicide at flowering and fruit set; remove and destroy infected plant parts.,"Leaves, twigs, fruit",Moderate to High
Papaya,Powdery Mildew,Fungal,"White powdery coating on young leaves, shoots and flower panicles; distorted new growth.","Fungal spores favoured by warm days, cool nights and poor air circulation.","Prune to open up the canopy, avoid excess nitrogen fertilizer, space trees adequately.",Apply wettable sulfur or neem oil spray at first sign of infection; repeat every 7-10 days.,"Leaves, young shoots, flowers",Moderate
Papaya,Root Rot,Fungal,Wilting and yellowing leaves despite moist soil; roots turn brown/black and mushy; stunted growth.,"Waterlogged, poorly drained soil favouring Phytophthora/Pythium fungi.","Plant in well-drained soil or raised beds; avoid overwatering, especially in monsoon.","Improve drainage, trim away rotten roots, apply a systemic fungicide drench.","Roots, root collar",High
Papaya,Bacterial Canker / Leaf Spot,Bacterial,Water-soaked spots on leaves that turn brown with a yellow halo; raised corky lesions on fruit and twigs.,Xanthomonas bacteria spread by wind-driven rain and contaminated pruning tools.,"Use certified disease-free planting material, disinfect pruning tools, avoid overhead irrigation.",Spray copper-based bactericide; prune and destroy infected branches.,"Leaves, fruit, twigs",High
Papaya,Fruit Fly Infestation,Pest,Small puncture marks on ripening fruit; maggots tunnelling inside causing premature fruit drop and rot.,Fruit flies (Bactrocera spp.) laying eggs in maturing fruit.,"Use pheromone/methyl eugenol traps, bag fruit clusters, maintain orchard sanitation.",Apply approved insecticide bait spray; collect and destroy fallen infested fruit.,Fruit,Moderate to High
Papaya,Sooty Mould,Fungal (secondary),"Black sooty coating over leaves and stems, reducing photosynthesis and vigour.","Growth of sooty mould fungus on honeydew excreted by aphids, scale or mealybugs.",Control sap-sucking insect pests early; encourage natural predators like ladybirds.,Wash off with a mild soap-water spray; treat the underlying insect infestation with neem oil.,"Leaves, stems",Low to Moderate
Gymnocalycium,Root Rot,Fungal,"Base or roots turn black, mushy and foul-smelling; plant becomes soft, discoloured and collapses.","Overwatering in poorly draining soil, allowing Phytophthora/Pythium fungi to thrive.",Use a fast-draining cactus/succulent mix; let soil dry out completely between waterings.,"Remove all rotten tissue with a sterile blade, let cuts callous, repot in fresh dry mix.","Roots, stem base",High
Gymnocalycium,Fungal Stem/Body Rot,Fungal,"Dark, soft, sunken patches on the stem or body that spread and turn mushy.","High humidity, standing water on the plant body, or wounds allowing fungal entry.","Avoid wetting the plant body, ensure good ventilation, water at soil level only.","Cut away infected tissue back to healthy flesh, dust wound with sulfur powder or fungicide.","Stem, pads, body",High
Gymnocalycium,Mealybug Infestation,Pest,"Small white cottony clusters in crevices, joints and around the base; sticky residue.","Mealybug colonies feeding on plant sap, often introduced via new plants.",Inspect and quarantine new plants before placing near others; check crevices regularly.,Dab insects with rubbing-alcohol-soaked cotton swab; follow up with neem oil spray.,"Stem joints, areoles, roots",Moderate
Gymnocalycium,Scale Insects,Pest,Small brown or tan raised bumps on the surface; sticky honeydew and yellowing nearby tissue.,Scale insects attaching to the plant surface and feeding on sap.,"Inspect regularly, isolate new arrivals, avoid overcrowding plants.","Scrape off scales gently, wipe with alcohol, apply horticultural oil spray.","Stem, ribs, pads",Moderate
Gymnocalycium,Sunscorch / Corking,Abiotic (environmental),"Brown, tan or corky patches on the sun-facing side of the plant.","Sudden exposure to intense direct sun without acclimatisation, or natural ageing (corking).","Acclimatise gradually to full sun, provide light afternoon shade in peak summer.",No cure for scorched tissue; relocate to filtered light and let new growth cover the area.,Outer skin/epidermis,Low to Moderate
Tomato Plant,Powdery Mildew,Fungal,White powdery patches on leaves and stems that spread and cause leaves to yellow and curl.,Fungal spores favoured by high humidity combined with poor air circulation.,"Space plants for airflow, avoid overhead watering, remove infected debris promptly.",Spray neem oil or a potassium bicarbonate/sulfur solution every 7-10 days.,"Leaves, stems",Moderate
Tomato Plant,Damping Off,Fungal,Seedlings collapse and rot at the soil line soon after germination; poor emergence.,"Soil-borne fungi such as Pythium and Rhizoctonia thriving in cold, waterlogged soil.","Use sterile, well-draining potting mix; avoid overwatering seedlings; ensure good ventilation.","Remove affected seedlings immediately, improve drainage, apply a fungicidal drench to remaining trays.","Stem base, roots (seedling stage)",High
Tomato Plant,Leaf Spot,Fungal/Bacterial,Brown to black spots with yellow halos scattered across leaves; spots may merge and cause leaf drop.,Fungal or bacterial pathogens spread by water splash and wet foliage.,"Water at the soil level, avoid working with wet plants, rotate crops each season.",Remove and destroy affected leaves; apply a copper-based fungicide/bactericide.,Leaves,Moderate
Tomato Plant,Aphid Infestation,Pest,"Curled, distorted new leaves and shoots; sticky honeydew and clusters of small green/black insects.","Aphid colonies feeding on tender growth, especially in warm weather.","Encourage natural predators (ladybirds, lacewings), inspect new growth regularly.","Spray with neem oil or insecticidal soap, focusing on the undersides of leaves.","New shoots, leaves",Low to Moderate
Tomato Plant,Downy Mildew,Fungal,Yellow patches on the upper leaf surface with greyish-purple fuzzy growth underneath.,"Cool, moist conditions with prolonged leaf wetness.","Improve airflow around plants, avoid wetting foliage, remove volunteer plants and debris.",Remove infected leaves promptly; apply a suitable fungicide at first sign of infection.,Leaves,Moderate to High
Chili Plant,Powdery Mildew,Fungal,White powdery patches on leaves and stems that spread and cause leaves to yellow and curl.,Fungal spores favoured by high humidity combined with poor air circulation.,"Space plants for airflow, avoid overhead watering, remove infected debris promptly.",Spray neem oil or a potassium bicarbonate/sulfur solution every 7-10 days.,"Leaves, stems",Moderate
Chili Plant,Damping Off,Fungal,Seedlings collapse and rot at the soil line soon after germination; poor emergence.,"Soil-borne fungi such as Pythium and Rhizoctonia thriving in cold, waterlogged soil.","Use sterile, well-draining potting mix; avoid overwatering seedlings; ensure good ventilation.","Remove affected seedlings immediately, improve drainage, apply a fungicidal drench to remaining trays.","Stem base, roots (seedling stage)",High
Chili Plant,Leaf Spot,Fungal/Bacterial,Brown to black spots with yellow halos scattered across leaves; spots may merge and cause leaf drop.,Fungal or bacterial pathogens spread by water splash and wet foliage.,"Water at the soil level, avoid working with wet plants, rotate crops each season.",Remove and destroy affected leaves; apply a copper-based fungicide/bactericide.,Leaves,Moderate
Chili Plant,Aphid Infestation,Pest,"Curled, distorted new leaves and shoots; sticky honeydew and clusters of small green/black insects.","Aphid colonies feeding on tender growth, especially in warm weather.","Encourage natural predators (ladybirds, lacewings), inspect new growth regularly.","Spray with neem oil or insecticidal soap, focusing on the undersides of leaves.","New shoots, leaves",Low to Moderate
Chili Plant,Downy Mildew,Fungal,Yellow patches on the upper leaf surface with greyish-purple fuzzy growth underneath.,"Cool, moist conditions with prolonged leaf wetness.","Improve airflow around plants, avoid wetting foliage, remove volunteer plants and debris.",Remove infected leaves promptly; apply a suitable fungicide at first sign of infection.,Leaves,Moderate to High
Spinach Plant,Powdery Mildew,Fungal,White powdery patches on leaves and stems that spread and cause leaves to yellow and curl.,Fungal spores favoured by high humidity combined with poor air circulation.,"Space plants for airflow, avoid overhead watering, remove infected debris promptly.",Spray neem oil or a potassium bicarbonate/sulfur solution every 7-10 days.,"Leaves, stems",Moderate
Spinach Plant,Damping Off,Fungal,Seedlings collapse and rot at the soil line soon after germination; poor emergence.,"Soil-borne fungi such as Pythium and Rhizoctonia thriving in cold, waterlogged soil.","Use sterile, well-draining potting mix; avoid overwatering seedlings; ensure good ventilation.","Remove affected seedlings immediately, improve drainage, apply a fungicidal drench to remaining trays.","Stem base, roots (seedling stage)",High
Spinach Plant,Leaf Spot,Fungal/Bacterial,Brown to black spots with yellow halos scattered across leaves; spots may merge and cause leaf drop.,Fungal or bacterial pathogens spread by water splash and wet foliage.,"Water at the soil level, avoid working with wet plants, rotate crops each season.",Remove and destroy affected leaves; apply a copper-based fungicide/bactericide.,Leaves,Moderate
Spinach Plant,Aphid Infestation,Pest,"Curled, distorted new leaves and shoots; sticky honeydew and clusters of small green/black insects.","Aphid colonies feeding on tender growth, especially in warm weather.","Encourage natural predators (ladybirds, lacewings), inspect new growth regularly.","Spray with neem oil or insecticidal soap, focusing on the undersides of leaves.","New shoots, leaves",Low to Moderate
Spinach Plant,Downy Mildew,Fungal,Yellow patches on the upper leaf surface with greyish-purple fuzzy growth underneath.,"Cool, moist conditions with prolonged leaf wetness.","Improve airflow around plants, avoid wetting foliage, remove volunteer plants and debris.",Remove infected leaves promptly; apply a suitable fungicide at first sign of infection.,Leaves,Moderate to High
Coriander Plant,Powdery Mildew,Fungal,White powdery patches on leaves and stems that spread and cause leaves to yellow and curl.,Fungal spores favoured by high humidity combined with poor air circulation.,"Space plants for airflow, avoid overhead watering, remove infected debris promptly.",Spray neem oil or a potassium bicarbonate/sulfur solution every 7-10 days.,"Leaves, stems",Moderate
Coriander Plant,Damping Off,Fungal,Seedlings collapse and rot at the soil line soon after germination; poor emergence.,"Soil-borne fungi such as Pythium and Rhizoctonia thriving in cold, waterlogged soil.","Use sterile, well-draining potting mix; avoid overwatering seedlings; ensure good ventilation.","Remove affected seedlings immediately, improve drainage, apply a fungicidal drench to remaining trays.","Stem base, roots (seedling stage)",High
Coriander Plant,Leaf Spot,Fungal/Bacterial,Brown to black spots with yellow halos scattered across leaves; spots may merge and cause leaf drop.,Fungal or bacterial pathogens spread by water splash and wet foliage.,"Water at the soil level, avoid working with wet plants, rotate crops each season.",Remove and destroy affected leaves; apply a copper-based fungicide/bactericide.,Leaves,Moderate
Coriander Plant,Aphid Infestation,Pest,"Curled, distorted new leaves and shoots; sticky honeydew and clusters of small green/black insects.","Aphid colonies feeding on tender growth, especially in warm weather.","Encourage natural predators (ladybirds, lacewings), inspect new growth regularly.","Spray with neem oil or insecticidal soap, focusing on the undersides of leaves.","New shoots, leaves",Low to Moderate
Coriander Plant,Downy Mildew,Fungal,Yellow patches on the upper leaf surface with greyish-purple fuzzy growth underneath.,"Cool, moist conditions with prolonged leaf wetness.","Improve airflow around plants, avoid wetting foliage, remove volunteer plants and debris.",Remove infected leaves promptly; apply a suitable fungicide at first sign of infection.,Leaves,Moderate to High
Mint Plant,Powdery Mildew,Fungal,White powdery patches on leaves and stems that spread and cause leaves to yellow and curl.,Fungal spores favoured by high humidity combined with poor air circulation.,"Space plants for airflow, avoid overhead watering, remove infected debris promptly.",Spray neem oil or a potassium bicarbonate/sulfur solution every 7-10 days.,"Leaves, stems",Moderate
Mint Plant,Damping Off,Fungal,Seedlings collapse and rot at the soil line soon after germination; poor emergence.,"Soil-borne fungi such as Pythium and Rhizoctonia thriving in cold, waterlogged soil.","Use sterile, well-draining potting mix; avoid overwatering seedlings; ensure good ventilation.","Remove affected seedlings immediately, improve drainage, apply a fungicidal drench to remaining trays.","Stem base, roots (seedling stage)",High
Mint Plant,Leaf Spot,Fungal/Bacterial,Brown to black spots with yellow halos scattered across leaves; spots may merge and cause leaf drop.,Fungal or bacterial pathogens spread by water splash and wet foliage.,"Water at the soil level, avoid working with wet plants, rotate crops each season.",Remove and destroy affected leaves; apply a copper-based fungicide/bactericide.,Leaves,Moderate
Mint Plant,Aphid Infestation,Pest,"Curled, distorted new leaves and shoots; sticky honeydew and clusters of small green/black insects.","Aphid colonies feeding on tender growth, especially in warm weather.","Encourage natural predators (ladybirds, lacewings), inspect new growth regularly.","Spray with neem oil or insecticidal soap, focusing on the undersides of leaves.","New shoots, leaves",Low to Moderate
Mint Plant,Downy Mildew,Fungal,Yellow patches on the upper leaf surface with greyish-purple fuzzy growth underneath.,"Cool, moist conditions with prolonged leaf wetness.","Improve airflow around plants, avoid wetting foliage, remove volunteer plants and debris.",Remove infected leaves promptly; apply a suitable fungicide at first sign of infection.,Leaves,Moderate to High
Fenugreek Plant,Powdery Mildew,Fungal,White powdery patches on leaves and stems that spread and cause leaves to yellow and curl.,Fungal spores favoured by high humidity combined with poor air circulation.,"Space plants for airflow, avoid overhead watering, remove infected debris promptly.",Spray neem oil or a potassium bicarbonate/sulfur solution every 7-10 days.,"Leaves, stems",Moderate
Fenugreek Plant,Damping Off,Fungal,Seedlings collapse and rot at the soil line soon after germination; poor emergence.,"Soil-borne fungi such as Pythium and Rhizoctonia thriving in cold, waterlogged soil.","Use sterile, well-draining potting mix; avoid overwatering seedlings; ensure good ventilation.","Remove affected seedlings immediately, improve drainage, apply a fungicidal drench to remaining trays.","Stem base, roots (seedling stage)",High
Fenugreek Plant,Leaf Spot,Fungal/Bacterial,Brown to black spots with yellow halos scattered across leaves; spots may merge and cause leaf drop.,Fungal or bacterial pathogens spread by water splash and wet foliage.,"Water at the soil level, avoid working with wet plants, rotate crops each season.",Remove and destroy affected leaves; apply a copper-based fungicide/bactericide.,Leaves,Moderate
Fenugreek Plant,Aphid Infestation,Pest,"Curled, distorted new leaves and shoots; sticky honeydew and clusters of small green/black insects.","Aphid colonies feeding on tender growth, especially in warm weather.","Encourage natural predators (ladybirds, lacewings), inspect new growth regularly.","Spray with neem oil or insecticidal soap, focusing on the undersides of leaves.","New shoots, leaves",Low to Moderate
Fenugreek Plant,Downy Mildew,Fungal,Yellow patches on the upper leaf surface with greyish-purple fuzzy growth underneath.,"Cool, moist conditions with prolonged leaf wetness.","Improve airflow around plants, avoid wetting foliage, remove volunteer plants and debris.",Remove infected leaves promptly; apply a suitable fungicide at first sign of infection.,Leaves,Moderate to High
Apple,Anthracnose,Fungal,"Dark, sunken lesions on leaves, twigs and fruit; fruit develops black rotten spots as it ripens.","Colletotrichum fungus thriving in warm, humid, wet weather; spread by rain splash.","Prune for good airflow, avoid overhead watering, remove fallen leaves and mummified fruit.",Spray copper-based fungicide at flowering and fruit set; remove and destroy infected plant parts.,"Leaves, twigs, fruit",Moderate to High
Apple,Powdery Mildew,Fungal,"White powdery coating on young leaves, shoots and flower panicles; distorted new growth.","Fungal spores favoured by warm days, cool nights and poor air circulation.","Prune to open up the canopy, avoid excess nitrogen fertilizer, space trees adequately.",Apply wettable sulfur or neem oil spray at first sign of infection; repeat every 7-10 days.,"Leaves, young shoots, flowers",Moderate
Apple,Root Rot,Fungal,Wilting and yellowing leaves despite moist soil; roots turn brown/black and mushy; stunted growth.,"Waterlogged, poorly drained soil favouring Phytophthora/Pythium fungi.","Plant in well-drained soil or raised beds; avoid overwatering, especially in monsoon.","Improve drainage, trim away rotten roots, apply a systemic fungicide drench.","Roots, root collar",High
Apple,Bacterial Canker / Leaf Spot,Bacterial,Water-soaked spots on leaves that turn brown with a yellow halo; raised corky lesions on fruit and twigs.,Xanthomonas bacteria spread by wind-driven rain and contaminated pruning tools.,"Use certified disease-free planting material, disinfect pruning tools, avoid overhead irrigation.",Spray copper-based bactericide; prune and destroy infected branches.,"Leaves, fruit, twigs",High
Apple,Fruit Fly Infestation,Pest,Small puncture marks on ripening fruit; maggots tunnelling inside causing premature fruit drop and rot.,Fruit flies (Bactrocera spp.) laying eggs in maturing fruit.,"Use pheromone/methyl eugenol traps, bag fruit clusters, maintain orchard sanitation.",Apply approved insecticide bait spray; collect and destroy fallen infested fruit.,Fruit,Moderate to High
Apple,Sooty Mould,Fungal (secondary),"Black sooty coating over leaves and stems, reducing photosynthesis and vigour.","Growth of sooty mould fungus on honeydew excreted by aphids, scale or mealybugs.",Control sap-sucking insect pests early; encourage natural predators like ladybirds.,Wash off with a mild soap-water spray; treat the underlying insect infestation with neem oil.,"Leaves, stems",Low to Moderate
Aloe Vera,Root Rot,Fungal,"Base or roots turn black, mushy and foul-smelling; plant becomes soft, discoloured and collapses.","Overwatering in poorly draining soil, allowing Phytophthora/Pythium fungi to thrive.",Use a fast-draining cactus/succulent mix; let soil dry out completely between waterings.,"Remove all rotten tissue with a sterile blade, let cuts callous, repot in fresh dry mix.","Roots, stem base",High
Aloe Vera,Fungal Stem/Body Rot,Fungal,"Dark, soft, sunken patches on the stem or body that spread and turn mushy.","High humidity, standing water on the plant body, or wounds allowing fungal entry.","Avoid wetting the plant body, ensure good ventilation, water at soil level only.","Cut away infected tissue back to healthy flesh, dust wound with sulfur powder or fungicide.","Stem, pads, body",High
Aloe Vera,Mealybug Infestation,Pest,"Small white cottony clusters in crevices, joints and around the base; sticky residue.","Mealybug colonies feeding on plant sap, often introduced via new plants.",Inspect and quarantine new plants before placing near others; check crevices regularly.,Dab insects with rubbing-alcohol-soaked cotton swab; follow up with neem oil spray.,"Stem joints, areoles, roots",Moderate
Aloe Vera,Scale Insects,Pest,Small brown or tan raised bumps on the surface; sticky honeydew and yellowing nearby tissue.,Scale insects attaching to the plant surface and feeding on sap.,"Inspect regularly, isolate new arrivals, avoid overcrowding plants.","Scrape off scales gently, wipe with alcohol, apply horticultural oil spray.","Stem, ribs, pads",Moderate
Aloe Vera,Sunscorch / Corking,Abiotic (environmental),"Brown, tan or corky patches on the sun-facing side of the plant.","Sudden exposure to intense direct sun without acclimatisation, or natural ageing (corking).","Acclimatise gradually to full sun, provide light afternoon shade in peak summer.",No cure for scorched tissue; relocate to filtered light and let new growth cover the area.,Outer skin/epidermis,Low to Moderate
Peace Lily,Root Rot,Fungal,"Yellowing, drooping leaves despite moist soil; roots appear brown/black, mushy, with a foul smell.",Overwatering and poorly draining potting mix allowing Pythium/Phytophthora to develop.,"Use a well-draining potting mix, ensure pots have drainage holes, let topsoil dry before rewatering.","Unpot the plant, trim away rotten roots, repot into fresh mix and water sparingly afterwards.","Roots, base of stem",High
Peace Lily,Leaf Spot Disease,Fungal/Bacterial,Brown or black spots with yellow margins scattered across the foliage.,Fungal or bacterial pathogens favoured by high humidity and water sitting on leaves.,"Avoid misting directly onto foliage, ensure good airflow around the plant.","Remove affected leaves, improve ventilation, apply a fungicide/bactericide if spreading.",Leaves,Moderate
Peace Lily,Spider Mites,Pest,"Fine webbing on the undersides of leaves; stippled, yellowing or bronzed foliage.",Dry indoor air and warm temperatures favouring spider mite reproduction.,"Maintain higher humidity, wipe leaves periodically, inspect new plants before bringing indoors.","Spray with insecticidal soap or neem oil, repeating every 5-7 days until resolved.",Leaves (undersides),Moderate
Peace Lily,Mealybug Infestation,Pest,"White, cottony masses clustered at leaf axils, stems and undersides of leaves.","Mealybugs feeding on plant sap, commonly spread via new plants or shared tools.","Quarantine and inspect new plants, keep foliage clean and dust-free.","Dab with an alcohol-soaked cotton swab, follow up with a neem oil spray.","Leaf axils, stems",Moderate
Peace Lily,Leaf Tip/Margin Blight,Fungal/Abiotic,"Brown, dry, crispy tips or margins on leaves that gradually spread inward.","Low humidity, fluoride/salt buildup from tap water, or minor fungal infection at wounds.","Water with filtered or rested water, maintain adequate humidity, trim tips cleanly with sterile scissors.","Trim affected tips, adjust watering practices; apply fungicide only if actively spreading.","Leaf tips, margins",Low to Moderate
Snake Plant,Root Rot,Fungal,"Yellowing, drooping leaves despite moist soil; roots appear brown/black, mushy, with a foul smell.",Overwatering and poorly draining potting mix allowing Pythium/Phytophthora to develop.,"Use a well-draining potting mix, ensure pots have drainage holes, let topsoil dry before rewatering.","Unpot the plant, trim away rotten roots, repot into fresh mix and water sparingly afterwards.","Roots, base of stem",High
Snake Plant,Leaf Spot Disease,Fungal/Bacterial,Brown or black spots with yellow margins scattered across the foliage.,Fungal or bacterial pathogens favoured by high humidity and water sitting on leaves.,"Avoid misting directly onto foliage, ensure good airflow around the plant.","Remove affected leaves, improve ventilation, apply a fungicide/bactericide if spreading.",Leaves,Moderate
Snake Plant,Spider Mites,Pest,"Fine webbing on the undersides of leaves; stippled, yellowing or bronzed foliage.",Dry indoor air and warm temperatures favouring spider mite reproduction.,"Maintain higher humidity, wipe leaves periodically, inspect new plants before bringing indoors.","Spray with insecticidal soap or neem oil, repeating every 5-7 days until resolved.",Leaves (undersides),Moderate
Snake Plant,Mealybug Infestation,Pest,"White, cottony masses clustered at leaf axils, stems and undersides of leaves.","Mealybugs feeding on plant sap, commonly spread via new plants or shared tools.","Quarantine and inspect new plants, keep foliage clean and dust-free.","Dab with an alcohol-soaked cotton swab, follow up with a neem oil spray.","Leaf axils, stems",Moderate
Snake Plant,Leaf Tip/Margin Blight,Fungal/Abiotic,"Brown, dry, crispy tips or margins on leaves that gradually spread inward.","Low humidity, fluoride/salt buildup from tap water, or minor fungal infection at wounds.","Water with filtered or rested water, maintain adequate humidity, trim tips cleanly with sterile scissors.","Trim affected tips, adjust watering practices; apply fungicide only if actively spreading.","Leaf tips, margins",Low to Moderate
Red Aglaonema,Root Rot,Fungal,"Yellowing, drooping leaves despite moist soil; roots appear brown/black, mushy, with a foul smell.",Overwatering and poorly draining potting mix allowing Pythium/Phytophthora to develop.,"Use a well-draining potting mix, ensure pots have drainage holes, let topsoil dry before rewatering.","Unpot the plant, trim away rotten roots, repot into fresh mix and water sparingly afterwards.","Roots, base of stem",High
Red Aglaonema,Leaf Spot Disease,Fungal/Bacterial,Brown or black spots with yellow margins scattered across the foliage.,Fungal or bacterial pathogens favoured by high humidity and water sitting on leaves.,"Avoid misting directly onto foliage, ensure good airflow around the plant.","Remove affected leaves, improve ventilation, apply a fungicide/bactericide if spreading.",Leaves,Moderate
Red Aglaonema,Spider Mites,Pest,"Fine webbing on the undersides of leaves; stippled, yellowing or bronzed foliage.",Dry indoor air and warm temperatures favouring spider mite reproduction.,"Maintain higher humidity, wipe leaves periodically, inspect new plants before bringing indoors.","Spray with insecticidal soap or neem oil, repeating every 5-7 days until resolved.",Leaves (undersides),Moderate
Red Aglaonema,Mealybug Infestation,Pest,"White, cottony masses clustered at leaf axils, stems and undersides of leaves.","Mealybugs feeding on plant sap, commonly spread via new plants or shared tools.","Quarantine and inspect new plants, keep foliage clean and dust-free.","Dab with an alcohol-soaked cotton swab, follow up with a neem oil spray.","Leaf axils, stems",Moderate
Red Aglaonema,Leaf Tip/Margin Blight,Fungal/Abiotic,"Brown, dry, crispy tips or margins on leaves that gradually spread inward.","Low humidity, fluoride/salt buildup from tap water, or minor fungal infection at wounds.","Water with filtered or rested water, maintain adequate humidity, trim tips cleanly with sterile scissors.","Trim affected tips, adjust watering practices; apply fungicide only if actively spreading.","Leaf tips, margins",Low to Moderate
Golden Pothos,Root Rot,Fungal,"Yellowing, drooping leaves despite moist soil; roots appear brown/black, mushy, with a foul smell.",Overwatering and poorly draining potting mix allowing Pythium/Phytophthora to develop.,"Use a well-draining potting mix, ensure pots have drainage holes, let topsoil dry before rewatering.","Unpot the plant, trim away rotten roots, repot into fresh mix and water sparingly afterwards.","Roots, base of stem",High
Golden Pothos,Leaf Spot Disease,Fungal/Bacterial,Brown or black spots with yellow margins scattered across the foliage.,Fungal or bacterial pathogens favoured by high humidity and water sitting on leaves.,"Avoid misting directly onto foliage, ensure good airflow around the plant.","Remove affected leaves, improve ventilation, apply a fungicide/bactericide if spreading.",Leaves,Moderate
Golden Pothos,Spider Mites,Pest,"Fine webbing on the undersides of leaves; stippled, yellowing or bronzed foliage.",Dry indoor air and warm temperatures favouring spider mite reproduction.,"Maintain higher humidity, wipe leaves periodically, inspect new plants before bringing indoors.","Spray with insecticidal soap or neem oil, repeating every 5-7 days until resolved.",Leaves (undersides),Moderate
Golden Pothos,Mealybug Infestation,Pest,"White, cottony masses clustered at leaf axils, stems and undersides of leaves.","Mealybugs feeding on plant sap, commonly spread via new plants or shared tools.","Quarantine and inspect new plants, keep foliage clean and dust-free.","Dab with an alcohol-soaked cotton swab, follow up with a neem oil spray.","Leaf axils, stems",Moderate
Golden Pothos,Leaf Tip/Margin Blight,Fungal/Abiotic,"Brown, dry, crispy tips or margins on leaves that gradually spread inward.","Low humidity, fluoride/salt buildup from tap water, or minor fungal infection at wounds.","Water with filtered or rested water, maintain adequate humidity, trim tips cleanly with sterile scissors.","Trim affected tips, adjust watering practices; apply fungicide only if actively spreading.","Leaf tips, margins",Low to Moderate
Agave,Root Rot,Fungal,"Base or roots turn black, mushy and foul-smelling; plant becomes soft, discoloured and collapses.","Overwatering in poorly draining soil, allowing Phytophthora/Pythium fungi to thrive.",Use a fast-draining cactus/succulent mix; let soil dry out completely between waterings.,"Remove all rotten tissue with a sterile blade, let cuts callous, repot in fresh dry mix.","Roots, stem base",High
Agave,Fungal Stem/Body Rot,Fungal,"Dark, soft, sunken patches on the stem or body that spread and turn mushy.","High humidity, standing water on the plant body, or wounds allowing fungal entry.","Avoid wetting the plant body, ensure good ventilation, water at soil level only.","Cut away infected tissue back to healthy flesh, dust wound with sulfur powder or fungicide.","Stem, pads, body",High
Agave,Mealybug Infestation,Pest,"Small white cottony clusters in crevices, joints and around the base; sticky residue.","Mealybug colonies feeding on plant sap, often introduced via new plants.",Inspect and quarantine new plants before placing near others; check crevices regularly.,Dab insects with rubbing-alcohol-soaked cotton swab; follow up with neem oil spray.,"Stem joints, areoles, roots",Moderate
Agave,Scale Insects,Pest,Small brown or tan raised bumps on the surface; sticky honeydew and yellowing nearby tissue.,Scale insects attaching to the plant surface and feeding on sap.,"Inspect regularly, isolate new arrivals, avoid overcrowding plants.","Scrape off scales gently, wipe with alcohol, apply horticultural oil spray.","Stem, ribs, pads",Moderate
Agave,Sunscorch / Corking,Abiotic (environmental),"Brown, tan or corky patches on the sun-facing side of the plant.","Sudden exposure to intense direct sun without acclimatisation, or natural ageing (corking).","Acclimatise gradually to full sun, provide light afternoon shade in peak summer.",No cure for scorched tissue; relocate to filtered light and let new growth cover the area.,Outer skin/epidermis,Low to Moderate
Anthurium,Root Rot,Fungal,"Yellowing, drooping leaves despite moist soil; roots appear brown/black, mushy, with a foul smell.",Overwatering and poorly draining potting mix allowing Pythium/Phytophthora to develop.,"Use a well-draining potting mix, ensure pots have drainage holes, let topsoil dry before rewatering.","Unpot the plant, trim away rotten roots, repot into fresh mix and water sparingly afterwards.","Roots, base of stem",High
Anthurium,Leaf Spot Disease,Fungal/Bacterial,Brown or black spots with yellow margins scattered across the foliage.,Fungal or bacterial pathogens favoured by high humidity and water sitting on leaves.,"Avoid misting directly onto foliage, ensure good airflow around the plant.","Remove affected leaves, improve ventilation, apply a fungicide/bactericide if spreading.",Leaves,Moderate
Anthurium,Spider Mites,Pest,"Fine webbing on the undersides of leaves; stippled, yellowing or bronzed foliage.",Dry indoor air and warm temperatures favouring spider mite reproduction.,"Maintain higher humidity, wipe leaves periodically, inspect new plants before bringing indoors.","Spray with insecticidal soap or neem oil, repeating every 5-7 days until resolved.",Leaves (undersides),Moderate
Anthurium,Mealybug Infestation,Pest,"White, cottony masses clustered at leaf axils, stems and undersides of leaves.","Mealybugs feeding on plant sap, commonly spread via new plants or shared tools.","Quarantine and inspect new plants, keep foliage clean and dust-free.","Dab with an alcohol-soaked cotton swab, follow up with a neem oil spray.","Leaf axils, stems",Moderate
Anthurium,Leaf Tip/Margin Blight,Fungal/Abiotic,"Brown, dry, crispy tips or margins on leaves that gradually spread inward.","Low humidity, fluoride/salt buildup from tap water, or minor fungal infection at wounds.","Water with filtered or rested water, maintain adequate humidity, trim tips cleanly with sterile scissors.","Trim affected tips, adjust watering practices; apply fungicide only if actively spreading.","Leaf tips, margins",Low to Moderate
Carnation,Powdery Mildew,Fungal,"White powdery coating over leaves, buds and stems; distorted or stunted new growth.","Warm humid days followed by cool nights, combined with poor air circulation.","Space plants well, water at the base, avoid overhead irrigation in the evening.","Spray with sulfur, potassium bicarbonate, or neem oil at first sign of infection.","Leaves, buds, stems",Moderate
Carnation,Botrytis Blight (Gray Mould),Fungal,Grayish-brown fuzzy mould on flowers and buds; affected blooms turn mushy and collapse.,"Cool, damp conditions with poor air circulation and overcrowded planting.","Deadhead spent blooms promptly, improve airflow, avoid overhead watering.",Remove and destroy infected flowers/buds; apply a fungicide labelled for Botrytis.,"Flowers, buds, stems",Moderate to High
Carnation,Aphid Infestation,Pest,"Distorted, curled new growth and buds; sticky honeydew attracting ants and sooty mould.",Aphid colonies clustering on tender shoots and flower buds.,"Encourage beneficial insects, inspect new growth regularly, avoid excess nitrogen feeding.","Spray with neem oil or insecticidal soap, targeting bud clusters and shoot tips.","Buds, new shoots",Low to Moderate
Carnation,Black Spot / Leaf Spot,Fungal,Black or brown circular spots on leaves surrounded by a yellow halo; leads to yellowing and leaf drop.,"Fungal spores spread by water splash, favoured by warm, humid weather.","Avoid wetting foliage when watering, prune for airflow, clear fallen infected leaves.",Remove and destroy infected leaves; apply a fungicide on a regular preventive schedule.,Leaves,Moderate
Carnation,Root Rot,Fungal,Wilting and yellowing despite adequate moisture; roots turn brown/black and mushy.,"Waterlogged, poorly draining soil favouring fungal root pathogens.","Plant in well-drained soil, avoid overwatering, raise beds in heavy clay soils.","Improve drainage, trim rotten roots, apply a fungicide drench to remaining healthy roots.",Roots,High
ZZ Plant,Root Rot,Fungal,"Yellowing, drooping leaves despite moist soil; roots appear brown/black, mushy, with a foul smell.",Overwatering and poorly draining potting mix allowing Pythium/Phytophthora to develop.,"Use a well-draining potting mix, ensure pots have drainage holes, let topsoil dry before rewatering.","Unpot the plant, trim away rotten roots, repot into fresh mix and water sparingly afterwards.","Roots, base of stem",High
ZZ Plant,Leaf Spot Disease,Fungal/Bacterial,Brown or black spots with yellow margins scattered across the foliage.,Fungal or bacterial pathogens favoured by high humidity and water sitting on leaves.,"Avoid misting directly onto foliage, ensure good airflow around the plant.","Remove affected leaves, improve ventilation, apply a fungicide/bactericide if spreading.",Leaves,Moderate
ZZ Plant,Spider Mites,Pest,"Fine webbing on the undersides of leaves; stippled, yellowing or bronzed foliage.",Dry indoor air and warm temperatures favouring spider mite reproduction.,"Maintain higher humidity, wipe leaves periodically, inspect new plants before bringing indoors.","Spray with insecticidal soap or neem oil, repeating every 5-7 days until resolved.",Leaves (undersides),Moderate
ZZ Plant,Mealybug Infestation,Pest,"White, cottony masses clustered at leaf axils, stems and undersides of leaves.","Mealybugs feeding on plant sap, commonly spread via new plants or shared tools.","Quarantine and inspect new plants, keep foliage clean and dust-free.","Dab with an alcohol-soaked cotton swab, follow up with a neem oil spray.","Leaf axils, stems",Moderate
ZZ Plant,Leaf Tip/Margin Blight,Fungal/Abiotic,"Brown, dry, crispy tips or margins on leaves that gradually spread inward.","Low humidity, fluoride/salt buildup from tap water, or minor fungal infection at wounds.","Water with filtered or rested water, maintain adequate humidity, trim tips cleanly with sterile scissors.","Trim affected tips, adjust watering practices; apply fungicide only if actively spreading.","Leaf tips, margins",Low to Moderate
Pothos,Root Rot,Fungal,"Yellowing, drooping leaves despite moist soil; roots appear brown/black, mushy, with a foul smell.",Overwatering and poorly draining potting mix allowing Pythium/Phytophthora to develop.,"Use a well-draining potting mix, ensure pots have drainage holes, let topsoil dry before rewatering.","Unpot the plant, trim away rotten roots, repot into fresh mix and water sparingly afterwards.","Roots, base of stem",High
Pothos,Leaf Spot Disease,Fungal/Bacterial,Brown or black spots with yellow margins scattered across the foliage.,Fungal or bacterial pathogens favoured by high humidity and water sitting on leaves.,"Avoid misting directly onto foliage, ensure good airflow around the plant.","Remove affected leaves, improve ventilation, apply a fungicide/bactericide if spreading.",Leaves,Moderate
Pothos,Spider Mites,Pest,"Fine webbing on the undersides of leaves; stippled, yellowing or bronzed foliage.",Dry indoor air and warm temperatures favouring spider mite reproduction.,"Maintain higher humidity, wipe leaves periodically, inspect new plants before bringing indoors.","Spray with insecticidal soap or neem oil, repeating every 5-7 days until resolved.",Leaves (undersides),Moderate
Pothos,Mealybug Infestation,Pest,"White, cottony masses clustered at leaf axils, stems and undersides of leaves.","Mealybugs feeding on plant sap, commonly spread via new plants or shared tools.","Quarantine and inspect new plants, keep foliage clean and dust-free.","Dab with an alcohol-soaked cotton swab, follow up with a neem oil spray.","Leaf axils, stems",Moderate
Pothos,Leaf Tip/Margin Blight,Fungal/Abiotic,"Brown, dry, crispy tips or margins on leaves that gradually spread inward.","Low humidity, fluoride/salt buildup from tap water, or minor fungal infection at wounds.","Water with filtered or rested water, maintain adequate humidity, trim tips cleanly with sterile scissors.","Trim affected tips, adjust watering practices; apply fungicide only if actively spreading.","Leaf tips, margins",Low to Moderate
Spider Plant,Root Rot,Fungal,"Yellowing, drooping leaves despite moist soil; roots appear brown/black, mushy, with a foul smell.",Overwatering and poorly draining potting mix allowing Pythium/Phytophthora to develop.,"Use a well-draining potting mix, ensure pots have drainage holes, let topsoil dry before rewatering.","Unpot the plant, trim away rotten roots, repot into fresh mix and water sparingly afterwards.","Roots, base of stem",High
Spider Plant,Leaf Spot Disease,Fungal/Bacterial,Brown or black spots with yellow margins scattered across the foliage.,Fungal or bacterial pathogens favoured by high humidity and water sitting on leaves.,"Avoid misting directly onto foliage, ensure good airflow around the plant.","Remove affected leaves, improve ventilation, apply a fungicide/bactericide if spreading.",Leaves,Moderate
Spider Plant,Spider Mites,Pest,"Fine webbing on the undersides of leaves; stippled, yellowing or bronzed foliage.",Dry indoor air and warm temperatures favouring spider mite reproduction.,"Maintain higher humidity, wipe leaves periodically, inspect new plants before bringing indoors.","Spray with insecticidal soap or neem oil, repeating every 5-7 days until resolved.",Leaves (undersides),Moderate
Spider Plant,Mealybug Infestation,Pest,"White, cottony masses clustered at leaf axils, stems and undersides of leaves.","Mealybugs feeding on plant sap, commonly spread via new plants or shared tools.","Quarantine and inspect new plants, keep foliage clean and dust-free.","Dab with an alcohol-soaked cotton swab, follow up with a neem oil spray.","Leaf axils, stems",Moderate
Spider Plant,Leaf Tip/Margin Blight,Fungal/Abiotic,"Brown, dry, crispy tips or margins on leaves that gradually spread inward.","Low humidity, fluoride/salt buildup from tap water, or minor fungal infection at wounds.","Water with filtered or rested water, maintain adequate humidity, trim tips cleanly with sterile scissors.","Trim affected tips, adjust watering practices; apply fungicide only if actively spreading.","Leaf tips, margins",Low to Moderate
Money Plant,Root Rot,Fungal,"Yellowing, drooping leaves despite moist soil; roots appear brown/black, mushy, with a foul smell.",Overwatering and poorly draining potting mix allowing Pythium/Phytophthora to develop.,"Use a well-draining potting mix, ensure pots have drainage holes, let topsoil dry before rewatering.","Unpot the plant, trim away rotten roots, repot into fresh mix and water sparingly afterwards.","Roots, base of stem",High
Money Plant,Leaf Spot Disease,Fungal/Bacterial,Brown or black spots with yellow margins scattered across the foliage.,Fungal or bacterial pathogens favoured by high humidity and water sitting on leaves.,"Avoid misting directly onto foliage, ensure good airflow around the plant.","Remove affected leaves, improve ventilation, apply a fungicide/bactericide if spreading.",Leaves,Moderate
Money Plant,Spider Mites,Pest,"Fine webbing on the undersides of leaves; stippled, yellowing or bronzed foliage.",Dry indoor air and warm temperatures favouring spider mite reproduction.,"Maintain higher humidity, wipe leaves periodically, inspect new plants before bringing indoors.","Spray with insecticidal soap or neem oil, repeating every 5-7 days until resolved.",Leaves (undersides),Moderate
Money Plant,Mealybug Infestation,Pest,"White, cottony masses clustered at leaf axils, stems and undersides of leaves.","Mealybugs feeding on plant sap, commonly spread via new plants or shared tools.","Quarantine and inspect new plants, keep foliage clean and dust-free.","Dab with an alcohol-soaked cotton swab, follow up with a neem oil spray.","Leaf axils, stems",Moderate
Money Plant,Leaf Tip/Margin Blight,Fungal/Abiotic,"Brown, dry, crispy tips or margins on leaves that gradually spread inward.","Low humidity, fluoride/salt buildup from tap water, or minor fungal infection at wounds.","Water with filtered or rested water, maintain adequate humidity, trim tips cleanly with sterile scissors.","Trim affected tips, adjust watering practices; apply fungicide only if actively spreading.","Leaf tips, margins",Low to Moderate
Areca Palm,Root Rot,Fungal,"Yellowing, drooping leaves despite moist soil; roots appear brown/black, mushy, with a foul smell.",Overwatering and poorly draining potting mix allowing Pythium/Phytophthora to develop.,"Use a well-draining potting mix, ensure pots have drainage holes, let topsoil dry before rewatering.","Unpot the plant, trim away rotten roots, repot into fresh mix and water sparingly afterwards.","Roots, base of stem",High
Areca Palm,Leaf Spot Disease,Fungal/Bacterial,Brown or black spots with yellow margins scattered across the foliage.,Fungal or bacterial pathogens favoured by high humidity and water sitting on leaves.,"Avoid misting directly onto foliage, ensure good airflow around the plant.","Remove affected leaves, improve ventilation, apply a fungicide/bactericide if spreading.",Leaves,Moderate
Areca Palm,Spider Mites,Pest,"Fine webbing on the undersides of leaves; stippled, yellowing or bronzed foliage.",Dry indoor air and warm temperatures favouring spider mite reproduction.,"Maintain higher humidity, wipe leaves periodically, inspect new plants before bringing indoors.","Spray with insecticidal soap or neem oil, repeating every 5-7 days until resolved.",Leaves (undersides),Moderate
Areca Palm,Mealybug Infestation,Pest,"White, cottony masses clustered at leaf axils, stems and undersides of leaves.","Mealybugs feeding on plant sap, commonly spread via new plants or shared tools.","Quarantine and inspect new plants, keep foliage clean and dust-free.","Dab with an alcohol-soaked cotton swab, follow up with a neem oil spray.","Leaf axils, stems",Moderate
Areca Palm,Leaf Tip/Margin Blight,Fungal/Abiotic,"Brown, dry, crispy tips or margins on leaves that gradually spread inward.","Low humidity, fluoride/salt buildup from tap water, or minor fungal infection at wounds.","Water with filtered or rested water, maintain adequate humidity, trim tips cleanly with sterile scissors.","Trim affected tips, adjust watering practices; apply fungicide only if actively spreading.","Leaf tips, margins",Low to Moderate
Syngonium,Root Rot,Fungal,"Yellowing, drooping leaves despite moist soil; roots appear brown/black, mushy, with a foul smell.",Overwatering and poorly draining potting mix allowing Pythium/Phytophthora to develop.,"Use a well-draining potting mix, ensure pots have drainage holes, let topsoil dry before rewatering.","Unpot the plant, trim away rotten roots, repot into fresh mix and water sparingly afterwards.","Roots, base of stem",High
Syngonium,Leaf Spot Disease,Fungal/Bacterial,Brown or black spots with yellow margins scattered across the foliage.,Fungal or bacterial pathogens favoured by high humidity and water sitting on leaves.,"Avoid misting directly onto foliage, ensure good airflow around the plant.","Remove affected leaves, improve ventilation, apply a fungicide/bactericide if spreading.",Leaves,Moderate
Syngonium,Spider Mites,Pest,"Fine webbing on the undersides of leaves; stippled, yellowing or bronzed foliage.",Dry indoor air and warm temperatures favouring spider mite reproduction.,"Maintain higher humidity, wipe leaves periodically, inspect new plants before bringing indoors.","Spray with insecticidal soap or neem oil, repeating every 5-7 days until resolved.",Leaves (undersides),Moderate
Syngonium,Mealybug Infestation,Pest,"White, cottony masses clustered at leaf axils, stems and undersides of leaves.","Mealybugs feeding on plant sap, commonly spread via new plants or shared tools.","Quarantine and inspect new plants, keep foliage clean and dust-free.","Dab with an alcohol-soaked cotton swab, follow up with a neem oil spray.","Leaf axils, stems",Moderate
Syngonium,Leaf Tip/Margin Blight,Fungal/Abiotic,"Brown, dry, crispy tips or margins on leaves that gradually spread inward.","Low humidity, fluoride/salt buildup from tap water, or minor fungal infection at wounds.","Water with filtered or rested water, maintain adequate humidity, trim tips cleanly with sterile scissors.","Trim affected tips, adjust watering practices; apply fungicide only if actively spreading.","Leaf tips, margins",Low to Moderate
Dieffenbachia,Root Rot,Fungal,"Yellowing, drooping leaves despite moist soil; roots appear brown/black, mushy, with a foul smell.",Overwatering and poorly draining potting mix allowing Pythium/Phytophthora to develop.,"Use a well-draining potting mix, ensure pots have drainage holes, let topsoil dry before rewatering.","Unpot the plant, trim away rotten roots, repot into fresh mix and water sparingly afterwards.","Roots, base of stem",High
Dieffenbachia,Leaf Spot Disease,Fungal/Bacterial,Brown or black spots with yellow margins scattered across the foliage.,Fungal or bacterial pathogens favoured by high humidity and water sitting on leaves.,"Avoid misting directly onto foliage, ensure good airflow around the plant.","Remove affected leaves, improve ventilation, apply a fungicide/bactericide if spreading.",Leaves,Moderate
Dieffenbachia,Spider Mites,Pest,"Fine webbing on the undersides of leaves; stippled, yellowing or bronzed foliage.",Dry indoor air and warm temperatures favouring spider mite reproduction.,"Maintain higher humidity, wipe leaves periodically, inspect new plants before bringing indoors.","Spray with insecticidal soap or neem oil, repeating every 5-7 days until resolved.",Leaves (undersides),Moderate
Dieffenbachia,Mealybug Infestation,Pest,"White, cottony masses clustered at leaf axils, stems and undersides of leaves.","Mealybugs feeding on plant sap, commonly spread via new plants or shared tools.","Quarantine and inspect new plants, keep foliage clean and dust-free.","Dab with an alcohol-soaked cotton swab, follow up with a neem oil spray.","Leaf axils, stems",Moderate
Dieffenbachia,Leaf Tip/Margin Blight,Fungal/Abiotic,"Brown, dry, crispy tips or margins on leaves that gradually spread inward.","Low humidity, fluoride/salt buildup from tap water, or minor fungal infection at wounds.","Water with filtered or rested water, maintain adequate humidity, trim tips cleanly with sterile scissors.","Trim affected tips, adjust watering practices; apply fungicide only if actively spreading.","Leaf tips, margins",Low to Moderate
Rubber Plant,Root Rot,Fungal,"Yellowing, drooping leaves despite moist soil; roots appear brown/black, mushy, with a foul smell.",Overwatering and poorly draining potting mix allowing Pythium/Phytophthora to develop.,"Use a well-draining potting mix, ensure pots have drainage holes, let topsoil dry before rewatering.","Unpot the plant, trim away rotten roots, repot into fresh mix and water sparingly afterwards.","Roots, base of stem",High
Rubber Plant,Leaf Spot Disease,Fungal/Bacterial,Brown or black spots with yellow margins scattered across the foliage.,Fungal or bacterial pathogens favoured by high humidity and water sitting on leaves.,"Avoid misting directly onto foliage, ensure good airflow around the plant.","Remove affected leaves, improve ventilation, apply a fungicide/bactericide if spreading.",Leaves,Moderate
Rubber Plant,Spider Mites,Pest,"Fine webbing on the undersides of leaves; stippled, yellowing or bronzed foliage.",Dry indoor air and warm temperatures favouring spider mite reproduction.,"Maintain higher humidity, wipe leaves periodically, inspect new plants before bringing indoors.","Spray with insecticidal soap or neem oil, repeating every 5-7 days until resolved.",Leaves (undersides),Moderate
Rubber Plant,Mealybug Infestation,Pest,"White, cottony masses clustered at leaf axils, stems and undersides of leaves.","Mealybugs feeding on plant sap, commonly spread via new plants or shared tools.","Quarantine and inspect new plants, keep foliage clean and dust-free.","Dab with an alcohol-soaked cotton swab, follow up with a neem oil spray.","Leaf axils, stems",Moderate
Rubber Plant,Leaf Tip/Margin Blight,Fungal/Abiotic,"Brown, dry, crispy tips or margins on leaves that gradually spread inward.","Low humidity, fluoride/salt buildup from tap water, or minor fungal infection at wounds.","Water with filtered or rested water, maintain adequate humidity, trim tips cleanly with sterile scissors.","Trim affected tips, adjust watering practices; apply fungicide only if actively spreading.","Leaf tips, margins",Low to Moderate
Bamboo Palm,Root Rot,Fungal,"Yellowing, drooping leaves despite moist soil; roots appear brown/black, mushy, with a foul smell.",Overwatering and poorly draining potting mix allowing Pythium/Phytophthora to develop.,"Use a well-draining potting mix, ensure pots have drainage holes, let topsoil dry before rewatering.","Unpot the plant, trim away rotten roots, repot into fresh mix and water sparingly afterwards.","Roots, base of stem",High
Bamboo Palm,Leaf Spot Disease,Fungal/Bacterial,Brown or black spots with yellow margins scattered across the foliage.,Fungal or bacterial pathogens favoured by high humidity and water sitting on leaves.,"Avoid misting directly onto foliage, ensure good airflow around the plant.","Remove affected leaves, improve ventilation, apply a fungicide/bactericide if spreading.",Leaves,Moderate
Bamboo Palm,Spider Mites,Pest,"Fine webbing on the undersides of leaves; stippled, yellowing or bronzed foliage.",Dry indoor air and warm temperatures favouring spider mite reproduction.,"Maintain higher humidity, wipe leaves periodically, inspect new plants before bringing indoors.","Spray with insecticidal soap or neem oil, repeating every 5-7 days until resolved.",Leaves (undersides),Moderate
Bamboo Palm,Mealybug Infestation,Pest,"White, cottony masses clustered at leaf axils, stems and undersides of leaves.","Mealybugs feeding on plant sap, commonly spread via new plants or shared tools.","Quarantine and inspect new plants, keep foliage clean and dust-free.","Dab with an alcohol-soaked cotton swab, follow up with a neem oil spray.","Leaf axils, stems",Moderate
Bamboo Palm,Leaf Tip/Margin Blight,Fungal/Abiotic,"Brown, dry, crispy tips or margins on leaves that gradually spread inward.","Low humidity, fluoride/salt buildup from tap water, or minor fungal infection at wounds.","Water with filtered or rested water, maintain adequate humidity, trim tips cleanly with sterile scissors.","Trim affected tips, adjust watering practices; apply fungicide only if actively spreading.","Leaf tips, margins",Low to Moderate
Jasmine,Powdery Mildew,Fungal,"White powdery coating over leaves, buds and stems; distorted or stunted new growth.","Warm humid days followed by cool nights, combined with poor air circulation.","Space plants well, water at the base, avoid overhead irrigation in the evening.","Spray with sulfur, potassium bicarbonate, or neem oil at first sign of infection.","Leaves, buds, stems",Moderate
Jasmine,Botrytis Blight (Gray Mould),Fungal,Grayish-brown fuzzy mould on flowers and buds; affected blooms turn mushy and collapse.,"Cool, damp conditions with poor air circulation and overcrowded planting.","Deadhead spent blooms promptly, improve airflow, avoid overhead watering.",Remove and destroy infected flowers/buds; apply a fungicide labelled for Botrytis.,"Flowers, buds, stems",Moderate to High
Jasmine,Aphid Infestation,Pest,"Distorted, curled new growth and buds; sticky honeydew attracting ants and sooty mould.",Aphid colonies clustering on tender shoots and flower buds.,"Encourage beneficial insects, inspect new growth regularly, avoid excess nitrogen feeding.","Spray with neem oil or insecticidal soap, targeting bud clusters and shoot tips.","Buds, new shoots",Low to Moderate
Jasmine,Black Spot / Leaf Spot,Fungal,Black or brown circular spots on leaves surrounded by a yellow halo; leads to yellowing and leaf drop.,"Fungal spores spread by water splash, favoured by warm, humid weather.","Avoid wetting foliage when watering, prune for airflow, clear fallen infected leaves.",Remove and destroy infected leaves; apply a fungicide on a regular preventive schedule.,Leaves,Moderate
Jasmine,Root Rot,Fungal,Wilting and yellowing despite adequate moisture; roots turn brown/black and mushy.,"Waterlogged, poorly draining soil favouring fungal root pathogens.","Plant in well-drained soil, avoid overwatering, raise beds in heavy clay soils.","Improve drainage, trim rotten roots, apply a fungicide drench to remaining healthy roots.",Roots,High
Sunflower,Powdery Mildew,Fungal,"White powdery coating over leaves, buds and stems; distorted or stunted new growth.","Warm humid days followed by cool nights, combined with poor air circulation.","Space plants well, water at the base, avoid overhead irrigation in the evening.","Spray with sulfur, potassium bicarbonate, or neem oil at first sign of infection.","Leaves, buds, stems",Moderate
Sunflower,Botrytis Blight (Gray Mould),Fungal,Grayish-brown fuzzy mould on flowers and buds; affected blooms turn mushy and collapse.,"Cool, damp conditions with poor air circulation and overcrowded planting.","Deadhead spent blooms promptly, improve airflow, avoid overhead watering.",Remove and destroy infected flowers/buds; apply a fungicide labelled for Botrytis.,"Flowers, buds, stems",Moderate to High
Sunflower,Aphid Infestation,Pest,"Distorted, curled new growth and buds; sticky honeydew attracting ants and sooty mould.",Aphid colonies clustering on tender shoots and flower buds.,"Encourage beneficial insects, inspect new growth regularly, avoid excess nitrogen feeding.","Spray with neem oil or insecticidal soap, targeting bud clusters and shoot tips.","Buds, new shoots",Low to Moderate
Sunflower,Black Spot / Leaf Spot,Fungal,Black or brown circular spots on leaves surrounded by a yellow halo; leads to yellowing and leaf drop.,"Fungal spores spread by water splash, favoured by warm, humid weather.","Avoid wetting foliage when watering, prune for airflow, clear fallen infected leaves.",Remove and destroy infected leaves; apply a fungicide on a regular preventive schedule.,Leaves,Moderate
Sunflower,Root Rot,Fungal,Wilting and yellowing despite adequate moisture; roots turn brown/black and mushy.,"Waterlogged, poorly draining soil favouring fungal root pathogens.","Plant in well-drained soil, avoid overwatering, raise beds in heavy clay soils.","Improve drainage, trim rotten roots, apply a fungicide drench to remaining healthy roots.",Roots,High
Orchid,Powdery Mildew,Fungal,"White powdery coating over leaves, buds and stems; distorted or stunted new growth.","Warm humid days followed by cool nights, combined with poor air circulation.","Space plants well, water at the base, avoid overhead irrigation in the evening.","Spray with sulfur, potassium bicarbonate, or neem oil at first sign of infection.","Leaves, buds, stems",Moderate
Orchid,Botrytis Blight (Gray Mould),Fungal,Grayish-brown fuzzy mould on flowers and buds; affected blooms turn mushy and collapse.,"Cool, damp conditions with poor air circulation and overcrowded planting.","Deadhead spent blooms promptly, improve airflow, avoid overhead watering.",Remove and destroy infected flowers/buds; apply a fungicide labelled for Botrytis.,"Flowers, buds, stems",Moderate to High
Orchid,Aphid Infestation,Pest,"Distorted, curled new growth and buds; sticky honeydew attracting ants and sooty mould.",Aphid colonies clustering on tender shoots and flower buds.,"Encourage beneficial insects, inspect new growth regularly, avoid excess nitrogen feeding.","Spray with neem oil or insecticidal soap, targeting bud clusters and shoot tips.","Buds, new shoots",Low to Moderate
Orchid,Black Spot / Leaf Spot,Fungal,Black or brown circular spots on leaves surrounded by a yellow halo; leads to yellowing and leaf drop.,"Fungal spores spread by water splash, favoured by warm, humid weather.","Avoid wetting foliage when watering, prune for airflow, clear fallen infected leaves.",Remove and destroy infected leaves; apply a fungicide on a regular preventive schedule.,Leaves,Moderate
Orchid,Root Rot,Fungal,Wilting and yellowing despite adequate moisture; roots turn brown/black and mushy.,"Waterlogged, poorly draining soil favouring fungal root pathogens.","Plant in well-drained soil, avoid overwatering, raise beds in heavy clay soils.","Improve drainage, trim rotten roots, apply a fungicide drench to remaining healthy roots.",Roots,High
Marigold,Powdery Mildew,Fungal,"White powdery coating over leaves, buds and stems; distorted or stunted new growth.","Warm humid days followed by cool nights, combined with poor air circulation.","Space plants well, water at the base, avoid overhead irrigation in the evening.","Spray with sulfur, potassium bicarbonate, or neem oil at first sign of infection.","Leaves, buds, stems",Moderate
Marigold,Botrytis Blight (Gray Mould),Fungal,Grayish-brown fuzzy mould on flowers and buds; affected blooms turn mushy and collapse.,"Cool, damp conditions with poor air circulation and overcrowded planting.","Deadhead spent blooms promptly, improve airflow, avoid overhead watering.",Remove and destroy infected flowers/buds; apply a fungicide labelled for Botrytis.,"Flowers, buds, stems",Moderate to High
Marigold,Aphid Infestation,Pest,"Distorted, curled new growth and buds; sticky honeydew attracting ants and sooty mould.",Aphid colonies clustering on tender shoots and flower buds.,"Encourage beneficial insects, inspect new growth regularly, avoid excess nitrogen feeding.","Spray with neem oil or insecticidal soap, targeting bud clusters and shoot tips.","Buds, new shoots",Low to Moderate
Marigold,Black Spot / Leaf Spot,Fungal,Black or brown circular spots on leaves surrounded by a yellow halo; leads to yellowing and leaf drop.,"Fungal spores spread by water splash, favoured by warm, humid weather.","Avoid wetting foliage when watering, prune for airflow, clear fallen infected leaves.",Remove and destroy infected leaves; apply a fungicide on a regular preventive schedule.,Leaves,Moderate
Marigold,Root Rot,Fungal,Wilting and yellowing despite adequate moisture; roots turn brown/black and mushy.,"Waterlogged, poorly draining soil favouring fungal root pathogens.","Plant in well-drained soil, avoid overwatering, raise beds in heavy clay soils.","Improve drainage, trim rotten roots, apply a fungicide drench to remaining healthy roots.",Roots,High
Hydrangea,Powdery Mildew,Fungal,"White powdery coating over leaves, buds and stems; distorted or stunted new growth.","Warm humid days followed by cool nights, combined with poor air circulation.","Space plants well, water at the base, avoid overhead irrigation in the evening.","Spray with sulfur, potassium bicarbonate, or neem oil at first sign of infection.","Leaves, buds, stems",Moderate
Hydrangea,Botrytis Blight (Gray Mould),Fungal,Grayish-brown fuzzy mould on flowers and buds; affected blooms turn mushy and collapse.,"Cool, damp conditions with poor air circulation and overcrowded planting.","Deadhead spent blooms promptly, improve airflow, avoid overhead watering.",Remove and destroy infected flowers/buds; apply a fungicide labelled for Botrytis.,"Flowers, buds, stems",Moderate to High
Hydrangea,Aphid Infestation,Pest,"Distorted, curled new growth and buds; sticky honeydew attracting ants and sooty mould.",Aphid colonies clustering on tender shoots and flower buds.,"Encourage beneficial insects, inspect new growth regularly, avoid excess nitrogen feeding.","Spray with neem oil or insecticidal soap, targeting bud clusters and shoot tips.","Buds, new shoots",Low to Moderate
Hydrangea,Black Spot / Leaf Spot,Fungal,Black or brown circular spots on leaves surrounded by a yellow halo; leads to yellowing and leaf drop.,"Fungal spores spread by water splash, favoured by warm, humid weather.","Avoid wetting foliage when watering, prune for airflow, clear fallen infected leaves.",Remove and destroy infected leaves; apply a fungicide on a regular preventive schedule.,Leaves,Moderate
Hydrangea,Root Rot,Fungal,Wilting and yellowing despite adequate moisture; roots turn brown/black and mushy.,"Waterlogged, poorly draining soil favouring fungal root pathogens.","Plant in well-drained soil, avoid overwatering, raise beds in heavy clay soils.","Improve drainage, trim rotten roots, apply a fungicide drench to remaining healthy roots.",Roots,High
Neem,Leaf Spot Disease,Fungal,"Brown to black spots scattered across leaves, sometimes merging and causing early leaf drop.",Fungal pathogens spread by rain splash during humid weather.,"Prune for good airflow, avoid overhead watering, clear fallen infected leaves.",Apply a copper-based fungicide; remove and destroy heavily infected leaves.,Leaves,Moderate
Neem,Powdery Mildew,Fungal,"White powdery coating on leaves and young shoots, causing distorted growth.",Humid conditions with poor air circulation around the canopy.,"Space plants adequately, avoid excess nitrogen fertilizer, prune to open the canopy.",Spray sulfur-based fungicide or neem oil at first sign of infection.,"Leaves, young shoots",Low to Moderate
Neem,Root/Collar Rot,Fungal,"Wilting, yellowing foliage and decayed, discoloured bark at the base of the trunk.",Waterlogging around the root collar allowing Phytophthora fungus to establish.,"Ensure well-drained planting site, avoid piling mulch/soil against the trunk, avoid overwatering.","Improve site drainage, expose and dry out the collar, apply a systemic fungicide drench.","Roots, root collar/base",High
Neem,Termite / Borer Infestation,Pest,Small holes in the trunk or branches with sawdust-like frass; branch dieback.,Wood-boring insects or termites attacking stressed or wounded wood.,"Keep trees healthy and well-watered, remove dead wood promptly, avoid trunk injuries.",Apply an appropriate insecticide to affected areas; prune and destroy severely infested branches.,"Trunk, branches",Moderate to High
Neem,Sooty Mould,Fungal (secondary),"Black sooty coating over leaves and twigs, reducing photosynthesis.",Growth on honeydew secreted by sap-sucking pests such as aphids or scale insects.,Control the underlying insect pest population early with regular inspection.,Wash affected foliage with a mild soap spray; treat the insect infestation with neem oil.,"Leaves, twigs",Low
Curry Leaves,Powdery Mildew,Fungal,White powdery patches on leaves and stems that spread and cause leaves to yellow and curl.,Fungal spores favoured by high humidity combined with poor air circulation.,"Space plants for airflow, avoid overhead watering, remove infected debris promptly.",Spray neem oil or a potassium bicarbonate/sulfur solution every 7-10 days.,"Leaves, stems",Moderate
Curry Leaves,Damping Off,Fungal,Seedlings collapse and rot at the soil line soon after germination; poor emergence.,"Soil-borne fungi such as Pythium and Rhizoctonia thriving in cold, waterlogged soil.","Use sterile, well-draining potting mix; avoid overwatering seedlings; ensure good ventilation.","Remove affected seedlings immediately, improve drainage, apply a fungicidal drench to remaining trays.","Stem base, roots (seedling stage)",High
Curry Leaves,Leaf Spot,Fungal/Bacterial,Brown to black spots with yellow halos scattered across leaves; spots may merge and cause leaf drop.,Fungal or bacterial pathogens spread by water splash and wet foliage.,"Water at the soil level, avoid working with wet plants, rotate crops each season.",Remove and destroy affected leaves; apply a copper-based fungicide/bactericide.,Leaves,Moderate
Curry Leaves,Aphid Infestation,Pest,"Curled, distorted new leaves and shoots; sticky honeydew and clusters of small green/black insects.","Aphid colonies feeding on tender growth, especially in warm weather.","Encourage natural predators (ladybirds, lacewings), inspect new growth regularly.","Spray with neem oil or insecticidal soap, focusing on the undersides of leaves.","New shoots, leaves",Low to Moderate
Curry Leaves,Downy Mildew,Fungal,Yellow patches on the upper leaf surface with greyish-purple fuzzy growth underneath.,"Cool, moist conditions with prolonged leaf wetness.","Improve airflow around plants, avoid wetting foliage, remove volunteer plants and debris.",Remove infected leaves promptly; apply a suitable fungicide at first sign of infection.,Leaves,Moderate to High
Mint,Powdery Mildew,Fungal,White powdery patches on leaves and stems that spread and cause leaves to yellow and curl.,Fungal spores favoured by high humidity combined with poor air circulation.,"Space plants for airflow, avoid overhead watering, remove infected debris promptly.",Spray neem oil or a potassium bicarbonate/sulfur solution every 7-10 days.,"Leaves, stems",Moderate
Mint,Damping Off,Fungal,Seedlings collapse and rot at the soil line soon after germination; poor emergence.,"Soil-borne fungi such as Pythium and Rhizoctonia thriving in cold, waterlogged soil.","Use sterile, well-draining potting mix; avoid overwatering seedlings; ensure good ventilation.","Remove affected seedlings immediately, improve drainage, apply a fungicidal drench to remaining trays.","Stem base, roots (seedling stage)",High
Mint,Leaf Spot,Fungal/Bacterial,Brown to black spots with yellow halos scattered across leaves; spots may merge and cause leaf drop.,Fungal or bacterial pathogens spread by water splash and wet foliage.,"Water at the soil level, avoid working with wet plants, rotate crops each season.",Remove and destroy affected leaves; apply a copper-based fungicide/bactericide.,Leaves,Moderate
Mint,Aphid Infestation,Pest,"Curled, distorted new leaves and shoots; sticky honeydew and clusters of small green/black insects.","Aphid colonies feeding on tender growth, especially in warm weather.","Encourage natural predators (ladybirds, lacewings), inspect new growth regularly.","Spray with neem oil or insecticidal soap, focusing on the undersides of leaves.","New shoots, leaves",Low to Moderate
Mint,Downy Mildew,Fungal,Yellow patches on the upper leaf surface with greyish-purple fuzzy growth underneath.,"Cool, moist conditions with prolonged leaf wetness.","Improve airflow around plants, avoid wetting foliage, remove volunteer plants and debris.",Remove infected leaves promptly; apply a suitable fungicide at first sign of infection.,Leaves,Moderate to High
Thyme,Powdery Mildew,Fungal,White powdery patches on leaves and stems that spread and cause leaves to yellow and curl.,Fungal spores favoured by high humidity combined with poor air circulation.,"Space plants for airflow, avoid overhead watering, remove infected debris promptly.",Spray neem oil or a potassium bicarbonate/sulfur solution every 7-10 days.,"Leaves, stems",Moderate
Thyme,Damping Off,Fungal,Seedlings collapse and rot at the soil line soon after germination; poor emergence.,"Soil-borne fungi such as Pythium and Rhizoctonia thriving in cold, waterlogged soil.","Use sterile, well-draining potting mix; avoid overwatering seedlings; ensure good ventilation.","Remove affected seedlings immediately, improve drainage, apply a fungicidal drench to remaining trays.","Stem base, roots (seedling stage)",High
Thyme,Leaf Spot,Fungal/Bacterial,Brown to black spots with yellow halos scattered across leaves; spots may merge and cause leaf drop.,Fungal or bacterial pathogens spread by water splash and wet foliage.,"Water at the soil level, avoid working with wet plants, rotate crops each season.",Remove and destroy affected leaves; apply a copper-based fungicide/bactericide.,Leaves,Moderate
Thyme,Aphid Infestation,Pest,"Curled, distorted new leaves and shoots; sticky honeydew and clusters of small green/black insects.","Aphid colonies feeding on tender growth, especially in warm weather.","Encourage natural predators (ladybirds, lacewings), inspect new growth regularly.","Spray with neem oil or insecticidal soap, focusing on the undersides of leaves.","New shoots, leaves",Low to Moderate
Thyme,Downy Mildew,Fungal,Yellow patches on the upper leaf surface with greyish-purple fuzzy growth underneath.,"Cool, moist conditions with prolonged leaf wetness.","Improve airflow around plants, avoid wetting foliage, remove volunteer plants and debris.",Remove infected leaves promptly; apply a suitable fungicide at first sign of infection.,Leaves,Moderate to High
Ferocactus,Root Rot,Fungal,"Base or roots turn black, mushy and foul-smelling; plant becomes soft, discoloured and collapses.","Overwatering in poorly draining soil, allowing Phytophthora/Pythium fungi to thrive.",Use a fast-draining cactus/succulent mix; let soil dry out completely between waterings.,"Remove all rotten tissue with a sterile blade, let cuts callous, repot in fresh dry mix.","Roots, stem base",High
Ferocactus,Fungal Stem/Body Rot,Fungal,"Dark, soft, sunken patches on the stem or body that spread and turn mushy.","High humidity, standing water on the plant body, or wounds allowing fungal entry.","Avoid wetting the plant body, ensure good ventilation, water at soil level only.","Cut away infected tissue back to healthy flesh, dust wound with sulfur powder or fungicide.","Stem, pads, body",High
Ferocactus,Mealybug Infestation,Pest,"Small white cottony clusters in crevices, joints and around the base; sticky residue.","Mealybug colonies feeding on plant sap, often introduced via new plants.",Inspect and quarantine new plants before placing near others; check crevices regularly.,Dab insects with rubbing-alcohol-soaked cotton swab; follow up with neem oil spray.,"Stem joints, areoles, roots",Moderate
Ferocactus,Scale Insects,Pest,Small brown or tan raised bumps on the surface; sticky honeydew and yellowing nearby tissue.,Scale insects attaching to the plant surface and feeding on sap.,"Inspect regularly, isolate new arrivals, avoid overcrowding plants.","Scrape off scales gently, wipe with alcohol, apply horticultural oil spray.","Stem, ribs, pads",Moderate
Ferocactus,Sunscorch / Corking,Abiotic (environmental),"Brown, tan or corky patches on the sun-facing side of the plant.","Sudden exposure to intense direct sun without acclimatisation, or natural ageing (corking).","Acclimatise gradually to full sun, provide light afternoon shade in peak summer.",No cure for scorched tissue; relocate to filtered light and let new growth cover the area.,Outer skin/epidermis,Low to Moderate
Rosette Blossom,Root Rot,Fungal,"Base or roots turn black, mushy and foul-smelling; plant becomes soft, discoloured and collapses.","Overwatering in poorly draining soil, allowing Phytophthora/Pythium fungi to thrive.",Use a fast-draining cactus/succulent mix; let soil dry out completely between waterings.,"Remove all rotten tissue with a sterile blade, let cuts callous, repot in fresh dry mix.","Roots, stem base",High
Rosette Blossom,Fungal Stem/Body Rot,Fungal,"Dark, soft, sunken patches on the stem or body that spread and turn mushy.","High humidity, standing water on the plant body, or wounds allowing fungal entry.","Avoid wetting the plant body, ensure good ventilation, water at soil level only.","Cut away infected tissue back to healthy flesh, dust wound with sulfur powder or fungicide.","Stem, pads, body",High
Rosette Blossom,Mealybug Infestation,Pest,"Small white cottony clusters in crevices, joints and around the base; sticky residue.","Mealybug colonies feeding on plant sap, often introduced via new plants.",Inspect and quarantine new plants before placing near others; check crevices regularly.,Dab insects with rubbing-alcohol-soaked cotton swab; follow up with neem oil spray.,"Stem joints, areoles, roots",Moderate
Rosette Blossom,Scale Insects,Pest,Small brown or tan raised bumps on the surface; sticky honeydew and yellowing nearby tissue.,Scale insects attaching to the plant surface and feeding on sap.,"Inspect regularly, isolate new arrivals, avoid overcrowding plants.","Scrape off scales gently, wipe with alcohol, apply horticultural oil spray.","Stem, ribs, pads",Moderate
Rosette Blossom,Sunscorch / Corking,Abiotic (environmental),"Brown, tan or corky patches on the sun-facing side of the plant.","Sudden exposure to intense direct sun without acclimatisation, or natural ageing (corking).","Acclimatise gradually to full sun, provide light afternoon shade in peak summer.",No cure for scorched tissue; relocate to filtered light and let new growth cover the area.,Outer skin/epidermis,Low to Moderate
Velvet Petunia,Powdery Mildew,Fungal,"White powdery coating over leaves, buds and stems; distorted or stunted new growth.","Warm humid days followed by cool nights, combined with poor air circulation.","Space plants well, water at the base, avoid overhead irrigation in the evening.","Spray with sulfur, potassium bicarbonate, or neem oil at first sign of infection.","Leaves, buds, stems",Moderate
Velvet Petunia,Botrytis Blight (Gray Mould),Fungal,Grayish-brown fuzzy mould on flowers and buds; affected blooms turn mushy and collapse.,"Cool, damp conditions with poor air circulation and overcrowded planting.","Deadhead spent blooms promptly, improve airflow, avoid overhead watering.",Remove and destroy infected flowers/buds; apply a fungicide labelled for Botrytis.,"Flowers, buds, stems",Moderate to High
Velvet Petunia,Aphid Infestation,Pest,"Distorted, curled new growth and buds; sticky honeydew attracting ants and sooty mould.",Aphid colonies clustering on tender shoots and flower buds.,"Encourage beneficial insects, inspect new growth regularly, avoid excess nitrogen feeding.","Spray with neem oil or insecticidal soap, targeting bud clusters and shoot tips.","Buds, new shoots",Low to Moderate
Velvet Petunia,Black Spot / Leaf Spot,Fungal,Black or brown circular spots on leaves surrounded by a yellow halo; leads to yellowing and leaf drop.,"Fungal spores spread by water splash, favoured by warm, humid weather.","Avoid wetting foliage when watering, prune for airflow, clear fallen infected leaves.",Remove and destroy infected leaves; apply a fungicide on a regular preventive schedule.,Leaves,Moderate
Velvet Petunia,Root Rot,Fungal,Wilting and yellowing despite adequate moisture; roots turn brown/black and mushy.,"Waterlogged, poorly draining soil favouring fungal root pathogens.","Plant in well-drained soil, avoid overwatering, raise beds in heavy clay soils.","Improve drainage, trim rotten roots, apply a fungicide drench to remaining healthy roots.",Roots,High
Haworthia,Root Rot,Fungal,"Base or roots turn black, mushy and foul-smelling; plant becomes soft, discoloured and collapses.","Overwatering in poorly draining soil, allowing Phytophthora/Pythium fungi to thrive.",Use a fast-draining cactus/succulent mix; let soil dry out completely between waterings.,"Remove all rotten tissue with a sterile blade, let cuts callous, repot in fresh dry mix.","Roots, stem base",High
Haworthia,Fungal Stem/Body Rot,Fungal,"Dark, soft, sunken patches on the stem or body that spread and turn mushy.","High humidity, standing water on the plant body, or wounds allowing fungal entry.","Avoid wetting the plant body, ensure good ventilation, water at soil level only.","Cut away infected tissue back to healthy flesh, dust wound with sulfur powder or fungicide.","Stem, pads, body",High
Haworthia,Mealybug Infestation,Pest,"Small white cottony clusters in crevices, joints and around the base; sticky residue.","Mealybug colonies feeding on plant sap, often introduced via new plants.",Inspect and quarantine new plants before placing near others; check crevices regularly.,Dab insects with rubbing-alcohol-soaked cotton swab; follow up with neem oil spray.,"Stem joints, areoles, roots",Moderate
Haworthia,Scale Insects,Pest,Small brown or tan raised bumps on the surface; sticky honeydew and yellowing nearby tissue.,Scale insects attaching to the plant surface and feeding on sap.,"Inspect regularly, isolate new arrivals, avoid overcrowding plants.","Scrape off scales gently, wipe with alcohol, apply horticultural oil spray.","Stem, ribs, pads",Moderate
Haworthia,Sunscorch / Corking,Abiotic (environmental),"Brown, tan or corky patches on the sun-facing side of the plant.","Sudden exposure to intense direct sun without acclimatisation, or natural ageing (corking).","Acclimatise gradually to full sun, provide light afternoon shade in peak summer.",No cure for scorched tissue; relocate to filtered light and let new growth cover the area.,Outer skin/epidermis,Low to Moderate
Euphorbia Cactus,Root Rot,Fungal,"Base or roots turn black, mushy and foul-smelling; plant becomes soft, discoloured and collapses.","Overwatering in poorly draining soil, allowing Phytophthora/Pythium fungi to thrive.",Use a fast-draining cactus/succulent mix; let soil dry out completely between waterings.,"Remove all rotten tissue with a sterile blade, let cuts callous, repot in fresh dry mix.","Roots, stem base",High
Euphorbia Cactus,Fungal Stem/Body Rot,Fungal,"Dark, soft, sunken patches on the stem or body that spread and turn mushy.","High humidity, standing water on the plant body, or wounds allowing fungal entry.","Avoid wetting the plant body, ensure good ventilation, water at soil level only.","Cut away infected tissue back to healthy flesh, dust wound with sulfur powder or fungicide.","Stem, pads, body",High
Euphorbia Cactus,Mealybug Infestation,Pest,"Small white cottony clusters in crevices, joints and around the base; sticky residue.","Mealybug colonies feeding on plant sap, often introduced via new plants.",Inspect and quarantine new plants before placing near others; check crevices regularly.,Dab insects with rubbing-alcohol-soaked cotton swab; follow up with neem oil spray.,"Stem joints, areoles, roots",Moderate
Euphorbia Cactus,Scale Insects,Pest,Small brown or tan raised bumps on the surface; sticky honeydew and yellowing nearby tissue.,Scale insects attaching to the plant surface and feeding on sap.,"Inspect regularly, isolate new arrivals, avoid overcrowding plants.","Scrape off scales gently, wipe with alcohol, apply horticultural oil spray.","Stem, ribs, pads",Moderate
Euphorbia Cactus,Sunscorch / Corking,Abiotic (environmental),"Brown, tan or corky patches on the sun-facing side of the plant.","Sudden exposure to intense direct sun without acclimatisation, or natural ageing (corking).","Acclimatise gradually to full sun, provide light afternoon shade in peak summer.",No cure for scorched tissue; relocate to filtered light and let new growth cover the area.,Outer skin/epidermis,Low to Moderate
English Ivy,Root Rot,Fungal,"Yellowing, drooping leaves despite moist soil; roots appear brown/black, mushy, with a foul smell.",Overwatering and poorly draining potting mix allowing Pythium/Phytophthora to develop.,"Use a well-draining potting mix, ensure pots have drainage holes, let topsoil dry before rewatering.","Unpot the plant, trim away rotten roots, repot into fresh mix and water sparingly afterwards.","Roots, base of stem",High
English Ivy,Leaf Spot Disease,Fungal/Bacterial,Brown or black spots with yellow margins scattered across the foliage.,Fungal or bacterial pathogens favoured by high humidity and water sitting on leaves.,"Avoid misting directly onto foliage, ensure good airflow around the plant.","Remove affected leaves, improve ventilation, apply a fungicide/bactericide if spreading.",Leaves,Moderate
English Ivy,Spider Mites,Pest,"Fine webbing on the undersides of leaves; stippled, yellowing or bronzed foliage.",Dry indoor air and warm temperatures favouring spider mite reproduction.,"Maintain higher humidity, wipe leaves periodically, inspect new plants before bringing indoors.","Spray with insecticidal soap or neem oil, repeating every 5-7 days until resolved.",Leaves (undersides),Moderate
English Ivy,Mealybug Infestation,Pest,"White, cottony masses clustered at leaf axils, stems and undersides of leaves.","Mealybugs feeding on plant sap, commonly spread via new plants or shared tools.","Quarantine and inspect new plants, keep foliage clean and dust-free.","Dab with an alcohol-soaked cotton swab, follow up with a neem oil spray.","Leaf axils, stems",Moderate
English Ivy,Leaf Tip/Margin Blight,Fungal/Abiotic,"Brown, dry, crispy tips or margins on leaves that gradually spread inward.","Low humidity, fluoride/salt buildup from tap water, or minor fungal infection at wounds.","Water with filtered or rested water, maintain adequate humidity, trim tips cleanly with sterile scissors.","Trim affected tips, adjust watering practices; apply fungicide only if actively spreading.","Leaf tips, margins",Low to Moderate
Lavender,Powdery Mildew,Fungal,"White powdery coating over leaves, buds and stems; distorted or stunted new growth.","Warm humid days followed by cool nights, combined with poor air circulation.","Space plants well, water at the base, avoid overhead irrigation in the evening.","Spray with sulfur, potassium bicarbonate, or neem oil at first sign of infection.","Leaves, buds, stems",Moderate
Lavender,Botrytis Blight (Gray Mould),Fungal,Grayish-brown fuzzy mould on flowers and buds; affected blooms turn mushy and collapse.,"Cool, damp conditions with poor air circulation and overcrowded planting.","Deadhead spent blooms promptly, improve airflow, avoid overhead watering.",Remove and destroy infected flowers/buds; apply a fungicide labelled for Botrytis.,"Flowers, buds, stems",Moderate to High
Lavender,Aphid Infestation,Pest,"Distorted, curled new growth and buds; sticky honeydew attracting ants and sooty mould.",Aphid colonies clustering on tender shoots and flower buds.,"Encourage beneficial insects, inspect new growth regularly, avoid excess nitrogen feeding.","Spray with neem oil or insecticidal soap, targeting bud clusters and shoot tips.","Buds, new shoots",Low to Moderate
Lavender,Black Spot / Leaf Spot,Fungal,Black or brown circular spots on leaves surrounded by a yellow halo; leads to yellowing and leaf drop.,"Fungal spores spread by water splash, favoured by warm, humid weather.","Avoid wetting foliage when watering, prune for airflow, clear fallen infected leaves.",Remove and destroy infected leaves; apply a fungicide on a regular preventive schedule.,Leaves,Moderate
Lavender,Root Rot,Fungal,Wilting and yellowing despite adequate moisture; roots turn brown/black and mushy.,"Waterlogged, poorly draining soil favouring fungal root pathogens.","Plant in well-drained soil, avoid overwatering, raise beds in heavy clay soils.","Improve drainage, trim rotten roots, apply a fungicide drench to remaining healthy roots.",Roots,High
Poppy,Powdery Mildew,Fungal,"White powdery coating over leaves, buds and stems; distorted or stunted new growth.","Warm humid days followed by cool nights, combined with poor air circulation.","Space plants well, water at the base, avoid overhead irrigation in the evening.","Spray with sulfur, potassium bicarbonate, or neem oil at first sign of infection.","Leaves, buds, stems",Moderate
Poppy,Botrytis Blight (Gray Mould),Fungal,Grayish-brown fuzzy mould on flowers and buds; affected blooms turn mushy and collapse.,"Cool, damp conditions with poor air circulation and overcrowded planting.","Deadhead spent blooms promptly, improve airflow, avoid overhead watering.",Remove and destroy infected flowers/buds; apply a fungicide labelled for Botrytis.,"Flowers, buds, stems",Moderate to High
Poppy,Aphid Infestation,Pest,"Distorted, curled new growth and buds; sticky honeydew attracting ants and sooty mould.",Aphid colonies clustering on tender shoots and flower buds.,"Encourage beneficial insects, inspect new growth regularly, avoid excess nitrogen feeding.","Spray with neem oil or insecticidal soap, targeting bud clusters and shoot tips.","Buds, new shoots",Low to Moderate
Poppy,Black Spot / Leaf Spot,Fungal,Black or brown circular spots on leaves surrounded by a yellow halo; leads to yellowing and leaf drop.,"Fungal spores spread by water splash, favoured by warm, humid weather.","Avoid wetting foliage when watering, prune for airflow, clear fallen infected leaves.",Remove and destroy infected leaves; apply a fungicide on a regular preventive schedule.,Leaves,Moderate
Poppy,Root Rot,Fungal,Wilting and yellowing despite adequate moisture; roots turn brown/black and mushy.,"Waterlogged, poorly draining soil favouring fungal root pathogens.","Plant in well-drained soil, avoid overwatering, raise beds in heavy clay soils.","Improve drainage, trim rotten roots, apply a fungicide drench to remaining healthy roots.",Roots,High
Ipomoea,Powdery Mildew,Fungal,"White powdery coating over leaves, buds and stems; distorted or stunted new growth.","Warm humid days followed by cool nights, combined with poor air circulation.","Space plants well, water at the base, avoid overhead irrigation in the evening.","Spray with sulfur, potassium bicarbonate, or neem oil at first sign of infection.","Leaves, buds, stems",Moderate
Ipomoea,Botrytis Blight (Gray Mould),Fungal,Grayish-brown fuzzy mould on flowers and buds; affected blooms turn mushy and collapse.,"Cool, damp conditions with poor air circulation and overcrowded planting.","Deadhead spent blooms promptly, improve airflow, avoid overhead watering.",Remove and destroy infected flowers/buds; apply a fungicide labelled for Botrytis.,"Flowers, buds, stems",Moderate to High
Ipomoea,Aphid Infestation,Pest,"Distorted, curled new growth and buds; sticky honeydew attracting ants and sooty mould.",Aphid colonies clustering on tender shoots and flower buds.,"Encourage beneficial insects, inspect new growth regularly, avoid excess nitrogen feeding.","Spray with neem oil or insecticidal soap, targeting bud clusters and shoot tips.","Buds, new shoots",Low to Moderate
Ipomoea,Black Spot / Leaf Spot,Fungal,Black or brown circular spots on leaves surrounded by a yellow halo; leads to yellowing and leaf drop.,"Fungal spores spread by water splash, favoured by warm, humid weather.","Avoid wetting foliage when watering, prune for airflow, clear fallen infected leaves.",Remove and destroy infected leaves; apply a fungicide on a regular preventive schedule.,Leaves,Moderate
Ipomoea,Root Rot,Fungal,Wilting and yellowing despite adequate moisture; roots turn brown/black and mushy.,"Waterlogged, poorly draining soil favouring fungal root pathogens.","Plant in well-drained soil, avoid overwatering, raise beds in heavy clay soils.","Improve drainage, trim rotten roots, apply a fungicide drench to remaining healthy roots.",Roots,High
Ivy,Root Rot,Fungal,"Yellowing, drooping leaves despite moist soil; roots appear brown/black, mushy, with a foul smell.",Overwatering and poorly draining potting mix allowing Pythium/Phytophthora to develop.,"Use a well-draining potting mix, ensure pots have drainage holes, let topsoil dry before rewatering.","Unpot the plant, trim away rotten roots, repot into fresh mix and water sparingly afterwards.","Roots, base of stem",High
Ivy,Leaf Spot Disease,Fungal/Bacterial,Brown or black spots with yellow margins scattered across the foliage.,Fungal or bacterial pathogens favoured by high humidity and water sitting on leaves.,"Avoid misting directly onto foliage, ensure good airflow around the plant.","Remove affected leaves, improve ventilation, apply a fungicide/bactericide if spreading.",Leaves,Moderate
Ivy,Spider Mites,Pest,"Fine webbing on the undersides of leaves; stippled, yellowing or bronzed foliage.",Dry indoor air and warm temperatures favouring spider mite reproduction.,"Maintain higher humidity, wipe leaves periodically, inspect new plants before bringing indoors.","Spray with insecticidal soap or neem oil, repeating every 5-7 days until resolved.",Leaves (undersides),Moderate
Ivy,Mealybug Infestation,Pest,"White, cottony masses clustered at leaf axils, stems and undersides of leaves.","Mealybugs feeding on plant sap, commonly spread via new plants or shared tools.","Quarantine and inspect new plants, keep foliage clean and dust-free.","Dab with an alcohol-soaked cotton swab, follow up with a neem oil spray.","Leaf axils, stems",Moderate
Ivy,Leaf Tip/Margin Blight,Fungal/Abiotic,"Brown, dry, crispy tips or margins on leaves that gradually spread inward.","Low humidity, fluoride/salt buildup from tap water, or minor fungal infection at wounds.","Water with filtered or rested water, maintain adequate humidity, trim tips cleanly with sterile scissors.","Trim affected tips, adjust watering practices; apply fungicide only if actively spreading.","Leaf tips, margins",Low to Moderate
Monstera Deliciosa,Root Rot,Fungal,"Yellowing, drooping leaves despite moist soil; roots appear brown/black, mushy, with a foul smell.",Overwatering and poorly draining potting mix allowing Pythium/Phytophthora to develop.,"Use a well-draining potting mix, ensure pots have drainage holes, let topsoil dry before rewatering.","Unpot the plant, trim away rotten roots, repot into fresh mix and water sparingly afterwards.","Roots, base of stem",High
Monstera Deliciosa,Leaf Spot Disease,Fungal/Bacterial,Brown or black spots with yellow margins scattered across the foliage.,Fungal or bacterial pathogens favoured by high humidity and water sitting on leaves.,"Avoid misting directly onto foliage, ensure good airflow around the plant.","Remove affected leaves, improve ventilation, apply a fungicide/bactericide if spreading.",Leaves,Moderate
Monstera Deliciosa,Spider Mites,Pest,"Fine webbing on the undersides of leaves; stippled, yellowing or bronzed foliage.",Dry indoor air and warm temperatures favouring spider mite reproduction.,"Maintain higher humidity, wipe leaves periodically, inspect new plants before bringing indoors.","Spray with insecticidal soap or neem oil, repeating every 5-7 days until resolved.",Leaves (undersides),Moderate
Monstera Deliciosa,Mealybug Infestation,Pest,"White, cottony masses clustered at leaf axils, stems and undersides of leaves.","Mealybugs feeding on plant sap, commonly spread via new plants or shared tools.","Quarantine and inspect new plants, keep foliage clean and dust-free.","Dab with an alcohol-soaked cotton swab, follow up with a neem oil spray.","Leaf axils, stems",Moderate
Monstera Deliciosa,Leaf Tip/Margin Blight,Fungal/Abiotic,"Brown, dry, crispy tips or margins on leaves that gradually spread inward.","Low humidity, fluoride/salt buildup from tap water, or minor fungal infection at wounds.","Water with filtered or rested water, maintain adequate humidity, trim tips cleanly with sterile scissors.","Trim affected tips, adjust watering practices; apply fungicide only if actively spreading.","Leaf tips, margins",Low to Moderate
Philodendron Brasil,Root Rot,Fungal,"Yellowing, drooping leaves despite moist soil; roots appear brown/black, mushy, with a foul smell.",Overwatering and poorly draining potting mix allowing Pythium/Phytophthora to develop.,"Use a well-draining potting mix, ensure pots have drainage holes, let topsoil dry before rewatering.","Unpot the plant, trim away rotten roots, repot into fresh mix and water sparingly afterwards.","Roots, base of stem",High
Philodendron Brasil,Leaf Spot Disease,Fungal/Bacterial,Brown or black spots with yellow margins scattered across the foliage.,Fungal or bacterial pathogens favoured by high humidity and water sitting on leaves.,"Avoid misting directly onto foliage, ensure good airflow around the plant.","Remove affected leaves, improve ventilation, apply a fungicide/bactericide if spreading.",Leaves,Moderate
Philodendron Brasil,Spider Mites,Pest,"Fine webbing on the undersides of leaves; stippled, yellowing or bronzed foliage.",Dry indoor air and warm temperatures favouring spider mite reproduction.,"Maintain higher humidity, wipe leaves periodically, inspect new plants before bringing indoors.","Spray with insecticidal soap or neem oil, repeating every 5-7 days until resolved.",Leaves (undersides),Moderate
Philodendron Brasil,Mealybug Infestation,Pest,"White, cottony masses clustered at leaf axils, stems and undersides of leaves.","Mealybugs feeding on plant sap, commonly spread via new plants or shared tools.","Quarantine and inspect new plants, keep foliage clean and dust-free.","Dab with an alcohol-soaked cotton swab, follow up with a neem oil spray.","Leaf axils, stems",Moderate
Philodendron Brasil,Leaf Tip/Margin Blight,Fungal/Abiotic,"Brown, dry, crispy tips or margins on leaves that gradually spread inward.","Low humidity, fluoride/salt buildup from tap water, or minor fungal infection at wounds.","Water with filtered or rested water, maintain adequate humidity, trim tips cleanly with sterile scissors.","Trim affected tips, adjust watering practices; apply fungicide only if actively spreading.","Leaf tips, margins",Low to Moderate
Begonia,Root Rot,Fungal,"Yellowing, drooping leaves despite moist soil; roots appear brown/black, mushy, with a foul smell.",Overwatering and poorly draining potting mix allowing Pythium/Phytophthora to develop.,"Use a well-draining potting mix, ensure pots have drainage holes, let topsoil dry before rewatering.","Unpot the plant, trim away rotten roots, repot into fresh mix and water sparingly afterwards.","Roots, base of stem",High
Begonia,Leaf Spot Disease,Fungal/Bacterial,Brown or black spots with yellow margins scattered across the foliage.,Fungal or bacterial pathogens favoured by high humidity and water sitting on leaves.,"Avoid misting directly onto foliage, ensure good airflow around the plant.","Remove affected leaves, improve ventilation, apply a fungicide/bactericide if spreading.",Leaves,Moderate
Begonia,Spider Mites,Pest,"Fine webbing on the undersides of leaves; stippled, yellowing or bronzed foliage.",Dry indoor air and warm temperatures favouring spider mite reproduction.,"Maintain higher humidity, wipe leaves periodically, inspect new plants before bringing indoors.","Spray with insecticidal soap or neem oil, repeating every 5-7 days until resolved.",Leaves (undersides),Moderate
Begonia,Mealybug Infestation,Pest,"White, cottony masses clustered at leaf axils, stems and undersides of leaves.","Mealybugs feeding on plant sap, commonly spread via new plants or shared tools.","Quarantine and inspect new plants, keep foliage clean and dust-free.","Dab with an alcohol-soaked cotton swab, follow up with a neem oil spray.","Leaf axils, stems",Moderate
Begonia,Leaf Tip/Margin Blight,Fungal/Abiotic,"Brown, dry, crispy tips or margins on leaves that gradually spread inward.","Low humidity, fluoride/salt buildup from tap water, or minor fungal infection at wounds.","Water with filtered or rested water, maintain adequate humidity, trim tips cleanly with sterile scissors.","Trim affected tips, adjust watering practices; apply fungicide only if actively spreading.","Leaf tips, margins",Low to Moderate
Blushing Bells (Impatiens),Powdery Mildew,Fungal,"White powdery coating over leaves, buds and stems; distorted or stunted new growth.","Warm humid days followed by cool nights, combined with poor air circulation.","Space plants well, water at the base, avoid overhead irrigation in the evening.","Spray with sulfur, potassium bicarbonate, or neem oil at first sign of infection.","Leaves, buds, stems",Moderate
Blushing Bells (Impatiens),Botrytis Blight (Gray Mould),Fungal,Grayish-brown fuzzy mould on flowers and buds; affected blooms turn mushy and collapse.,"Cool, damp conditions with poor air circulation and overcrowded planting.","Deadhead spent blooms promptly, improve airflow, avoid overhead watering.",Remove and destroy infected flowers/buds; apply a fungicide labelled for Botrytis.,"Flowers, buds, stems",Moderate to High
Blushing Bells (Impatiens),Aphid Infestation,Pest,"Distorted, curled new growth and buds; sticky honeydew attracting ants and sooty mould.",Aphid colonies clustering on tender shoots and flower buds.,"Encourage beneficial insects, inspect new growth regularly, avoid excess nitrogen feeding.","Spray with neem oil or insecticidal soap, targeting bud clusters and shoot tips.","Buds, new shoots",Low to Moderate
Blushing Bells (Impatiens),Black Spot / Leaf Spot,Fungal,Black or brown circular spots on leaves surrounded by a yellow halo; leads to yellowing and leaf drop.,"Fungal spores spread by water splash, favoured by warm, humid weather.","Avoid wetting foliage when watering, prune for airflow, clear fallen infected leaves.",Remove and destroy infected leaves; apply a fungicide on a regular preventive schedule.,Leaves,Moderate
Blushing Bells (Impatiens),Root Rot,Fungal,Wilting and yellowing despite adequate moisture; roots turn brown/black and mushy.,"Waterlogged, poorly draining soil favouring fungal root pathogens.","Plant in well-drained soil, avoid overwatering, raise beds in heavy clay soils.","Improve drainage, trim rotten roots, apply a fungicide drench to remaining healthy roots.",Roots,High
Insulin Plant,Powdery Mildew,Fungal,White powdery patches on leaves and stems that spread and cause leaves to yellow and curl.,Fungal spores favoured by high humidity combined with poor air circulation.,"Space plants for airflow, avoid overhead watering, remove infected debris promptly.",Spray neem oil or a potassium bicarbonate/sulfur solution every 7-10 days.,"Leaves, stems",Moderate
Insulin Plant,Damping Off,Fungal,Seedlings collapse and rot at the soil line soon after germination; poor emergence.,"Soil-borne fungi such as Pythium and Rhizoctonia thriving in cold, waterlogged soil.","Use sterile, well-draining potting mix; avoid overwatering seedlings; ensure good ventilation.","Remove affected seedlings immediately, improve drainage, apply a fungicidal drench to remaining trays.","Stem base, roots (seedling stage)",High
Insulin Plant,Leaf Spot,Fungal/Bacterial,Brown to black spots with yellow halos scattered across leaves; spots may merge and cause leaf drop.,Fungal or bacterial pathogens spread by water splash and wet foliage.,"Water at the soil level, avoid working with wet plants, rotate crops each season.",Remove and destroy affected leaves; apply a copper-based fungicide/bactericide.,Leaves,Moderate
Insulin Plant,Aphid Infestation,Pest,"Curled, distorted new leaves and shoots; sticky honeydew and clusters of small green/black insects.","Aphid colonies feeding on tender growth, especially in warm weather.","Encourage natural predators (ladybirds, lacewings), inspect new growth regularly.","Spray with neem oil or insecticidal soap, focusing on the undersides of leaves.","New shoots, leaves",Low to Moderate
Insulin Plant,Downy Mildew,Fungal,Yellow patches on the upper leaf surface with greyish-purple fuzzy growth underneath.,"Cool, moist conditions with prolonged leaf wetness.","Improve airflow around plants, avoid wetting foliage, remove volunteer plants and debris.",Remove infected leaves promptly; apply a suitable fungicide at first sign of infection.,Leaves,Moderate to High
Oregano,Powdery Mildew,Fungal,White powdery patches on leaves and stems that spread and cause leaves to yellow and curl.,Fungal spores favoured by high humidity combined with poor air circulation.,"Space plants for airflow, avoid overhead watering, remove infected debris promptly.",Spray neem oil or a potassium bicarbonate/sulfur solution every 7-10 days.,"Leaves, stems",Moderate
Oregano,Damping Off,Fungal,Seedlings collapse and rot at the soil line soon after germination; poor emergence.,"Soil-borne fungi such as Pythium and Rhizoctonia thriving in cold, waterlogged soil.","Use sterile, well-draining potting mix; avoid overwatering seedlings; ensure good ventilation.","Remove affected seedlings immediately, improve drainage, apply a fungicidal drench to remaining trays.","Stem base, roots (seedling stage)",High
Oregano,Leaf Spot,Fungal/Bacterial,Brown to black spots with yellow halos scattered across leaves; spots may merge and cause leaf drop.,Fungal or bacterial pathogens spread by water splash and wet foliage.,"Water at the soil level, avoid working with wet plants, rotate crops each season.",Remove and destroy affected leaves; apply a copper-based fungicide/bactericide.,Leaves,Moderate
Oregano,Aphid Infestation,Pest,"Curled, distorted new leaves and shoots; sticky honeydew and clusters of small green/black insects.","Aphid colonies feeding on tender growth, especially in warm weather.","Encourage natural predators (ladybirds, lacewings), inspect new growth regularly.","Spray with neem oil or insecticidal soap, focusing on the undersides of leaves.","New shoots, leaves",Low to Moderate
Oregano,Downy Mildew,Fungal,Yellow patches on the upper leaf surface with greyish-purple fuzzy growth underneath.,"Cool, moist conditions with prolonged leaf wetness.","Improve airflow around plants, avoid wetting foliage, remove volunteer plants and debris.",Remove infected leaves promptly; apply a suitable fungicide at first sign of infection.,Leaves,Moderate to High
Calotropis,Leaf Spot Disease,Fungal,"Brown to black spots scattered across leaves, sometimes merging and causing early leaf drop.",Fungal pathogens spread by rain splash during humid weather.,"Prune for good airflow, avoid overhead watering, clear fallen infected leaves.",Apply a copper-based fungicide; remove and destroy heavily infected leaves.,Leaves,Moderate
Calotropis,Powdery Mildew,Fungal,"White powdery coating on leaves and young shoots, causing distorted growth.",Humid conditions with poor air circulation around the canopy.,"Space plants adequately, avoid excess nitrogen fertilizer, prune to open the canopy.",Spray sulfur-based fungicide or neem oil at first sign of infection.,"Leaves, young shoots",Low to Moderate
Calotropis,Root/Collar Rot,Fungal,"Wilting, yellowing foliage and decayed, discoloured bark at the base of the trunk.",Waterlogging around the root collar allowing Phytophthora fungus to establish.,"Ensure well-drained planting site, avoid piling mulch/soil against the trunk, avoid overwatering.","Improve site drainage, expose and dry out the collar, apply a systemic fungicide drench.","Roots, root collar/base",High
Calotropis,Termite / Borer Infestation,Pest,Small holes in the trunk or branches with sawdust-like frass; branch dieback.,Wood-boring insects or termites attacking stressed or wounded wood.,"Keep trees healthy and well-watered, remove dead wood promptly, avoid trunk injuries.",Apply an appropriate insecticide to affected areas; prune and destroy severely infested branches.,"Trunk, branches",Moderate to High
Calotropis,Sooty Mould,Fungal (secondary),"Black sooty coating over leaves and twigs, reducing photosynthesis.",Growth on honeydew secreted by sap-sucking pests such as aphids or scale insects.,Control the underlying insect pest population early with regular inspection.,Wash affected foliage with a mild soap spray; treat the insect infestation with neem oil.,"Leaves, twigs",Low
Cactus,Root Rot,Fungal,"Base or roots turn black, mushy and foul-smelling; plant becomes soft, discoloured and collapses.","Overwatering in poorly draining soil, allowing Phytophthora/Pythium fungi to thrive.",Use a fast-draining cactus/succulent mix; let soil dry out completely between waterings.,"Remove all rotten tissue with a sterile blade, let cuts callous, repot in fresh dry mix.","Roots, stem base",High
Cactus,Fungal Stem/Body Rot,Fungal,"Dark, soft, sunken patches on the stem or body that spread and turn mushy.","High humidity, standing water on the plant body, or wounds allowing fungal entry.","Avoid wetting the plant body, ensure good ventilation, water at soil level only.","Cut away infected tissue back to healthy flesh, dust wound with sulfur powder or fungicide.","Stem, pads, body",High
Cactus,Mealybug Infestation,Pest,"Small white cottony clusters in crevices, joints and around the base; sticky residue.","Mealybug colonies feeding on plant sap, often introduced via new plants.",Inspect and quarantine new plants before placing near others; check crevices regularly.,Dab insects with rubbing-alcohol-soaked cotton swab; follow up with neem oil spray.,"Stem joints, areoles, roots",Moderate
Cactus,Scale Insects,Pest,Small brown or tan raised bumps on the surface; sticky honeydew and yellowing nearby tissue.,Scale insects attaching to the plant surface and feeding on sap.,"Inspect regularly, isolate new arrivals, avoid overcrowding plants.","Scrape off scales gently, wipe with alcohol, apply horticultural oil spray.","Stem, ribs, pads",Moderate
Cactus,Sunscorch / Corking,Abiotic (environmental),"Brown, tan or corky patches on the sun-facing side of the plant.","Sudden exposure to intense direct sun without acclimatisation, or natural ageing (corking).","Acclimatise gradually to full sun, provide light afternoon shade in peak summer.",No cure for scorched tissue; relocate to filtered light and let new growth cover the area.,Outer skin/epidermis,Low to Moderate
Golden Barrel Cactus,Root Rot,Fungal,"Base or roots turn black, mushy and foul-smelling; plant becomes soft, discoloured and collapses.","Overwatering in poorly draining soil, allowing Phytophthora/Pythium fungi to thrive.",Use a fast-draining cactus/succulent mix; let soil dry out completely between waterings.,"Remove all rotten tissue with a sterile blade, let cuts callous, repot in fresh dry mix.","Roots, stem base",High
Golden Barrel Cactus,Fungal Stem/Body Rot,Fungal,"Dark, soft, sunken patches on the stem or body that spread and turn mushy.","High humidity, standing water on the plant body, or wounds allowing fungal entry.","Avoid wetting the plant body, ensure good ventilation, water at soil level only.","Cut away infected tissue back to healthy flesh, dust wound with sulfur powder or fungicide.","Stem, pads, body",High
Golden Barrel Cactus,Mealybug Infestation,Pest,"Small white cottony clusters in crevices, joints and around the base; sticky residue.","Mealybug colonies feeding on plant sap, often introduced via new plants.",Inspect and quarantine new plants before placing near others; check crevices regularly.,Dab insects with rubbing-alcohol-soaked cotton swab; follow up with neem oil spray.,"Stem joints, areoles, roots",Moderate
Golden Barrel Cactus,Scale Insects,Pest,Small brown or tan raised bumps on the surface; sticky honeydew and yellowing nearby tissue.,Scale insects attaching to the plant surface and feeding on sap.,"Inspect regularly, isolate new arrivals, avoid overcrowding plants.","Scrape off scales gently, wipe with alcohol, apply horticultural oil spray.","Stem, ribs, pads",Moderate
Golden Barrel Cactus,Sunscorch / Corking,Abiotic (environmental),"Brown, tan or corky patches on the sun-facing side of the plant.","Sudden exposure to intense direct sun without acclimatisation, or natural ageing (corking).","Acclimatise gradually to full sun, provide light afternoon shade in peak summer.",No cure for scorched tissue; relocate to filtered light and let new growth cover the area.,Outer skin/epidermis,Low to Moderate
Sunset Glow,Root Rot,Fungal,"Base or roots turn black, mushy and foul-smelling; plant becomes soft, discoloured and collapses.","Overwatering in poorly draining soil, allowing Phytophthora/Pythium fungi to thrive.",Use a fast-draining cactus/succulent mix; let soil dry out completely between waterings.,"Remove all rotten tissue with a sterile blade, let cuts callous, repot in fresh dry mix.","Roots, stem base",High
Sunset Glow,Fungal Stem/Body Rot,Fungal,"Dark, soft, sunken patches on the stem or body that spread and turn mushy.","High humidity, standing water on the plant body, or wounds allowing fungal entry.","Avoid wetting the plant body, ensure good ventilation, water at soil level only.","Cut away infected tissue back to healthy flesh, dust wound with sulfur powder or fungicide.","Stem, pads, body",High
Sunset Glow,Mealybug Infestation,Pest,"Small white cottony clusters in crevices, joints and around the base; sticky residue.","Mealybug colonies feeding on plant sap, often introduced via new plants.",Inspect and quarantine new plants before placing near others; check crevices regularly.,Dab insects with rubbing-alcohol-soaked cotton swab; follow up with neem oil spray.,"Stem joints, areoles, roots",Moderate
Sunset Glow,Scale Insects,Pest,Small brown or tan raised bumps on the surface; sticky honeydew and yellowing nearby tissue.,Scale insects attaching to the plant surface and feeding on sap.,"Inspect regularly, isolate new arrivals, avoid overcrowding plants.","Scrape off scales gently, wipe with alcohol, apply horticultural oil spray.","Stem, ribs, pads",Moderate
Sunset Glow,Sunscorch / Corking,Abiotic (environmental),"Brown, tan or corky patches on the sun-facing side of the plant.","Sudden exposure to intense direct sun without acclimatisation, or natural ageing (corking).","Acclimatise gradually to full sun, provide light afternoon shade in peak summer.",No cure for scorched tissue; relocate to filtered light and let new growth cover the area.,Outer skin/epidermis,Low to Moderate
Dates,Anthracnose,Fungal,"Dark, sunken lesions on leaves, twigs and fruit; fruit develops black rotten spots as it ripens.","Colletotrichum fungus thriving in warm, humid, wet weather; spread by rain splash.","Prune for good airflow, avoid overhead watering, remove fallen leaves and mummified fruit.",Spray copper-based fungicide at flowering and fruit set; remove and destroy infected plant parts.,"Leaves, twigs, fruit",Moderate to High
Dates,Powdery Mildew,Fungal,"White powdery coating on young leaves, shoots and flower panicles; distorted new growth.","Fungal spores favoured by warm days, cool nights and poor air circulation.","Prune to open up the canopy, avoid excess nitrogen fertilizer, space trees adequately.",Apply wettable sulfur or neem oil spray at first sign of infection; repeat every 7-10 days.,"Leaves, young shoots, flowers",Moderate
Dates,Root Rot,Fungal,Wilting and yellowing leaves despite moist soil; roots turn brown/black and mushy; stunted growth.,"Waterlogged, poorly drained soil favouring Phytophthora/Pythium fungi.","Plant in well-drained soil or raised beds; avoid overwatering, especially in monsoon.","Improve drainage, trim away rotten roots, apply a systemic fungicide drench.","Roots, root collar",High
Dates,Bacterial Canker / Leaf Spot,Bacterial,Water-soaked spots on leaves that turn brown with a yellow halo; raised corky lesions on fruit and twigs.,Xanthomonas bacteria spread by wind-driven rain and contaminated pruning tools.,"Use certified disease-free planting material, disinfect pruning tools, avoid overhead irrigation.",Spray copper-based bactericide; prune and destroy infected branches.,"Leaves, fruit, twigs",High
Dates,Fruit Fly Infestation,Pest,Small puncture marks on ripening fruit; maggots tunnelling inside causing premature fruit drop and rot.,Fruit flies (Bactrocera spp.) laying eggs in maturing fruit.,"Use pheromone/methyl eugenol traps, bag fruit clusters, maintain orchard sanitation.",Apply approved insecticide bait spray; collect and destroy fallen infested fruit.,Fruit,Moderate to High
Dates,Sooty Mould,Fungal (secondary),"Black sooty coating over leaves and stems, reducing photosynthesis and vigour.","Growth of sooty mould fungus on honeydew excreted by aphids, scale or mealybugs.",Control sap-sucking insect pests early; encourage natural predators like ladybirds.,Wash off with a mild soap-water spray; treat the underlying insect infestation with neem oil.,"Leaves, stems",Low to Moderate
Tulip,Powdery Mildew,Fungal,"White powdery coating over leaves, buds and stems; distorted or stunted new growth.","Warm humid days followed by cool nights, combined with poor air circulation.","Space plants well, water at the base, avoid overhead irrigation in the evening.","Spray with sulfur, potassium bicarbonate, or neem oil at first sign of infection.","Leaves, buds, stems",Moderate
Tulip,Botrytis Blight (Gray Mould),Fungal,Grayish-brown fuzzy mould on flowers and buds; affected blooms turn mushy and collapse.,"Cool, damp conditions with poor air circulation and overcrowded planting.","Deadhead spent blooms promptly, improve airflow, avoid overhead watering.",Remove and destroy infected flowers/buds; apply a fungicide labelled for Botrytis.,"Flowers, buds, stems",Moderate to High
Tulip,Aphid Infestation,Pest,"Distorted, curled new growth and buds; sticky honeydew attracting ants and sooty mould.",Aphid colonies clustering on tender shoots and flower buds.,"Encourage beneficial insects, inspect new growth regularly, avoid excess nitrogen feeding.","Spray with neem oil or insecticidal soap, targeting bud clusters and shoot tips.","Buds, new shoots",Low to Moderate
Tulip,Black Spot / Leaf Spot,Fungal,Black or brown circular spots on leaves surrounded by a yellow halo; leads to yellowing and leaf drop.,"Fungal spores spread by water splash, favoured by warm, humid weather.","Avoid wetting foliage when watering, prune for airflow, clear fallen infected leaves.",Remove and destroy infected leaves; apply a fungicide on a regular preventive schedule.,Leaves,Moderate
Tulip,Root Rot,Fungal,Wilting and yellowing despite adequate moisture; roots turn brown/black and mushy.,"Waterlogged, poorly draining soil favouring fungal root pathogens.","Plant in well-drained soil, avoid overwatering, raise beds in heavy clay soils.","Improve drainage, trim rotten roots, apply a fungicide drench to remaining healthy roots.",Roots,High
Camellia,Powdery Mildew,Fungal,"White powdery coating over leaves, buds and stems; distorted or stunted new growth.","Warm humid days followed by cool nights, combined with poor air circulation.","Space plants well, water at the base, avoid overhead irrigation in the evening.","Spray with sulfur, potassium bicarbonate, or neem oil at first sign of infection.","Leaves, buds, stems",Moderate
Camellia,Botrytis Blight (Gray Mould),Fungal,Grayish-brown fuzzy mould on flowers and buds; affected blooms turn mushy and collapse.,"Cool, damp conditions with poor air circulation and overcrowded planting.","Deadhead spent blooms promptly, improve airflow, avoid overhead watering.",Remove and destroy infected flowers/buds; apply a fungicide labelled for Botrytis.,"Flowers, buds, stems",Moderate to High
Camellia,Aphid Infestation,Pest,"Distorted, curled new growth and buds; sticky honeydew attracting ants and sooty mould.",Aphid colonies clustering on tender shoots and flower buds.,"Encourage beneficial insects, inspect new growth regularly, avoid excess nitrogen feeding.","Spray with neem oil or insecticidal soap, targeting bud clusters and shoot tips.","Buds, new shoots",Low to Moderate
Camellia,Black Spot / Leaf Spot,Fungal,Black or brown circular spots on leaves surrounded by a yellow halo; leads to yellowing and leaf drop.,"Fungal spores spread by water splash, favoured by warm, humid weather.","Avoid wetting foliage when watering, prune for airflow, clear fallen infected leaves.",Remove and destroy infected leaves; apply a fungicide on a regular preventive schedule.,Leaves,Moderate
Camellia,Root Rot,Fungal,Wilting and yellowing despite adequate moisture; roots turn brown/black and mushy.,"Waterlogged, poorly draining soil favouring fungal root pathogens.","Plant in well-drained soil, avoid overwatering, raise beds in heavy clay soils.","Improve drainage, trim rotten roots, apply a fungicide drench to remaining healthy roots.",Roots,High
Hibiscus,Powdery Mildew,Fungal,"White powdery coating over leaves, buds and stems; distorted or stunted new growth.","Warm humid days followed by cool nights, combined with poor air circulation.","Space plants well, water at the base, avoid overhead irrigation in the evening.","Spray with sulfur, potassium bicarbonate, or neem oil at first sign of infection.","Leaves, buds, stems",Moderate
Hibiscus,Botrytis Blight (Gray Mould),Fungal,Grayish-brown fuzzy mould on flowers and buds; affected blooms turn mushy and collapse.,"Cool, damp conditions with poor air circulation and overcrowded planting.","Deadhead spent blooms promptly, improve airflow, avoid overhead watering.",Remove and destroy infected flowers/buds; apply a fungicide labelled for Botrytis.,"Flowers, buds, stems",Moderate to High
Hibiscus,Aphid Infestation,Pest,"Distorted, curled new growth and buds; sticky honeydew attracting ants and sooty mould.",Aphid colonies clustering on tender shoots and flower buds.,"Encourage beneficial insects, inspect new growth regularly, avoid excess nitrogen feeding.","Spray with neem oil or insecticidal soap, targeting bud clusters and shoot tips.","Buds, new shoots",Low to Moderate
Hibiscus,Black Spot / Leaf Spot,Fungal,Black or brown circular spots on leaves surrounded by a yellow halo; leads to yellowing and leaf drop.,"Fungal spores spread by water splash, favoured by warm, humid weather.","Avoid wetting foliage when watering, prune for airflow, clear fallen infected leaves.",Remove and destroy infected leaves; apply a fungicide on a regular preventive schedule.,Leaves,Moderate
Hibiscus,Root Rot,Fungal,Wilting and yellowing despite adequate moisture; roots turn brown/black and mushy.,"Waterlogged, poorly draining soil favouring fungal root pathogens.","Plant in well-drained soil, avoid overwatering, raise beds in heavy clay soils.","Improve drainage, trim rotten roots, apply a fungicide drench to remaining healthy roots.",Roots,High
Cyclamen,Powdery Mildew,Fungal,"White powdery coating over leaves, buds and stems; distorted or stunted new growth.","Warm humid days followed by cool nights, combined with poor air circulation.","Space plants well, water at the base, avoid overhead irrigation in the evening.","Spray with sulfur, potassium bicarbonate, or neem oil at first sign of infection.","Leaves, buds, stems",Moderate
Cyclamen,Botrytis Blight (Gray Mould),Fungal,Grayish-brown fuzzy mould on flowers and buds; affected blooms turn mushy and collapse.,"Cool, damp conditions with poor air circulation and overcrowded planting.","Deadhead spent blooms promptly, improve airflow, avoid overhead watering.",Remove and destroy infected flowers/buds; apply a fungicide labelled for Botrytis.,"Flowers, buds, stems",Moderate to High
Cyclamen,Aphid Infestation,Pest,"Distorted, curled new growth and buds; sticky honeydew attracting ants and sooty mould.",Aphid colonies clustering on tender shoots and flower buds.,"Encourage beneficial insects, inspect new growth regularly, avoid excess nitrogen feeding.","Spray with neem oil or insecticidal soap, targeting bud clusters and shoot tips.","Buds, new shoots",Low to Moderate
Cyclamen,Black Spot / Leaf Spot,Fungal,Black or brown circular spots on leaves surrounded by a yellow halo; leads to yellowing and leaf drop.,"Fungal spores spread by water splash, favoured by warm, humid weather.","Avoid wetting foliage when watering, prune for airflow, clear fallen infected leaves.",Remove and destroy infected leaves; apply a fungicide on a regular preventive schedule.,Leaves,Moderate
Cyclamen,Root Rot,Fungal,Wilting and yellowing despite adequate moisture; roots turn brown/black and mushy.,"Waterlogged, poorly draining soil favouring fungal root pathogens.","Plant in well-drained soil, avoid overwatering, raise beds in heavy clay soils.","Improve drainage, trim rotten roots, apply a fungicide drench to remaining healthy roots.",Roots,High
Red Cactus,Root Rot,Fungal,"Base or roots turn black, mushy and foul-smelling; plant becomes soft, discoloured and collapses.","Overwatering in poorly draining soil, allowing Phytophthora/Pythium fungi to thrive.",Use a fast-draining cactus/succulent mix; let soil dry out completely between waterings.,"Remove all rotten tissue with a sterile blade, let cuts callous, repot in fresh dry mix.","Roots, stem base",High
Red Cactus,Fungal Stem/Body Rot,Fungal,"Dark, soft, sunken patches on the stem or body that spread and turn mushy.","High humidity, standing water on the plant body, or wounds allowing fungal entry.","Avoid wetting the plant body, ensure good ventilation, water at soil level only.","Cut away infected tissue back to healthy flesh, dust wound with sulfur powder or fungicide.","Stem, pads, body",High
Red Cactus,Mealybug Infestation,Pest,"Small white cottony clusters in crevices, joints and around the base; sticky residue.","Mealybug colonies feeding on plant sap, often introduced via new plants.",Inspect and quarantine new plants before placing near others; check crevices regularly.,Dab insects with rubbing-alcohol-soaked cotton swab; follow up with neem oil spray.,"Stem joints, areoles, roots",Moderate
Red Cactus,Scale Insects,Pest,Small brown or tan raised bumps on the surface; sticky honeydew and yellowing nearby tissue.,Scale insects attaching to the plant surface and feeding on sap.,"Inspect regularly, isolate new arrivals, avoid overcrowding plants.","Scrape off scales gently, wipe with alcohol, apply horticultural oil spray.","Stem, ribs, pads",Moderate
Red Cactus,Sunscorch / Corking,Abiotic (environmental),"Brown, tan or corky patches on the sun-facing side of the plant.","Sudden exposure to intense direct sun without acclimatisation, or natural ageing (corking).","Acclimatise gradually to full sun, provide light afternoon shade in peak summer.",No cure for scorched tissue; relocate to filtered light and let new growth cover the area.,Outer skin/epidermis,Low to Moderate
Purple Basil,Powdery Mildew,Fungal,White powdery patches on leaves and stems that spread and cause leaves to yellow and curl.,Fungal spores favoured by high humidity combined with poor air circulation.,"Space plants for airflow, avoid overhead watering, remove infected debris promptly.",Spray neem oil or a potassium bicarbonate/sulfur solution every 7-10 days.,"Leaves, stems",Moderate
Purple Basil,Damping Off,Fungal,Seedlings collapse and rot at the soil line soon after germination; poor emergence.,"Soil-borne fungi such as Pythium and Rhizoctonia thriving in cold, waterlogged soil.","Use sterile, well-draining potting mix; avoid overwatering seedlings; ensure good ventilation.","Remove affected seedlings immediately, improve drainage, apply a fungicidal drench to remaining trays.","Stem base, roots (seedling stage)",High
Purple Basil,Leaf Spot,Fungal/Bacterial,Brown to black spots with yellow halos scattered across leaves; spots may merge and cause leaf drop.,Fungal or bacterial pathogens spread by water splash and wet foliage.,"Water at the soil level, avoid working with wet plants, rotate crops each season.",Remove and destroy affected leaves; apply a copper-based fungicide/bactericide.,Leaves,Moderate
Purple Basil,Aphid Infestation,Pest,"Curled, distorted new leaves and shoots; sticky honeydew and clusters of small green/black insects.","Aphid colonies feeding on tender growth, especially in warm weather.","Encourage natural predators (ladybirds, lacewings), inspect new growth regularly.","Spray with neem oil or insecticidal soap, focusing on the undersides of leaves.","New shoots, leaves",Low to Moderate
Purple Basil,Downy Mildew,Fungal,Yellow patches on the upper leaf surface with greyish-purple fuzzy growth underneath.,"Cool, moist conditions with prolonged leaf wetness.","Improve airflow around plants, avoid wetting foliage, remove volunteer plants and debris.",Remove infected leaves promptly; apply a suitable fungicide at first sign of infection.,Leaves,Moderate to High
Blue Forget-Me-Not,Powdery Mildew,Fungal,"White powdery coating over leaves, buds and stems; distorted or stunted new growth.","Warm humid days followed by cool nights, combined with poor air circulation.","Space plants well, water at the base, avoid overhead irrigation in the evening.","Spray with sulfur, potassium bicarbonate, or neem oil at first sign of infection.","Leaves, buds, stems",Moderate
Blue Forget-Me-Not,Botrytis Blight (Gray Mould),Fungal,Grayish-brown fuzzy mould on flowers and buds; affected blooms turn mushy and collapse.,"Cool, damp conditions with poor air circulation and overcrowded planting.","Deadhead spent blooms promptly, improve airflow, avoid overhead watering.",Remove and destroy infected flowers/buds; apply a fungicide labelled for Botrytis.,"Flowers, buds, stems",Moderate to High
Blue Forget-Me-Not,Aphid Infestation,Pest,"Distorted, curled new growth and buds; sticky honeydew attracting ants and sooty mould.",Aphid colonies clustering on tender shoots and flower buds.,"Encourage beneficial insects, inspect new growth regularly, avoid excess nitrogen feeding.","Spray with neem oil or insecticidal soap, targeting bud clusters and shoot tips.","Buds, new shoots",Low to Moderate
Blue Forget-Me-Not,Black Spot / Leaf Spot,Fungal,Black or brown circular spots on leaves surrounded by a yellow halo; leads to yellowing and leaf drop.,"Fungal spores spread by water splash, favoured by warm, humid weather.","Avoid wetting foliage when watering, prune for airflow, clear fallen infected leaves.",Remove and destroy infected leaves; apply a fungicide on a regular preventive schedule.,Leaves,Moderate
Blue Forget-Me-Not,Root Rot,Fungal,Wilting and yellowing despite adequate moisture; roots turn brown/black and mushy.,"Waterlogged, poorly draining soil favouring fungal root pathogens.","Plant in well-drained soil, avoid overwatering, raise beds in heavy clay soils.","Improve drainage, trim rotten roots, apply a fungicide drench to remaining healthy roots.",Roots,High
Rose Mallow,Powdery Mildew,Fungal,"White powdery coating over leaves, buds and stems; distorted or stunted new growth.","Warm humid days followed by cool nights, combined with poor air circulation.","Space plants well, water at the base, avoid overhead irrigation in the evening.","Spray with sulfur, potassium bicarbonate, or neem oil at first sign of infection.","Leaves, buds, stems",Moderate
Rose Mallow,Botrytis Blight (Gray Mould),Fungal,Grayish-brown fuzzy mould on flowers and buds; affected blooms turn mushy and collapse.,"Cool, damp conditions with poor air circulation and overcrowded planting.","Deadhead spent blooms promptly, improve airflow, avoid overhead watering.",Remove and destroy infected flowers/buds; apply a fungicide labelled for Botrytis.,"Flowers, buds, stems",Moderate to High
Rose Mallow,Aphid Infestation,Pest,"Distorted, curled new growth and buds; sticky honeydew attracting ants and sooty mould.",Aphid colonies clustering on tender shoots and flower buds.,"Encourage beneficial insects, inspect new growth regularly, avoid excess nitrogen feeding.","Spray with neem oil or insecticidal soap, targeting bud clusters and shoot tips.","Buds, new shoots",Low to Moderate
Rose Mallow,Black Spot / Leaf Spot,Fungal,Black or brown circular spots on leaves surrounded by a yellow halo; leads to yellowing and leaf drop.,"Fungal spores spread by water splash, favoured by warm, humid weather.","Avoid wetting foliage when watering, prune for airflow, clear fallen infected leaves.",Remove and destroy infected leaves; apply a fungicide on a regular preventive schedule.,Leaves,Moderate
Rose Mallow,Root Rot,Fungal,Wilting and yellowing despite adequate moisture; roots turn brown/black and mushy.,"Waterlogged, poorly draining soil favouring fungal root pathogens.","Plant in well-drained soil, avoid overwatering, raise beds in heavy clay soils.","Improve drainage, trim rotten roots, apply a fungicide drench to remaining healthy roots.",Roots,High
Rose Campion,Powdery Mildew,Fungal,"White powdery coating over leaves, buds and stems; distorted or stunted new growth.","Warm humid days followed by cool nights, combined with poor air circulation.","Space plants well, water at the base, avoid overhead irrigation in the evening.","Spray with sulfur, potassium bicarbonate, or neem oil at first sign of infection.","Leaves, buds, stems",Moderate
Rose Campion,Botrytis Blight (Gray Mould),Fungal,Grayish-brown fuzzy mould on flowers and buds; affected blooms turn mushy and collapse.,"Cool, damp conditions with poor air circulation and overcrowded planting.","Deadhead spent blooms promptly, improve airflow, avoid overhead watering.",Remove and destroy infected flowers/buds; apply a fungicide labelled for Botrytis.,"Flowers, buds, stems",Moderate to High
Rose Campion,Aphid Infestation,Pest,"Distorted, curled new growth and buds; sticky honeydew attracting ants and sooty mould.",Aphid colonies clustering on tender shoots and flower buds.,"Encourage beneficial insects, inspect new growth regularly, avoid excess nitrogen feeding.","Spray with neem oil or insecticidal soap, targeting bud clusters and shoot tips.","Buds, new shoots",Low to Moderate
Rose Campion,Black Spot / Leaf Spot,Fungal,Black or brown circular spots on leaves surrounded by a yellow halo; leads to yellowing and leaf drop.,"Fungal spores spread by water splash, favoured by warm, humid weather.","Avoid wetting foliage when watering, prune for airflow, clear fallen infected leaves.",Remove and destroy infected leaves; apply a fungicide on a regular preventive schedule.,Leaves,Moderate
Rose Campion,Root Rot,Fungal,Wilting and yellowing despite adequate moisture; roots turn brown/black and mushy.,"Waterlogged, poorly draining soil favouring fungal root pathogens.","Plant in well-drained soil, avoid overwatering, raise beds in heavy clay soils.","Improve drainage, trim rotten roots, apply a fungicide drench to remaining healthy roots.",Roots,High
Rose Geranium,Powdery Mildew,Fungal,White powdery patches on leaves and stems that spread and cause leaves to yellow and curl.,Fungal spores favoured by high humidity combined with poor air circulation.,"Space plants for airflow, avoid overhead watering, remove infected debris promptly.",Spray neem oil or a potassium bicarbonate/sulfur solution every 7-10 days.,"Leaves, stems",Moderate
Rose Geranium,Damping Off,Fungal,Seedlings collapse and rot at the soil line soon after germination; poor emergence.,"Soil-borne fungi such as Pythium and Rhizoctonia thriving in cold, waterlogged soil.","Use sterile, well-draining potting mix; avoid overwatering seedlings; ensure good ventilation.","Remove affected seedlings immediately, improve drainage, apply a fungicidal drench to remaining trays.","Stem base, roots (seedling stage)",High
Rose Geranium,Leaf Spot,Fungal/Bacterial,Brown to black spots with yellow halos scattered across leaves; spots may merge and cause leaf drop.,Fungal or bacterial pathogens spread by water splash and wet foliage.,"Water at the soil level, avoid working with wet plants, rotate crops each season.",Remove and destroy affected leaves; apply a copper-based fungicide/bactericide.,Leaves,Moderate
Rose Geranium,Aphid Infestation,Pest,"Curled, distorted new leaves and shoots; sticky honeydew and clusters of small green/black insects.","Aphid colonies feeding on tender growth, especially in warm weather.","Encourage natural predators (ladybirds, lacewings), inspect new growth regularly.","Spray with neem oil or insecticidal soap, focusing on the undersides of leaves.","New shoots, leaves",Low to Moderate
Rose Geranium,Downy Mildew,Fungal,Yellow patches on the upper leaf surface with greyish-purple fuzzy growth underneath.,"Cool, moist conditions with prolonged leaf wetness.","Improve airflow around plants, avoid wetting foliage, remove volunteer plants and debris.",Remove infected leaves promptly; apply a suitable fungicide at first sign of infection.,Leaves,Moderate to High
Rose,Powdery Mildew,Fungal,"White powdery coating over leaves, buds and stems; distorted or stunted new growth.","Warm humid days followed by cool nights, combined with poor air circulation.","Space plants well, water at the base, avoid overhead irrigation in the evening.","Spray with sulfur, potassium bicarbonate, or neem oil at first sign of infection.","Leaves, buds, stems",Moderate
Rose,Botrytis Blight (Gray Mould),Fungal,Grayish-brown fuzzy mould on flowers and buds; affected blooms turn mushy and collapse.,"Cool, damp conditions with poor air circulation and overcrowded planting.","Deadhead spent blooms promptly, improve airflow, avoid overhead watering.",Remove and destroy infected flowers/buds; apply a fungicide labelled for Botrytis.,"Flowers, buds, stems",Moderate to High
Rose,Aphid Infestation,Pest,"Distorted, curled new growth and buds; sticky honeydew attracting ants and sooty mould.",Aphid colonies clustering on tender shoots and flower buds.,"Encourage beneficial insects, inspect new growth regularly, avoid excess nitrogen feeding.","Spray with neem oil or insecticidal soap, targeting bud clusters and shoot tips.","Buds, new shoots",Low to Moderate
Rose,Black Spot / Leaf Spot,Fungal,Black or brown circular spots on leaves surrounded by a yellow halo; leads to yellowing and leaf drop.,"Fungal spores spread by water splash, favoured by warm, humid weather.","Avoid wetting foliage when watering, prune for airflow, clear fallen infected leaves.",Remove and destroy infected leaves; apply a fungicide on a regular preventive schedule.,Leaves,Moderate
Rose,Root Rot,Fungal,Wilting and yellowing despite adequate moisture; roots turn brown/black and mushy.,"Waterlogged, poorly draining soil favouring fungal root pathogens.","Plant in well-drained soil, avoid overwatering, raise beds in heavy clay soils.","Improve drainage, trim rotten roots, apply a fungicide drench to remaining healthy roots.",Roots,High
Boston Fern,Root Rot,Fungal,"Yellowing, drooping leaves despite moist soil; roots appear brown/black, mushy, with a foul smell.",Overwatering and poorly draining potting mix allowing Pythium/Phytophthora to develop.,"Use a well-draining potting mix, ensure pots have drainage holes, let topsoil dry before rewatering.","Unpot the plant, trim away rotten roots, repot into fresh mix and water sparingly afterwards.","Roots, base of stem",High
Boston Fern,Leaf Spot Disease,Fungal/Bacterial,Brown or black spots with yellow margins scattered across the foliage.,Fungal or bacterial pathogens favoured by high humidity and water sitting on leaves.,"Avoid misting directly onto foliage, ensure good airflow around the plant.","Remove affected leaves, improve ventilation, apply a fungicide/bactericide if spreading.",Leaves,Moderate
Boston Fern,Spider Mites,Pest,"Fine webbing on the undersides of leaves; stippled, yellowing or bronzed foliage.",Dry indoor air and warm temperatures favouring spider mite reproduction.,"Maintain higher humidity, wipe leaves periodically, inspect new plants before bringing indoors.","Spray with insecticidal soap or neem oil, repeating every 5-7 days until resolved.",Leaves (undersides),Moderate
Boston Fern,Mealybug Infestation,Pest,"White, cottony masses clustered at leaf axils, stems and undersides of leaves.","Mealybugs feeding on plant sap, commonly spread via new plants or shared tools.","Quarantine and inspect new plants, keep foliage clean and dust-free.","Dab with an alcohol-soaked cotton swab, follow up with a neem oil spray.","Leaf axils, stems",Moderate
Boston Fern,Leaf Tip/Margin Blight,Fungal/Abiotic,"Brown, dry, crispy tips or margins on leaves that gradually spread inward.","Low humidity, fluoride/salt buildup from tap water, or minor fungal infection at wounds.","Water with filtered or rested water, maintain adequate humidity, trim tips cleanly with sterile scissors.","Trim affected tips, adjust watering practices; apply fungicide only if actively spreading.","Leaf tips, margins",Low to Moderate
Petunia,Powdery Mildew,Fungal,"White powdery coating over leaves, buds and stems; distorted or stunted new growth.","Warm humid days followed by cool nights, combined with poor air circulation.","Space plants well, water at the base, avoid overhead irrigation in the evening.","Spray with sulfur, potassium bicarbonate, or neem oil at first sign of infection.","Leaves, buds, stems",Moderate
Petunia,Botrytis Blight (Gray Mould),Fungal,Grayish-brown fuzzy mould on flowers and buds; affected blooms turn mushy and collapse.,"Cool, damp conditions with poor air circulation and overcrowded planting.","Deadhead spent blooms promptly, improve airflow, avoid overhead watering.",Remove and destroy infected flowers/buds; apply a fungicide labelled for Botrytis.,"Flowers, buds, stems",Moderate to High
Petunia,Aphid Infestation,Pest,"Distorted, curled new growth and buds; sticky honeydew attracting ants and sooty mould.",Aphid colonies clustering on tender shoots and flower buds.,"Encourage beneficial insects, inspect new growth regularly, avoid excess nitrogen feeding.","Spray with neem oil or insecticidal soap, targeting bud clusters and shoot tips.","Buds, new shoots",Low to Moderate
Petunia,Black Spot / Leaf Spot,Fungal,Black or brown circular spots on leaves surrounded by a yellow halo; leads to yellowing and leaf drop.,"Fungal spores spread by water splash, favoured by warm, humid weather.","Avoid wetting foliage when watering, prune for airflow, clear fallen infected leaves.",Remove and destroy infected leaves; apply a fungicide on a regular preventive schedule.,Leaves,Moderate
Petunia,Root Rot,Fungal,Wilting and yellowing despite adequate moisture; roots turn brown/black and mushy.,"Waterlogged, poorly draining soil favouring fungal root pathogens.","Plant in well-drained soil, avoid overwatering, raise beds in heavy clay soils.","Improve drainage, trim rotten roots, apply a fungicide drench to remaining healthy roots.",Roots,High
Wisteria,Powdery Mildew,Fungal,"White powdery coating over leaves, buds and stems; distorted or stunted new growth.","Warm humid days followed by cool nights, combined with poor air circulation.","Space plants well, water at the base, avoid overhead irrigation in the evening.","Spray with sulfur, potassium bicarbonate, or neem oil at first sign of infection.","Leaves, buds, stems",Moderate
Wisteria,Botrytis Blight (Gray Mould),Fungal,Grayish-brown fuzzy mould on flowers and buds; affected blooms turn mushy and collapse.,"Cool, damp conditions with poor air circulation and overcrowded planting.","Deadhead spent blooms promptly, improve airflow, avoid overhead watering.",Remove and destroy infected flowers/buds; apply a fungicide labelled for Botrytis.,"Flowers, buds, stems",Moderate to High
Wisteria,Aphid Infestation,Pest,"Distorted, curled new growth and buds; sticky honeydew attracting ants and sooty mould.",Aphid colonies clustering on tender shoots and flower buds.,"Encourage beneficial insects, inspect new growth regularly, avoid excess nitrogen feeding.","Spray with neem oil or insecticidal soap, targeting bud clusters and shoot tips.","Buds, new shoots",Low to Moderate
Wisteria,Black Spot / Leaf Spot,Fungal,Black or brown circular spots on leaves surrounded by a yellow halo; leads to yellowing and leaf drop.,"Fungal spores spread by water splash, favoured by warm, humid weather.","Avoid wetting foliage when watering, prune for airflow, clear fallen infected leaves.",Remove and destroy infected leaves; apply a fungicide on a regular preventive schedule.,Leaves,Moderate
Wisteria,Root Rot,Fungal,Wilting and yellowing despite adequate moisture; roots turn brown/black and mushy.,"Waterlogged, poorly draining soil favouring fungal root pathogens.","Plant in well-drained soil, avoid overwatering, raise beds in heavy clay soils.","Improve drainage, trim rotten roots, apply a fungicide drench to remaining healthy roots.",Roots,High
Iris,Powdery Mildew,Fungal,"White powdery coating over leaves, buds and stems; distorted or stunted new growth.","Warm humid days followed by cool nights, combined with poor air circulation.","Space plants well, water at the base, avoid overhead irrigation in the evening.","Spray with sulfur, potassium bicarbonate, or neem oil at first sign of infection.","Leaves, buds, stems",Moderate
Iris,Botrytis Blight (Gray Mould),Fungal,Grayish-brown fuzzy mould on flowers and buds; affected blooms turn mushy and collapse.,"Cool, damp conditions with poor air circulation and overcrowded planting.","Deadhead spent blooms promptly, improve airflow, avoid overhead watering.",Remove and destroy infected flowers/buds; apply a fungicide labelled for Botrytis.,"Flowers, buds, stems",Moderate to High
Iris,Aphid Infestation,Pest,"Distorted, curled new growth and buds; sticky honeydew attracting ants and sooty mould.",Aphid colonies clustering on tender shoots and flower buds.,"Encourage beneficial insects, inspect new growth regularly, avoid excess nitrogen feeding.","Spray with neem oil or insecticidal soap, targeting bud clusters and shoot tips.","Buds, new shoots",Low to Moderate
Iris,Black Spot / Leaf Spot,Fungal,Black or brown circular spots on leaves surrounded by a yellow halo; leads to yellowing and leaf drop.,"Fungal spores spread by water splash, favoured by warm, humid weather.","Avoid wetting foliage when watering, prune for airflow, clear fallen infected leaves.",Remove and destroy infected leaves; apply a fungicide on a regular preventive schedule.,Leaves,Moderate
Iris,Root Rot,Fungal,Wilting and yellowing despite adequate moisture; roots turn brown/black and mushy.,"Waterlogged, poorly draining soil favouring fungal root pathogens.","Plant in well-drained soil, avoid overwatering, raise beds in heavy clay soils.","Improve drainage, trim rotten roots, apply a fungicide drench to remaining healthy roots.",Roots,High
Lavender Mist (Lavandula),Powdery Mildew,Fungal,"White powdery coating over leaves, buds and stems; distorted or stunted new growth.","Warm humid days followed by cool nights, combined with poor air circulation.","Space plants well, water at the base, avoid overhead irrigation in the evening.","Spray with sulfur, potassium bicarbonate, or neem oil at first sign of infection.","Leaves, buds, stems",Moderate
Lavender Mist (Lavandula),Botrytis Blight (Gray Mould),Fungal,Grayish-brown fuzzy mould on flowers and buds; affected blooms turn mushy and collapse.,"Cool, damp conditions with poor air circulation and overcrowded planting.","Deadhead spent blooms promptly, improve airflow, avoid overhead watering.",Remove and destroy infected flowers/buds; apply a fungicide labelled for Botrytis.,"Flowers, buds, stems",Moderate to High
Lavender Mist (Lavandula),Aphid Infestation,Pest,"Distorted, curled new growth and buds; sticky honeydew attracting ants and sooty mould.",Aphid colonies clustering on tender shoots and flower buds.,"Encourage beneficial insects, inspect new growth regularly, avoid excess nitrogen feeding.","Spray with neem oil or insecticidal soap, targeting bud clusters and shoot tips.","Buds, new shoots",Low to Moderate
Lavender Mist (Lavandula),Black Spot / Leaf Spot,Fungal,Black or brown circular spots on leaves surrounded by a yellow halo; leads to yellowing and leaf drop.,"Fungal spores spread by water splash, favoured by warm, humid weather.","Avoid wetting foliage when watering, prune for airflow, clear fallen infected leaves.",Remove and destroy infected leaves; apply a fungicide on a regular preventive schedule.,Leaves,Moderate
Lavender Mist (Lavandula),Root Rot,Fungal,Wilting and yellowing despite adequate moisture; roots turn brown/black and mushy.,"Waterlogged, poorly draining soil favouring fungal root pathogens.","Plant in well-drained soil, avoid overwatering, raise beds in heavy clay soils.","Improve drainage, trim rotten roots, apply a fungicide drench to remaining healthy roots.",Roots,High
