plant_name,season,region,watering_frequency,water_amount_liters,fertilizer_type,fertilizer_amount,nitrogen_requirement,phosphorus_requirement,potassium_requirement,micronutrients_required,sunlight_requirement,temperature_range_celsius,humidity_range_percent,wind_tolerance,care_instructions
Mango,Summer,Tamil Nadu,Every 2-3 days,15-20 L,NPK 10-10-10,500 g/tree,Medium,Medium,High,Zinc; Boron; Iron,Full Sun,25-40°C,45-65%,Medium,Deep watering helps fruit development.
Mango,Summer,Uttar Pradesh,Every 2-3 days,15-20 L,NPK 10-10-10,500 g/tree,Medium,Medium,High,Zinc; Boron; Iron,Full Sun,27-42°C,35-55%,Medium,Deep watering helps fruit development.
Mango,Summer,Andhra Pradesh,Every 2-3 days,15-20 L,NPK 10-10-10,500 g/tree,Medium,Medium,High,Zinc; Boron; Iron,Full Sun,26-41°C,45-65%,Medium,Deep watering helps fruit development.
Mango,Summer,Bihar,Every 2-3 days,15-20 L,NPK 10-10-10,500 g/tree,Medium,Medium,High,Zinc; Boron; Iron,Full Sun,26-41°C,45-65%,Medium,Deep watering helps fruit development.
Mango,Summer,Karnataka,Every 2-3 days,15-20 L,NPK 10-10-10,500 g/tree,Medium,Medium,High,Zinc; Boron; Iron,Full Sun,24-39°C,45-65%,Medium,Deep watering helps fruit development.
Mango,Winter,Tamil Nadu,Every 10-15 days,5-10 L,Organic Compost,5 kg/tree,Low,Medium,High,Calcium; Magnesium,Full Sun,15-28°C,45-65%,Medium,Reduce watering during cool months.
Mango,Winter,Uttar Pradesh,Every 10-15 days,5-10 L,Organic Compost,5 kg/tree,Low,Medium,High,Calcium; Magnesium,Full Sun,17-30°C,35-55%,Medium,Reduce watering during cool months.
Mango,Winter,Andhra Pradesh,Every 10-15 days,5-10 L,Organic Compost,5 kg/tree,Low,Medium,High,Calcium; Magnesium,Full Sun,16-29°C,45-65%,Medium,Reduce watering during cool months.
Mango,Winter,Bihar,Every 10-15 days,5-10 L,Organic Compost,5 kg/tree,Low,Medium,High,Calcium; Magnesium,Full Sun,16-29°C,45-65%,Medium,Reduce watering during cool months.
Mango,Winter,Karnataka,Every 10-15 days,5-10 L,Organic Compost,5 kg/tree,Low,Medium,High,Calcium; Magnesium,Full Sun,14-27°C,45-65%,Medium,Reduce watering during cool months.
Mango,Monsoon,Tamil Nadu,Every 7 days,5-8 L,Vermicompost,3 kg/tree,Medium,High,Medium,Calcium; Magnesium,Full Sun,22-35°C,75-95%,Medium,Ensure proper drainage and avoid waterlogging.
Mango,Monsoon,Uttar Pradesh,Every 7 days,5-8 L,Vermicompost,3 kg/tree,Medium,High,Medium,Calcium; Magnesium,Full Sun,24-37°C,65-85%,Medium,Ensure proper drainage and avoid waterlogging.
Mango,Monsoon,Andhra Pradesh,Every 7 days,5-8 L,Vermicompost,3 kg/tree,Medium,High,Medium,Calcium; Magnesium,Full Sun,23-36°C,75-95%,Medium,Ensure proper drainage and avoid waterlogging.
Mango,Monsoon,Bihar,Every 7 days,5-8 L,Vermicompost,3 kg/tree,Medium,High,Medium,Calcium; Magnesium,Full Sun,23-36°C,75-95%,Medium,Ensure proper drainage and avoid waterlogging.
Mango,Monsoon,Karnataka,Every 7 days,5-8 L,Vermicompost,3 kg/tree,Medium,High,Medium,Calcium; Magnesium,Full Sun,21-34°C,75-95%,Medium,Ensure proper drainage and avoid waterlogging.
Mango,Autumn,Tamil Nadu,Every 5-7 days,8-10 L,Farmyard Manure,5 kg/tree,Medium,Medium,High,Zinc; Iron,Full Sun,20-32°C,55-75%,Medium,Prepare tree for flowering.
Mango,Autumn,Uttar Pradesh,Every 5-7 days,8-10 L,Farmyard Manure,5 kg/tree,Medium,Medium,High,Zinc; Iron,Full Sun,22-34°C,45-65%,Medium,Prepare tree for flowering.
Mango,Autumn,Andhra Pradesh,Every 5-7 days,8-10 L,Farmyard Manure,5 kg/tree,Medium,Medium,High,Zinc; Iron,Full Sun,21-33°C,55-75%,Medium,Prepare tree for flowering.
Mango,Autumn,Bihar,Every 5-7 days,8-10 L,Farmyard Manure,5 kg/tree,Medium,Medium,High,Zinc; Iron,Full Sun,21-33°C,55-75%,Medium,Prepare tree for flowering.
Mango,Autumn,Karnataka,Every 5-7 days,8-10 L,Farmyard Manure,5 kg/tree,Medium,Medium,High,Zinc; Iron,Full Sun,19-31°C,55-75%,Medium,Prepare tree for flowering.
Mango,Windy,Tamil Nadu,Every 3-4 days,10-15 L,NPK 10-10-10,250 g/tree,Medium,Medium,High,Boron; Calcium,Full Sun,20-35°C,45-75%,Medium,Protect young branches from strong winds.
Mango,Windy,Uttar Pradesh,Every 3-4 days,10-15 L,NPK 10-10-10,250 g/tree,Medium,Medium,High,Boron; Calcium,Full Sun,22-37°C,35-65%,Medium,Protect young branches from strong winds.
Mango,Windy,Andhra Pradesh,Every 3-4 days,10-15 L,NPK 10-10-10,250 g/tree,Medium,Medium,High,Boron; Calcium,Full Sun,21-36°C,45-75%,Medium,Protect young branches from strong winds.
Mango,Windy,Bihar,Every 3-4 days,10-15 L,NPK 10-10-10,250 g/tree,Medium,Medium,High,Boron; Calcium,Full Sun,21-36°C,45-75%,Medium,Protect young branches from strong winds.
Mango,Windy,Karnataka,Every 3-4 days,10-15 L,NPK 10-10-10,250 g/tree,Medium,Medium,High,Boron; Calcium,Full Sun,19-34°C,45-75%,Medium,Protect young branches from strong winds.
Lichi,Summer,Bihar,Every 3-4 days,10-15 L,Fruit Fertilizer,400 g/tree,Medium,High,High,Potassium; Zinc; Boron,Full Sun,26-39°C,55-75%,Medium,Maintain watering during fruit growth.
Lichi,Summer,West Bengal,Every 3-4 days,10-15 L,Fruit Fertilizer,400 g/tree,Medium,High,High,Potassium; Zinc; Boron,Full Sun,25-38°C,60-80%,Medium,Maintain watering during fruit growth.
Lichi,Summer,Uttarakhand,Every 3-4 days,10-15 L,Fruit Fertilizer,400 g/tree,Medium,High,High,Potassium; Zinc; Boron,Full Sun,20-33°C,50-70%,Medium,Maintain watering during fruit growth.
Lichi,Summer,Punjab,Every 3-4 days,10-15 L,Fruit Fertilizer,400 g/tree,Medium,High,High,Potassium; Zinc; Boron,Full Sun,27-40°C,45-65%,Medium,Maintain watering during fruit growth.
Lichi,Summer,Tripura,Every 3-4 days,10-15 L,Fruit Fertilizer,400 g/tree,Medium,High,High,Potassium; Zinc; Boron,Full Sun,24-37°C,62-82%,Medium,Maintain watering during fruit growth.
Lichi,Winter,Bihar,Every 10-15 days,5 L,Organic Compost,5 kg/tree,Low,Medium,High,Calcium; Magnesium,Full Sun,11-26°C,45-65%,Medium,Reduce irrigation during winter.
Lichi,Winter,West Bengal,Every 10-15 days,5 L,Organic Compost,5 kg/tree,Low,Medium,High,Calcium; Magnesium,Full Sun,10-25°C,50-70%,Medium,Reduce irrigation during winter.
Lichi,Winter,Uttarakhand,Every 10-15 days,5 L,Organic Compost,5 kg/tree,Low,Medium,High,Calcium; Magnesium,Full Sun,5-20°C,40-60%,Medium,Reduce irrigation during winter.
Lichi,Winter,Punjab,Every 10-15 days,5 L,Organic Compost,5 kg/tree,Low,Medium,High,Calcium; Magnesium,Full Sun,12-27°C,35-55%,Medium,Reduce irrigation during winter.
Lichi,Winter,Tripura,Every 10-15 days,5 L,Organic Compost,5 kg/tree,Low,Medium,High,Calcium; Magnesium,Full Sun,9-24°C,52-72%,Medium,Reduce irrigation during winter.
Lichi,Monsoon,Bihar,Every 7 days,5-8 L,Vermicompost,3 kg/tree,Medium,High,Medium,Iron; Zinc,Full Sun,23-33°C,75-95%,Medium,Prevent water stagnation.
Lichi,Monsoon,West Bengal,Every 7 days,5-8 L,Vermicompost,3 kg/tree,Medium,High,Medium,Iron; Zinc,Full Sun,22-32°C,80-100%,Medium,Prevent water stagnation.
Lichi,Monsoon,Uttarakhand,Every 7 days,5-8 L,Vermicompost,3 kg/tree,Medium,High,Medium,Iron; Zinc,Full Sun,17-27°C,70-90%,Medium,Prevent water stagnation.
Lichi,Monsoon,Punjab,Every 7 days,5-8 L,Vermicompost,3 kg/tree,Medium,High,Medium,Iron; Zinc,Full Sun,24-34°C,65-85%,Medium,Prevent water stagnation.
Lichi,Monsoon,Tripura,Every 7 days,5-8 L,Vermicompost,3 kg/tree,Medium,High,Medium,Iron; Zinc,Full Sun,21-31°C,82-100%,Medium,Prevent water stagnation.
Lichi,Autumn,Bihar,Every 5-7 days,8 L,Fruit Fertilizer,300 g/tree,Medium,High,High,Boron; Potassium,Full Sun,19-31°C,55-75%,Medium,Support flowering preparation.
Lichi,Autumn,West Bengal,Every 5-7 days,8 L,Fruit Fertilizer,300 g/tree,Medium,High,High,Boron; Potassium,Full Sun,18-30°C,60-80%,Medium,Support flowering preparation.
Lichi,Autumn,Uttarakhand,Every 5-7 days,8 L,Fruit Fertilizer,300 g/tree,Medium,High,High,Boron; Potassium,Full Sun,13-25°C,50-70%,Medium,Support flowering preparation.
Lichi,Autumn,Punjab,Every 5-7 days,8 L,Fruit Fertilizer,300 g/tree,Medium,High,High,Boron; Potassium,Full Sun,20-32°C,45-65%,Medium,Support flowering preparation.
Lichi,Autumn,Tripura,Every 5-7 days,8 L,Fruit Fertilizer,300 g/tree,Medium,High,High,Boron; Potassium,Full Sun,17-29°C,62-82%,Medium,Support flowering preparation.
Lichi,Windy,Bihar,Every 5 days,10 L,Organic Compost,3 kg/tree,Medium,Medium,High,Calcium,Full Sun,21-36°C,45-65%,Medium,Protect young branches.
Lichi,Windy,West Bengal,Every 5 days,10 L,Organic Compost,3 kg/tree,Medium,Medium,High,Calcium,Full Sun,20-35°C,50-70%,Medium,Protect young branches.
Lichi,Windy,Uttarakhand,Every 5 days,10 L,Organic Compost,3 kg/tree,Medium,Medium,High,Calcium,Full Sun,15-30°C,40-60%,Medium,Protect young branches.
Lichi,Windy,Punjab,Every 5 days,10 L,Organic Compost,3 kg/tree,Medium,Medium,High,Calcium,Full Sun,22-37°C,35-55%,Medium,Protect young branches.
Lichi,Windy,Tripura,Every 5 days,10 L,Organic Compost,3 kg/tree,Medium,Medium,High,Calcium,Full Sun,19-34°C,52-72%,Medium,Protect young branches.
Strawberry,Summer,Himachal Pradesh,Every 2 days,1-2 L,Organic Compost,500 g/plant,Medium,High,Medium,Calcium; Potassium; Iron,Partial Sun,12-24°C,60-80%,Low,Keep soil moist during fruiting.
Strawberry,Summer,Maharashtra,Every 2 days,1-2 L,Organic Compost,500 g/plant,Medium,High,Medium,Calcium; Potassium; Iron,Partial Sun,19-31°C,60-80%,Low,Keep soil moist during fruiting.
Strawberry,Summer,Karnataka,Every 2 days,1-2 L,Organic Compost,500 g/plant,Medium,High,Medium,Calcium; Potassium; Iron,Partial Sun,17-29°C,65-85%,Low,Keep soil moist during fruiting.
Strawberry,Summer,Uttarakhand,Every 2 days,1-2 L,Organic Compost,500 g/plant,Medium,High,Medium,Calcium; Potassium; Iron,Partial Sun,13-25°C,60-80%,Low,Keep soil moist during fruiting.
Strawberry,Summer,West Bengal,Every 2 days,1-2 L,Organic Compost,500 g/plant,Medium,High,Medium,Calcium; Potassium; Iron,Partial Sun,18-30°C,70-90%,Low,Keep soil moist during fruiting.
Strawberry,Winter,Himachal Pradesh,Every 3-4 days,1 L,Fruit Fertilizer,20 g/plant/month,Medium,High,High,Calcium; Magnesium,Partial Sun,4-14°C,50-70%,Low,Best season for fruit production.
Strawberry,Winter,Maharashtra,Every 3-4 days,1 L,Fruit Fertilizer,20 g/plant/month,Medium,High,High,Calcium; Magnesium,Partial Sun,11-21°C,50-70%,Low,Best season for fruit production.
Strawberry,Winter,Karnataka,Every 3-4 days,1 L,Fruit Fertilizer,20 g/plant/month,Medium,High,High,Calcium; Magnesium,Partial Sun,9-19°C,55-75%,Low,Best season for fruit production.
Strawberry,Winter,Uttarakhand,Every 3-4 days,1 L,Fruit Fertilizer,20 g/plant/month,Medium,High,High,Calcium; Magnesium,Partial Sun,5-15°C,50-70%,Low,Best season for fruit production.
Strawberry,Winter,West Bengal,Every 3-4 days,1 L,Fruit Fertilizer,20 g/plant/month,Medium,High,High,Calcium; Magnesium,Partial Sun,10-20°C,60-80%,Low,Best season for fruit production.
Strawberry,Monsoon,Himachal Pradesh,Every 3-4 days,1 L,Vermicompost,300 g/plant,Medium,Medium,Medium,Iron; Zinc,Partial Sun,12-22°C,70-90%,Low,Ensure good drainage.
Strawberry,Monsoon,Maharashtra,Every 3-4 days,1 L,Vermicompost,300 g/plant,Medium,Medium,Medium,Iron; Zinc,Partial Sun,19-29°C,70-90%,Low,Ensure good drainage.
Strawberry,Monsoon,Karnataka,Every 3-4 days,1 L,Vermicompost,300 g/plant,Medium,Medium,Medium,Iron; Zinc,Partial Sun,17-27°C,75-95%,Low,Ensure good drainage.
Strawberry,Monsoon,Uttarakhand,Every 3-4 days,1 L,Vermicompost,300 g/plant,Medium,Medium,Medium,Iron; Zinc,Partial Sun,13-23°C,70-90%,Low,Ensure good drainage.
Strawberry,Monsoon,West Bengal,Every 3-4 days,1 L,Vermicompost,300 g/plant,Medium,Medium,Medium,Iron; Zinc,Partial Sun,18-28°C,80-100%,Low,Ensure good drainage.
Strawberry,Autumn,Himachal Pradesh,Every 2-3 days,1 L,Flowering Fertilizer,15 g/plant/month,Medium,High,Medium,Boron; Calcium,Partial Sun,9-19°C,60-80%,Low,Prepare plants for flowering.
Strawberry,Autumn,Maharashtra,Every 2-3 days,1 L,Flowering Fertilizer,15 g/plant/month,Medium,High,Medium,Boron; Calcium,Partial Sun,16-26°C,60-80%,Low,Prepare plants for flowering.
Strawberry,Autumn,Karnataka,Every 2-3 days,1 L,Flowering Fertilizer,15 g/plant/month,Medium,High,Medium,Boron; Calcium,Partial Sun,14-24°C,65-85%,Low,Prepare plants for flowering.
Strawberry,Autumn,Uttarakhand,Every 2-3 days,1 L,Flowering Fertilizer,15 g/plant/month,Medium,High,Medium,Boron; Calcium,Partial Sun,10-20°C,60-80%,Low,Prepare plants for flowering.
Strawberry,Autumn,West Bengal,Every 2-3 days,1 L,Flowering Fertilizer,15 g/plant/month,Medium,High,Medium,Boron; Calcium,Partial Sun,15-25°C,70-90%,Low,Prepare plants for flowering.
Strawberry,Windy,Himachal Pradesh,Every 2 days,1 L,Organic Compost,300 g/plant,Medium,Medium,Medium,Calcium,Partial Sun,9-22°C,50-70%,Low,Protect flowers from strong winds.
Strawberry,Windy,Maharashtra,Every 2 days,1 L,Organic Compost,300 g/plant,Medium,Medium,Medium,Calcium,Partial Sun,16-29°C,50-70%,Low,Protect flowers from strong winds.
Strawberry,Windy,Karnataka,Every 2 days,1 L,Organic Compost,300 g/plant,Medium,Medium,Medium,Calcium,Partial Sun,14-27°C,55-75%,Low,Protect flowers from strong winds.
Strawberry,Windy,Uttarakhand,Every 2 days,1 L,Organic Compost,300 g/plant,Medium,Medium,Medium,Calcium,Partial Sun,10-23°C,50-70%,Low,Protect flowers from strong winds.
Strawberry,Windy,West Bengal,Every 2 days,1 L,Organic Compost,300 g/plant,Medium,Medium,Medium,Calcium,Partial Sun,15-28°C,60-80%,Low,Protect flowers from strong winds.
Acanthocereus,Summer,Delhi,Every 10-14 days,0.5-1 L,Cactus Fertilizer,10 g/month,Low,Low,Medium,Calcium; Magnesium,Full Sun,28-43°C,10-40%,High,Allow soil to dry completely.
Acanthocereus,Summer,Maharashtra,Every 10-14 days,0.5-1 L,Cactus Fertilizer,10 g/month,Low,Low,Medium,Calcium; Magnesium,Full Sun,26-41°C,20-50%,High,Allow soil to dry completely.
Acanthocereus,Summer,Karnataka,Every 10-14 days,0.5-1 L,Cactus Fertilizer,10 g/month,Low,Low,Medium,Calcium; Magnesium,Full Sun,24-39°C,25-55%,High,Allow soil to dry completely.
Acanthocereus,Summer,West Bengal,Every 10-14 days,0.5-1 L,Cactus Fertilizer,10 g/month,Low,Low,Medium,Calcium; Magnesium,Full Sun,25-40°C,30-60%,High,Allow soil to dry completely.
Acanthocereus,Summer,Tamil Nadu,Every 10-14 days,0.5-1 L,Cactus Fertilizer,10 g/month,Low,Low,Medium,Calcium; Magnesium,Full Sun,25-40°C,25-55%,High,Allow soil to dry completely.
Acanthocereus,Winter,Delhi,Every 20-30 days,0.2-0.5 L,,,Low,Low,Low,,Full Sun,13-25°C,10-30%,High,Keep dry during dormancy.
Acanthocereus,Winter,Maharashtra,Every 20-30 days,0.2-0.5 L,,,Low,Low,Low,,Full Sun,11-23°C,20-40%,High,Keep dry during dormancy.
Acanthocereus,Winter,Karnataka,Every 20-30 days,0.2-0.5 L,,,Low,Low,Low,,Full Sun,9-21°C,25-45%,High,Keep dry during dormancy.
Acanthocereus,Winter,West Bengal,Every 20-30 days,0.2-0.5 L,,,Low,Low,Low,,Full Sun,10-22°C,30-50%,High,Keep dry during dormancy.
Acanthocereus,Winter,Tamil Nadu,Every 20-30 days,0.2-0.5 L,,,Low,Low,Low,,Full Sun,10-22°C,25-45%,High,Keep dry during dormancy.
Acanthocereus,Monsoon,Delhi,Every 15-20 days,0.5 L,Cactus Fertilizer,5 g/month,Low,Low,Medium,Calcium,Full Sun,25-35°C,50-70%,High,Avoid excess rainwater.
Acanthocereus,Monsoon,Maharashtra,Every 15-20 days,0.5 L,Cactus Fertilizer,5 g/month,Low,Low,Medium,Calcium,Full Sun,23-33°C,60-80%,High,Avoid excess rainwater.
Acanthocereus,Monsoon,Karnataka,Every 15-20 days,0.5 L,Cactus Fertilizer,5 g/month,Low,Low,Medium,Calcium,Full Sun,21-31°C,65-85%,High,Avoid excess rainwater.
Acanthocereus,Monsoon,West Bengal,Every 15-20 days,0.5 L,Cactus Fertilizer,5 g/month,Low,Low,Medium,Calcium,Full Sun,22-32°C,70-90%,High,Avoid excess rainwater.
Acanthocereus,Monsoon,Tamil Nadu,Every 15-20 days,0.5 L,Cactus Fertilizer,5 g/month,Low,Low,Medium,Calcium,Full Sun,22-32°C,65-85%,High,Avoid excess rainwater.
Acanthocereus,Autumn,Delhi,Every 15 days,0.5 L,Cactus Fertilizer,5 g/month,Low,Low,Medium,Magnesium,Full Sun,21-33°C,20-50%,High,Reduce watering gradually.
Acanthocereus,Autumn,Maharashtra,Every 15 days,0.5 L,Cactus Fertilizer,5 g/month,Low,Low,Medium,Magnesium,Full Sun,19-31°C,30-60%,High,Reduce watering gradually.
Acanthocereus,Autumn,Karnataka,Every 15 days,0.5 L,Cactus Fertilizer,5 g/month,Low,Low,Medium,Magnesium,Full Sun,17-29°C,35-65%,High,Reduce watering gradually.
Acanthocereus,Autumn,West Bengal,Every 15 days,0.5 L,Cactus Fertilizer,5 g/month,Low,Low,Medium,Magnesium,Full Sun,18-30°C,40-70%,High,Reduce watering gradually.
Acanthocereus,Autumn,Tamil Nadu,Every 15 days,0.5 L,Cactus Fertilizer,5 g/month,Low,Low,Medium,Magnesium,Full Sun,18-30°C,35-65%,High,Reduce watering gradually.
Acanthocereus,Windy,Delhi,Every 10-12 days,0.5 L,Cactus Fertilizer,5 g/month,Low,Low,Medium,Calcium,Full Sun,21-38°C,10-40%,High,Tolerates dry windy conditions.
Acanthocereus,Windy,Maharashtra,Every 10-12 days,0.5 L,Cactus Fertilizer,5 g/month,Low,Low,Medium,Calcium,Full Sun,19-36°C,20-50%,High,Tolerates dry windy conditions.
Acanthocereus,Windy,Karnataka,Every 10-12 days,0.5 L,Cactus Fertilizer,5 g/month,Low,Low,Medium,Calcium,Full Sun,17-34°C,25-55%,High,Tolerates dry windy conditions.
Acanthocereus,Windy,West Bengal,Every 10-12 days,0.5 L,Cactus Fertilizer,5 g/month,Low,Low,Medium,Calcium,Full Sun,18-35°C,30-60%,High,Tolerates dry windy conditions.
Acanthocereus,Windy,Tamil Nadu,Every 10-12 days,0.5 L,Cactus Fertilizer,5 g/month,Low,Low,Medium,Calcium,Full Sun,18-35°C,25-55%,High,Tolerates dry windy conditions.
Orange,Summer,Maharashtra,Every 3-4 days,10-15 L,Fruit Fertilizer,400 g/tree,Medium,High,High,Potassium; Zinc; Magnesium,Full Sun,26-39°C,40-70%,Medium,Water regularly during fruit development.
Orange,Summer,Madhya Pradesh,Every 3-4 days,10-15 L,Fruit Fertilizer,400 g/tree,Medium,High,High,Potassium; Zinc; Magnesium,Full Sun,27-40°C,35-65%,Medium,Water regularly during fruit development.
Orange,Summer,Punjab,Every 3-4 days,10-15 L,Fruit Fertilizer,400 g/tree,Medium,High,High,Potassium; Zinc; Magnesium,Full Sun,27-40°C,35-65%,Medium,Water regularly during fruit development.
Orange,Summer,Assam,Every 3-4 days,10-15 L,Fruit Fertilizer,400 g/tree,Medium,High,High,Potassium; Zinc; Magnesium,Full Sun,24-37°C,55-85%,Medium,Water regularly during fruit development.
Orange,Summer,Sikkim,Every 3-4 days,10-15 L,Fruit Fertilizer,400 g/tree,Medium,High,High,Potassium; Zinc; Magnesium,Full Sun,20-33°C,50-80%,Medium,Water regularly during fruit development.
Orange,Winter,Maharashtra,Every 10-15 days,5 L,Organic Compost,5 kg/tree,Low,Medium,High,Calcium; Magnesium,Full Sun,13-26°C,40-60%,Medium,Reduce watering in winter.
Orange,Winter,Madhya Pradesh,Every 10-15 days,5 L,Organic Compost,5 kg/tree,Low,Medium,High,Calcium; Magnesium,Full Sun,14-27°C,35-55%,Medium,Reduce watering in winter.
Orange,Winter,Punjab,Every 10-15 days,5 L,Organic Compost,5 kg/tree,Low,Medium,High,Calcium; Magnesium,Full Sun,14-27°C,35-55%,Medium,Reduce watering in winter.
Orange,Winter,Assam,Every 10-15 days,5 L,Organic Compost,5 kg/tree,Low,Medium,High,Calcium; Magnesium,Full Sun,11-24°C,55-75%,Medium,Reduce watering in winter.
Orange,Winter,Sikkim,Every 10-15 days,5 L,Organic Compost,5 kg/tree,Low,Medium,High,Calcium; Magnesium,Full Sun,7-20°C,50-70%,Medium,Reduce watering in winter.
Orange,Monsoon,Maharashtra,Every 7 days,5-8 L,Vermicompost,3 kg/tree,Medium,High,Medium,Iron; Zinc,Full Sun,23-35°C,70-90%,Medium,Prevent root waterlogging.
Orange,Monsoon,Madhya Pradesh,Every 7 days,5-8 L,Vermicompost,3 kg/tree,Medium,High,Medium,Iron; Zinc,Full Sun,24-36°C,65-85%,Medium,Prevent root waterlogging.
Orange,Monsoon,Punjab,Every 7 days,5-8 L,Vermicompost,3 kg/tree,Medium,High,Medium,Iron; Zinc,Full Sun,24-36°C,65-85%,Medium,Prevent root waterlogging.
Orange,Monsoon,Assam,Every 7 days,5-8 L,Vermicompost,3 kg/tree,Medium,High,Medium,Iron; Zinc,Full Sun,21-33°C,85-100%,Medium,Prevent root waterlogging.
Orange,Monsoon,Sikkim,Every 7 days,5-8 L,Vermicompost,3 kg/tree,Medium,High,Medium,Iron; Zinc,Full Sun,17-29°C,80-100%,Medium,Prevent root waterlogging.
Orange,Autumn,Maharashtra,Every 5-7 days,8 L,Fruit Fertilizer,300 g/tree,Medium,High,High,Boron; Potassium,Full Sun,21-33°C,50-70%,Medium,Prepare tree for flowering.
Orange,Autumn,Madhya Pradesh,Every 5-7 days,8 L,Fruit Fertilizer,300 g/tree,Medium,High,High,Boron; Potassium,Full Sun,22-34°C,45-65%,Medium,Prepare tree for flowering.
Orange,Autumn,Punjab,Every 5-7 days,8 L,Fruit Fertilizer,300 g/tree,Medium,High,High,Boron; Potassium,Full Sun,22-34°C,45-65%,Medium,Prepare tree for flowering.
Orange,Autumn,Assam,Every 5-7 days,8 L,Fruit Fertilizer,300 g/tree,Medium,High,High,Boron; Potassium,Full Sun,19-31°C,65-85%,Medium,Prepare tree for flowering.
Orange,Autumn,Sikkim,Every 5-7 days,8 L,Fruit Fertilizer,300 g/tree,Medium,High,High,Boron; Potassium,Full Sun,15-27°C,60-80%,Medium,Prepare tree for flowering.
Orange,Windy,Maharashtra,Every 5 days,10 L,Organic Compost,3 kg/tree,Medium,Medium,High,Calcium,Full Sun,21-36°C,40-60%,Medium,Protect young branches.
Orange,Windy,Madhya Pradesh,Every 5 days,10 L,Organic Compost,3 kg/tree,Medium,Medium,High,Calcium,Full Sun,22-37°C,35-55%,Medium,Protect young branches.
Orange,Windy,Punjab,Every 5 days,10 L,Organic Compost,3 kg/tree,Medium,Medium,High,Calcium,Full Sun,22-37°C,35-55%,Medium,Protect young branches.
Orange,Windy,Assam,Every 5 days,10 L,Organic Compost,3 kg/tree,Medium,Medium,High,Calcium,Full Sun,19-34°C,55-75%,Medium,Protect young branches.
Orange,Windy,Sikkim,Every 5 days,10 L,Organic Compost,3 kg/tree,Medium,Medium,High,Calcium,Full Sun,15-30°C,50-70%,Medium,Protect young branches.
Spring Onion Plant,Summer,Tamil Nadu,Daily,0.5-1 L,Organic Compost,500 g/m²,Medium,Medium,Medium,Iron; Calcium,Partial Sun,20-32°C,55-75%,Low,Keep soil moist for healthy leaves.
Spring Onion Plant,Summer,Karnataka,Daily,0.5-1 L,Organic Compost,500 g/m²,Medium,Medium,Medium,Iron; Calcium,Partial Sun,19-31°C,55-75%,Low,Keep soil moist for healthy leaves.
Spring Onion Plant,Summer,Maharashtra,Daily,0.5-1 L,Organic Compost,500 g/m²,Medium,Medium,Medium,Iron; Calcium,Partial Sun,21-33°C,50-70%,Low,Keep soil moist for healthy leaves.
Spring Onion Plant,Summer,Punjab,Daily,0.5-1 L,Organic Compost,500 g/m²,Medium,Medium,Medium,Iron; Calcium,Partial Sun,22-34°C,45-65%,Low,Keep soil moist for healthy leaves.
Spring Onion Plant,Summer,West Bengal,Daily,0.5-1 L,Organic Compost,500 g/m²,Medium,Medium,Medium,Iron; Calcium,Partial Sun,20-32°C,60-80%,Low,Keep soil moist for healthy leaves.
Spring Onion Plant,Winter,Tamil Nadu,Every 3-4 days,0.5 L,Vermicompost,300 g/m²,Low,Medium,Medium,Calcium; Magnesium,Partial Sun,10-22°C,45-65%,Low,Best season for leaf growth.
Spring Onion Plant,Winter,Karnataka,Every 3-4 days,0.5 L,Vermicompost,300 g/m²,Low,Medium,Medium,Calcium; Magnesium,Partial Sun,9-21°C,45-65%,Low,Best season for leaf growth.
Spring Onion Plant,Winter,Maharashtra,Every 3-4 days,0.5 L,Vermicompost,300 g/m²,Low,Medium,Medium,Calcium; Magnesium,Partial Sun,11-23°C,40-60%,Low,Best season for leaf growth.
Spring Onion Plant,Winter,Punjab,Every 3-4 days,0.5 L,Vermicompost,300 g/m²,Low,Medium,Medium,Calcium; Magnesium,Partial Sun,12-24°C,35-55%,Low,Best season for leaf growth.
Spring Onion Plant,Winter,West Bengal,Every 3-4 days,0.5 L,Vermicompost,300 g/m²,Low,Medium,Medium,Calcium; Magnesium,Partial Sun,10-22°C,50-70%,Low,Best season for leaf growth.
Spring Onion Plant,Monsoon,Tamil Nadu,Every 3-4 days,0.5-1 L,Organic Compost,300 g/m²,Medium,Medium,Medium,Zinc; Iron,Partial Sun,18-28°C,75-95%,Low,Ensure drainage to avoid bulb rot.
Spring Onion Plant,Monsoon,Karnataka,Every 3-4 days,0.5-1 L,Organic Compost,300 g/m²,Medium,Medium,Medium,Zinc; Iron,Partial Sun,17-27°C,75-95%,Low,Ensure drainage to avoid bulb rot.
Spring Onion Plant,Monsoon,Maharashtra,Every 3-4 days,0.5-1 L,Organic Compost,300 g/m²,Medium,Medium,Medium,Zinc; Iron,Partial Sun,19-29°C,70-90%,Low,Ensure drainage to avoid bulb rot.
Spring Onion Plant,Monsoon,Punjab,Every 3-4 days,0.5-1 L,Organic Compost,300 g/m²,Medium,Medium,Medium,Zinc; Iron,Partial Sun,20-30°C,65-85%,Low,Ensure drainage to avoid bulb rot.
Spring Onion Plant,Monsoon,West Bengal,Every 3-4 days,0.5-1 L,Organic Compost,300 g/m²,Medium,Medium,Medium,Zinc; Iron,Partial Sun,18-28°C,80-100%,Low,Ensure drainage to avoid bulb rot.
Spring Onion Plant,Autumn,Tamil Nadu,Every 2-3 days,0.5 L,NPK 19-19-19,15 g/m²,Medium,Medium,Medium,Boron; Iron,Partial Sun,15-28°C,55-75%,Low,Maintain regular watering.
Spring Onion Plant,Autumn,Karnataka,Every 2-3 days,0.5 L,NPK 19-19-19,15 g/m²,Medium,Medium,Medium,Boron; Iron,Partial Sun,14-27°C,55-75%,Low,Maintain regular watering.
Spring Onion Plant,Autumn,Maharashtra,Every 2-3 days,0.5 L,NPK 19-19-19,15 g/m²,Medium,Medium,Medium,Boron; Iron,Partial Sun,16-29°C,50-70%,Low,Maintain regular watering.
Spring Onion Plant,Autumn,Punjab,Every 2-3 days,0.5 L,NPK 19-19-19,15 g/m²,Medium,Medium,Medium,Boron; Iron,Partial Sun,17-30°C,45-65%,Low,Maintain regular watering.
Spring Onion Plant,Autumn,West Bengal,Every 2-3 days,0.5 L,NPK 19-19-19,15 g/m²,Medium,Medium,Medium,Boron; Iron,Partial Sun,15-28°C,60-80%,Low,Maintain regular watering.
Spring Onion Plant,Windy,Tamil Nadu,Every 2 days,0.5-1 L,Organic Compost,250 g/m²,Medium,Medium,Medium,Calcium,Partial Sun,18-30°C,45-65%,Low,Protect young leaves from strong winds.
Spring Onion Plant,Windy,Karnataka,Every 2 days,0.5-1 L,Organic Compost,250 g/m²,Medium,Medium,Medium,Calcium,Partial Sun,17-29°C,45-65%,Low,Protect young leaves from strong winds.
Spring Onion Plant,Windy,Maharashtra,Every 2 days,0.5-1 L,Organic Compost,250 g/m²,Medium,Medium,Medium,Calcium,Partial Sun,19-31°C,40-60%,Low,Protect young leaves from strong winds.
Spring Onion Plant,Windy,Punjab,Every 2 days,0.5-1 L,Organic Compost,250 g/m²,Medium,Medium,Medium,Calcium,Partial Sun,20-32°C,35-55%,Low,Protect young leaves from strong winds.
Spring Onion Plant,Windy,West Bengal,Every 2 days,0.5-1 L,Organic Compost,250 g/m²,Medium,Medium,Medium,Calcium,Partial Sun,18-30°C,50-70%,Low,Protect young leaves from strong winds.
Radish Plant,Summer,Tamil Nadu,Every 2 days,1-2 L,Organic Compost,1 kg/m²,Medium,Medium,Medium,Potassium; Calcium,Partial Sun,18-30°C,55-75%,Low,Keep soil moist for root development.
Radish Plant,Summer,Punjab,Every 2 days,1-2 L,Organic Compost,1 kg/m²,Medium,Medium,Medium,Potassium; Calcium,Partial Sun,20-32°C,45-65%,Low,Keep soil moist for root development.
Radish Plant,Summer,Uttar Pradesh,Every 2 days,1-2 L,Organic Compost,1 kg/m²,Medium,Medium,Medium,Potassium; Calcium,Partial Sun,20-32°C,45-65%,Low,Keep soil moist for root development.
Radish Plant,Summer,West Bengal,Every 2 days,1-2 L,Organic Compost,1 kg/m²,Medium,Medium,Medium,Potassium; Calcium,Partial Sun,18-30°C,60-80%,Low,Keep soil moist for root development.
Radish Plant,Summer,Bihar,Every 2 days,1-2 L,Organic Compost,1 kg/m²,Medium,Medium,Medium,Potassium; Calcium,Partial Sun,19-31°C,55-75%,Low,Keep soil moist for root development.
Radish Plant,Winter,Tamil Nadu,Every 3 days,1 L,Vermicompost,500 g/m²,Medium,Medium,Medium,Calcium; Boron,Full Sun,10-22°C,45-65%,Low,Ideal season for root growth.
Radish Plant,Winter,Punjab,Every 3 days,1 L,Vermicompost,500 g/m²,Medium,Medium,Medium,Calcium; Boron,Full Sun,12-24°C,35-55%,Low,Ideal season for root growth.
Radish Plant,Winter,Uttar Pradesh,Every 3 days,1 L,Vermicompost,500 g/m²,Medium,Medium,Medium,Calcium; Boron,Full Sun,12-24°C,35-55%,Low,Ideal season for root growth.
Radish Plant,Winter,West Bengal,Every 3 days,1 L,Vermicompost,500 g/m²,Medium,Medium,Medium,Calcium; Boron,Full Sun,10-22°C,50-70%,Low,Ideal season for root growth.
Radish Plant,Winter,Bihar,Every 3 days,1 L,Vermicompost,500 g/m²,Medium,Medium,Medium,Calcium; Boron,Full Sun,11-23°C,45-65%,Low,Ideal season for root growth.
Radish Plant,Monsoon,Tamil Nadu,Every 3-4 days,1 L,Organic Compost,500 g/m²,Medium,Medium,Medium,Zinc; Iron,Partial Sun,18-28°C,75-95%,Low,Prevent waterlogging.
Radish Plant,Monsoon,Punjab,Every 3-4 days,1 L,Organic Compost,500 g/m²,Medium,Medium,Medium,Zinc; Iron,Partial Sun,20-30°C,65-85%,Low,Prevent waterlogging.
Radish Plant,Monsoon,Uttar Pradesh,Every 3-4 days,1 L,Organic Compost,500 g/m²,Medium,Medium,Medium,Zinc; Iron,Partial Sun,20-30°C,65-85%,Low,Prevent waterlogging.
Radish Plant,Monsoon,West Bengal,Every 3-4 days,1 L,Organic Compost,500 g/m²,Medium,Medium,Medium,Zinc; Iron,Partial Sun,18-28°C,80-100%,Low,Prevent waterlogging.
Radish Plant,Monsoon,Bihar,Every 3-4 days,1 L,Organic Compost,500 g/m²,Medium,Medium,Medium,Zinc; Iron,Partial Sun,19-29°C,75-95%,Low,Prevent waterlogging.
Radish Plant,Autumn,Tamil Nadu,Every 2-3 days,1 L,NPK 10-10-10,20 g/m²,Medium,Medium,Medium,Potassium; Calcium,Full Sun,15-25°C,55-75%,Low,Maintain loose soil.
Radish Plant,Autumn,Punjab,Every 2-3 days,1 L,NPK 10-10-10,20 g/m²,Medium,Medium,Medium,Potassium; Calcium,Full Sun,17-27°C,45-65%,Low,Maintain loose soil.
Radish Plant,Autumn,Uttar Pradesh,Every 2-3 days,1 L,NPK 10-10-10,20 g/m²,Medium,Medium,Medium,Potassium; Calcium,Full Sun,17-27°C,45-65%,Low,Maintain loose soil.
Radish Plant,Autumn,West Bengal,Every 2-3 days,1 L,NPK 10-10-10,20 g/m²,Medium,Medium,Medium,Potassium; Calcium,Full Sun,15-25°C,60-80%,Low,Maintain loose soil.
Radish Plant,Autumn,Bihar,Every 2-3 days,1 L,NPK 10-10-10,20 g/m²,Medium,Medium,Medium,Potassium; Calcium,Full Sun,16-26°C,55-75%,Low,Maintain loose soil.
Radish Plant,Windy,Tamil Nadu,Every 2 days,1 L,Organic Compost,500 g/m²,Medium,Medium,Medium,Calcium,Partial Sun,15-28°C,45-65%,Low,Protect young plants.
Radish Plant,Windy,Punjab,Every 2 days,1 L,Organic Compost,500 g/m²,Medium,Medium,Medium,Calcium,Partial Sun,17-30°C,35-55%,Low,Protect young plants.
Radish Plant,Windy,Uttar Pradesh,Every 2 days,1 L,Organic Compost,500 g/m²,Medium,Medium,Medium,Calcium,Partial Sun,17-30°C,35-55%,Low,Protect young plants.
Radish Plant,Windy,West Bengal,Every 2 days,1 L,Organic Compost,500 g/m²,Medium,Medium,Medium,Calcium,Partial Sun,15-28°C,50-70%,Low,Protect young plants.
Radish Plant,Windy,Bihar,Every 2 days,1 L,Organic Compost,500 g/m²,Medium,Medium,Medium,Calcium,Partial Sun,16-29°C,45-65%,Low,Protect young plants.
Lemon,Summer,Andhra Pradesh,Every 3-4 days,10-15 L,Fruit Fertilizer,400 g/tree,Medium,High,High,Zinc; Iron; Magnesium,Full Sun,26-39°C,45-75%,Medium,Water deeply during fruiting.
Lemon,Summer,Tamil Nadu,Every 3-4 days,10-15 L,Fruit Fertilizer,400 g/tree,Medium,High,High,Zinc; Iron; Magnesium,Full Sun,25-38°C,45-75%,Medium,Water deeply during fruiting.
Lemon,Summer,Maharashtra,Every 3-4 days,10-15 L,Fruit Fertilizer,400 g/tree,Medium,High,High,Zinc; Iron; Magnesium,Full Sun,26-39°C,40-70%,Medium,Water deeply during fruiting.
Lemon,Summer,Gujarat,Every 3-4 days,10-15 L,Fruit Fertilizer,400 g/tree,Medium,High,High,Zinc; Iron; Magnesium,Full Sun,27-40°C,30-60%,Medium,Water deeply during fruiting.
Lemon,Summer,Bihar,Every 3-4 days,10-15 L,Fruit Fertilizer,400 g/tree,Medium,High,High,Zinc; Iron; Magnesium,Full Sun,26-39°C,45-75%,Medium,Water deeply during fruiting.
Lemon,Winter,Andhra Pradesh,Every 10-15 days,5 L,Organic Compost,5 kg/tree,Low,Medium,High,Calcium; Magnesium,Full Sun,13-26°C,45-65%,Medium,Reduce watering in cool weather.
Lemon,Winter,Tamil Nadu,Every 10-15 days,5 L,Organic Compost,5 kg/tree,Low,Medium,High,Calcium; Magnesium,Full Sun,12-25°C,45-65%,Medium,Reduce watering in cool weather.
Lemon,Winter,Maharashtra,Every 10-15 days,5 L,Organic Compost,5 kg/tree,Low,Medium,High,Calcium; Magnesium,Full Sun,13-26°C,40-60%,Medium,Reduce watering in cool weather.
Lemon,Winter,Gujarat,Every 10-15 days,5 L,Organic Compost,5 kg/tree,Low,Medium,High,Calcium; Magnesium,Full Sun,14-27°C,30-50%,Medium,Reduce watering in cool weather.
Lemon,Winter,Bihar,Every 10-15 days,5 L,Organic Compost,5 kg/tree,Low,Medium,High,Calcium; Magnesium,Full Sun,13-26°C,45-65%,Medium,Reduce watering in cool weather.
Lemon,Monsoon,Andhra Pradesh,Every 7 days,5-8 L,Vermicompost,3 kg/tree,Medium,High,Medium,Iron; Zinc,Full Sun,23-35°C,75-95%,Medium,Avoid waterlogging around roots.
Lemon,Monsoon,Tamil Nadu,Every 7 days,5-8 L,Vermicompost,3 kg/tree,Medium,High,Medium,Iron; Zinc,Full Sun,22-34°C,75-95%,Medium,Avoid waterlogging around roots.
Lemon,Monsoon,Maharashtra,Every 7 days,5-8 L,Vermicompost,3 kg/tree,Medium,High,Medium,Iron; Zinc,Full Sun,23-35°C,70-90%,Medium,Avoid waterlogging around roots.
Lemon,Monsoon,Gujarat,Every 7 days,5-8 L,Vermicompost,3 kg/tree,Medium,High,Medium,Iron; Zinc,Full Sun,24-36°C,60-80%,Medium,Avoid waterlogging around roots.
Lemon,Monsoon,Bihar,Every 7 days,5-8 L,Vermicompost,3 kg/tree,Medium,High,Medium,Iron; Zinc,Full Sun,23-35°C,75-95%,Medium,Avoid waterlogging around roots.
Lemon,Autumn,Andhra Pradesh,Every 5-7 days,8 L,Fruit Fertilizer,300 g/tree,Medium,High,High,Boron; Potassium,Full Sun,21-33°C,55-75%,Medium,Prepare for flowering.
Lemon,Autumn,Tamil Nadu,Every 5-7 days,8 L,Fruit Fertilizer,300 g/tree,Medium,High,High,Boron; Potassium,Full Sun,20-32°C,55-75%,Medium,Prepare for flowering.
Lemon,Autumn,Maharashtra,Every 5-7 days,8 L,Fruit Fertilizer,300 g/tree,Medium,High,High,Boron; Potassium,Full Sun,21-33°C,50-70%,Medium,Prepare for flowering.
Lemon,Autumn,Gujarat,Every 5-7 days,8 L,Fruit Fertilizer,300 g/tree,Medium,High,High,Boron; Potassium,Full Sun,22-34°C,40-60%,Medium,Prepare for flowering.
Lemon,Autumn,Bihar,Every 5-7 days,8 L,Fruit Fertilizer,300 g/tree,Medium,High,High,Boron; Potassium,Full Sun,21-33°C,55-75%,Medium,Prepare for flowering.
Lemon,Windy,Andhra Pradesh,Every 5 days,10 L,Organic Compost,3 kg/tree,Medium,Medium,High,Calcium,Full Sun,21-36°C,45-65%,Medium,Support young branches.
Lemon,Windy,Tamil Nadu,Every 5 days,10 L,Organic Compost,3 kg/tree,Medium,Medium,High,Calcium,Full Sun,20-35°C,45-65%,Medium,Support young branches.
Lemon,Windy,Maharashtra,Every 5 days,10 L,Organic Compost,3 kg/tree,Medium,Medium,High,Calcium,Full Sun,21-36°C,40-60%,Medium,Support young branches.
Lemon,Windy,Gujarat,Every 5 days,10 L,Organic Compost,3 kg/tree,Medium,Medium,High,Calcium,Full Sun,22-37°C,30-50%,Medium,Support young branches.
Lemon,Windy,Bihar,Every 5 days,10 L,Organic Compost,3 kg/tree,Medium,Medium,High,Calcium,Full Sun,21-36°C,45-65%,Medium,Support young branches.
Dahlia,Summer,Karnataka,Every 2-3 days,2-3 L,Flowering Fertilizer,25 g/plant/month,Medium,High,High,Potassium; Phosphorus; Iron,Partial Sun,17-29°C,55-75%,Medium,Remove faded flowers regularly.
Dahlia,Summer,Tamil Nadu,Every 2-3 days,2-3 L,Flowering Fertilizer,25 g/plant/month,Medium,High,High,Potassium; Phosphorus; Iron,Partial Sun,18-30°C,55-75%,Medium,Remove faded flowers regularly.
Dahlia,Summer,Himachal Pradesh,Every 2-3 days,2-3 L,Flowering Fertilizer,25 g/plant/month,Medium,High,High,Potassium; Phosphorus; Iron,Partial Sun,12-24°C,50-70%,Medium,Remove faded flowers regularly.
Dahlia,Summer,West Bengal,Every 2-3 days,2-3 L,Flowering Fertilizer,25 g/plant/month,Medium,High,High,Potassium; Phosphorus; Iron,Partial Sun,18-30°C,60-80%,Medium,Remove faded flowers regularly.
Dahlia,Summer,Uttar Pradesh,Every 2-3 days,2-3 L,Flowering Fertilizer,25 g/plant/month,Medium,High,High,Potassium; Phosphorus; Iron,Partial Sun,20-32°C,45-65%,Medium,Remove faded flowers regularly.
Dahlia,Winter,Karnataka,Every 3-4 days,1-2 L,Organic Compost,1 kg/plant,Medium,High,High,Calcium; Magnesium,Full Sun,9-21°C,45-65%,Medium,Best flowering season.
Dahlia,Winter,Tamil Nadu,Every 3-4 days,1-2 L,Organic Compost,1 kg/plant,Medium,High,High,Calcium; Magnesium,Full Sun,10-22°C,45-65%,Medium,Best flowering season.
Dahlia,Winter,Himachal Pradesh,Every 3-4 days,1-2 L,Organic Compost,1 kg/plant,Medium,High,High,Calcium; Magnesium,Full Sun,4-16°C,40-60%,Medium,Best flowering season.
Dahlia,Winter,West Bengal,Every 3-4 days,1-2 L,Organic Compost,1 kg/plant,Medium,High,High,Calcium; Magnesium,Full Sun,10-22°C,50-70%,Medium,Best flowering season.
Dahlia,Winter,Uttar Pradesh,Every 3-4 days,1-2 L,Organic Compost,1 kg/plant,Medium,High,High,Calcium; Magnesium,Full Sun,12-24°C,35-55%,Medium,Best flowering season.
Dahlia,Monsoon,Karnataka,Every 4-5 days,1 L,Vermicompost,500 g/plant,Medium,High,Medium,Iron; Zinc,Partial Sun,17-27°C,75-95%,Medium,Prevent fungal diseases.
Dahlia,Monsoon,Tamil Nadu,Every 4-5 days,1 L,Vermicompost,500 g/plant,Medium,High,Medium,Iron; Zinc,Partial Sun,18-28°C,75-95%,Medium,Prevent fungal diseases.
Dahlia,Monsoon,Himachal Pradesh,Every 4-5 days,1 L,Vermicompost,500 g/plant,Medium,High,Medium,Iron; Zinc,Partial Sun,12-22°C,70-90%,Medium,Prevent fungal diseases.
Dahlia,Monsoon,West Bengal,Every 4-5 days,1 L,Vermicompost,500 g/plant,Medium,High,Medium,Iron; Zinc,Partial Sun,18-28°C,80-100%,Medium,Prevent fungal diseases.
Dahlia,Monsoon,Uttar Pradesh,Every 4-5 days,1 L,Vermicompost,500 g/plant,Medium,High,Medium,Iron; Zinc,Partial Sun,20-30°C,65-85%,Medium,Prevent fungal diseases.
Dahlia,Autumn,Karnataka,Every 3 days,2 L,Flowering Fertilizer,20 g/plant/month,Medium,High,High,Boron; Iron,Full Sun,14-24°C,55-75%,Medium,Feed before blooming.
Dahlia,Autumn,Tamil Nadu,Every 3 days,2 L,Flowering Fertilizer,20 g/plant/month,Medium,High,High,Boron; Iron,Full Sun,15-25°C,55-75%,Medium,Feed before blooming.
Dahlia,Autumn,Himachal Pradesh,Every 3 days,2 L,Flowering Fertilizer,20 g/plant/month,Medium,High,High,Boron; Iron,Full Sun,9-19°C,50-70%,Medium,Feed before blooming.
Dahlia,Autumn,West Bengal,Every 3 days,2 L,Flowering Fertilizer,20 g/plant/month,Medium,High,High,Boron; Iron,Full Sun,15-25°C,60-80%,Medium,Feed before blooming.
Dahlia,Autumn,Uttar Pradesh,Every 3 days,2 L,Flowering Fertilizer,20 g/plant/month,Medium,High,High,Boron; Iron,Full Sun,17-27°C,45-65%,Medium,Feed before blooming.
Dahlia,Windy,Karnataka,Every 3 days,2 L,Organic Compost,500 g/plant,Medium,Medium,High,Calcium,Partial Sun,14-27°C,45-65%,Medium,Stake tall stems.
Dahlia,Windy,Tamil Nadu,Every 3 days,2 L,Organic Compost,500 g/plant,Medium,Medium,High,Calcium,Partial Sun,15-28°C,45-65%,Medium,Stake tall stems.
Dahlia,Windy,Himachal Pradesh,Every 3 days,2 L,Organic Compost,500 g/plant,Medium,Medium,High,Calcium,Partial Sun,9-22°C,40-60%,Medium,Stake tall stems.
Dahlia,Windy,West Bengal,Every 3 days,2 L,Organic Compost,500 g/plant,Medium,Medium,High,Calcium,Partial Sun,15-28°C,50-70%,Medium,Stake tall stems.
Dahlia,Windy,Uttar Pradesh,Every 3 days,2 L,Organic Compost,500 g/plant,Medium,Medium,High,Calcium,Partial Sun,17-30°C,35-55%,Medium,Stake tall stems.
Tuberose,Summer,Tamil Nadu,Every 2-3 days,2 L,Flowering Fertilizer,25 g/plant/month,Medium,High,High,Potassium; Phosphorus; Iron,Full Sun,20-35°C,55-75%,Medium,Regular watering supports flowers.
Tuberose,Summer,Karnataka,Every 2-3 days,2 L,Flowering Fertilizer,25 g/plant/month,Medium,High,High,Potassium; Phosphorus; Iron,Full Sun,19-34°C,55-75%,Medium,Regular watering supports flowers.
Tuberose,Summer,West Bengal,Every 2-3 days,2 L,Flowering Fertilizer,25 g/plant/month,Medium,High,High,Potassium; Phosphorus; Iron,Full Sun,20-35°C,60-80%,Medium,Regular watering supports flowers.
Tuberose,Summer,Maharashtra,Every 2-3 days,2 L,Flowering Fertilizer,25 g/plant/month,Medium,High,High,Potassium; Phosphorus; Iron,Full Sun,21-36°C,50-70%,Medium,Regular watering supports flowers.
Tuberose,Summer,Andhra Pradesh,Every 2-3 days,2 L,Flowering Fertilizer,25 g/plant/month,Medium,High,High,Potassium; Phosphorus; Iron,Full Sun,21-36°C,55-75%,Medium,Regular watering supports flowers.
Tuberose,Winter,Tamil Nadu,Every 5-7 days,1 L,Organic Compost,500 g/plant,Low,Medium,Medium,Calcium; Magnesium,Full Sun,12-25°C,45-65%,Medium,Reduce watering during cold months.
Tuberose,Winter,Karnataka,Every 5-7 days,1 L,Organic Compost,500 g/plant,Low,Medium,Medium,Calcium; Magnesium,Full Sun,11-24°C,45-65%,Medium,Reduce watering during cold months.
Tuberose,Winter,West Bengal,Every 5-7 days,1 L,Organic Compost,500 g/plant,Low,Medium,Medium,Calcium; Magnesium,Full Sun,12-25°C,50-70%,Medium,Reduce watering during cold months.
Tuberose,Winter,Maharashtra,Every 5-7 days,1 L,Organic Compost,500 g/plant,Low,Medium,Medium,Calcium; Magnesium,Full Sun,13-26°C,40-60%,Medium,Reduce watering during cold months.
Tuberose,Winter,Andhra Pradesh,Every 5-7 days,1 L,Organic Compost,500 g/plant,Low,Medium,Medium,Calcium; Magnesium,Full Sun,13-26°C,45-65%,Medium,Reduce watering during cold months.
Tuberose,Monsoon,Tamil Nadu,Every 4-5 days,1 L,Vermicompost,300 g/plant,Medium,High,Medium,Zinc; Iron,Full Sun,20-30°C,75-95%,Medium,Ensure good drainage.
Tuberose,Monsoon,Karnataka,Every 4-5 days,1 L,Vermicompost,300 g/plant,Medium,High,Medium,Zinc; Iron,Full Sun,19-29°C,75-95%,Medium,Ensure good drainage.
Tuberose,Monsoon,West Bengal,Every 4-5 days,1 L,Vermicompost,300 g/plant,Medium,High,Medium,Zinc; Iron,Full Sun,20-30°C,80-100%,Medium,Ensure good drainage.
Tuberose,Monsoon,Maharashtra,Every 4-5 days,1 L,Vermicompost,300 g/plant,Medium,High,Medium,Zinc; Iron,Full Sun,21-31°C,70-90%,Medium,Ensure good drainage.
Tuberose,Monsoon,Andhra Pradesh,Every 4-5 days,1 L,Vermicompost,300 g/plant,Medium,High,Medium,Zinc; Iron,Full Sun,21-31°C,75-95%,Medium,Ensure good drainage.
Tuberose,Autumn,Tamil Nadu,Every 3-4 days,2 L,Flowering Fertilizer,20 g/plant/month,Medium,High,High,Boron; Potassium,Full Sun,18-30°C,55-75%,Medium,Prepare bulbs for flowering.
Tuberose,Autumn,Karnataka,Every 3-4 days,2 L,Flowering Fertilizer,20 g/plant/month,Medium,High,High,Boron; Potassium,Full Sun,17-29°C,55-75%,Medium,Prepare bulbs for flowering.
Tuberose,Autumn,West Bengal,Every 3-4 days,2 L,Flowering Fertilizer,20 g/plant/month,Medium,High,High,Boron; Potassium,Full Sun,18-30°C,60-80%,Medium,Prepare bulbs for flowering.
Tuberose,Autumn,Maharashtra,Every 3-4 days,2 L,Flowering Fertilizer,20 g/plant/month,Medium,High,High,Boron; Potassium,Full Sun,19-31°C,50-70%,Medium,Prepare bulbs for flowering.
Tuberose,Autumn,Andhra Pradesh,Every 3-4 days,2 L,Flowering Fertilizer,20 g/plant/month,Medium,High,High,Boron; Potassium,Full Sun,19-31°C,55-75%,Medium,Prepare bulbs for flowering.
Tuberose,Windy,Tamil Nadu,Every 3 days,2 L,Organic Compost,500 g/plant,Medium,Medium,High,Calcium,Full Sun,18-32°C,45-65%,Medium,Protect flower stalks from wind.
Tuberose,Windy,Karnataka,Every 3 days,2 L,Organic Compost,500 g/plant,Medium,Medium,High,Calcium,Full Sun,17-31°C,45-65%,Medium,Protect flower stalks from wind.
Tuberose,Windy,West Bengal,Every 3 days,2 L,Organic Compost,500 g/plant,Medium,Medium,High,Calcium,Full Sun,18-32°C,50-70%,Medium,Protect flower stalks from wind.
Tuberose,Windy,Maharashtra,Every 3 days,2 L,Organic Compost,500 g/plant,Medium,Medium,High,Calcium,Full Sun,19-33°C,40-60%,Medium,Protect flower stalks from wind.
Tuberose,Windy,Andhra Pradesh,Every 3 days,2 L,Organic Compost,500 g/plant,Medium,Medium,High,Calcium,Full Sun,19-33°C,45-65%,Medium,Protect flower stalks from wind.
Jasmine,Summer,Tamil Nadu,Every 2 days,3-5 L,Flowering Fertilizer,50 g/plant/month,Medium,High,High,Iron; Magnesium; Boron,Full Sun,22-35°C,55-75%,Medium,Water deeply and remove faded flowers regularly.
Jasmine,Summer,Karnataka,Every 2 days,3-5 L,Flowering Fertilizer,50 g/plant/month,Medium,High,High,Iron; Magnesium; Boron,Full Sun,21-34°C,55-75%,Medium,Water deeply and remove faded flowers regularly.
Jasmine,Summer,Andhra Pradesh,Every 2 days,3-5 L,Flowering Fertilizer,50 g/plant/month,Medium,High,High,Iron; Magnesium; Boron,Full Sun,23-36°C,55-75%,Medium,Water deeply and remove faded flowers regularly.
Jasmine,Summer,Madhya Pradesh,Every 2 days,3-5 L,Flowering Fertilizer,50 g/plant/month,Medium,High,High,Iron; Magnesium; Boron,Full Sun,24-37°C,45-65%,Medium,Water deeply and remove faded flowers regularly.
Jasmine,Summer,Maharashtra,Every 2 days,3-5 L,Flowering Fertilizer,50 g/plant/month,Medium,High,High,Iron; Magnesium; Boron,Full Sun,23-36°C,50-70%,Medium,Water deeply and remove faded flowers regularly.
Jasmine,Winter,Tamil Nadu,Every 5-7 days,2 L,Organic Compost,2 kg/plant,Low,Medium,Medium,Calcium; Magnesium,Full Sun,12-25°C,45-65%,Medium,Reduce watering and prune after flowering.
Jasmine,Winter,Karnataka,Every 5-7 days,2 L,Organic Compost,2 kg/plant,Low,Medium,Medium,Calcium; Magnesium,Full Sun,11-24°C,45-65%,Medium,Reduce watering and prune after flowering.
Jasmine,Winter,Andhra Pradesh,Every 5-7 days,2 L,Organic Compost,2 kg/plant,Low,Medium,Medium,Calcium; Magnesium,Full Sun,13-26°C,45-65%,Medium,Reduce watering and prune after flowering.
Jasmine,Winter,Madhya Pradesh,Every 5-7 days,2 L,Organic Compost,2 kg/plant,Low,Medium,Medium,Calcium; Magnesium,Full Sun,14-27°C,35-55%,Medium,Reduce watering and prune after flowering.
Jasmine,Winter,Maharashtra,Every 5-7 days,2 L,Organic Compost,2 kg/plant,Low,Medium,Medium,Calcium; Magnesium,Full Sun,13-26°C,40-60%,Medium,Reduce watering and prune after flowering.
Jasmine,Monsoon,Tamil Nadu,Every 4-5 days,2-3 L,Vermicompost,1 kg/plant,Medium,High,Medium,Iron; Zinc,Full Sun,20-30°C,75-95%,Medium,Ensure proper drainage.
Jasmine,Monsoon,Karnataka,Every 4-5 days,2-3 L,Vermicompost,1 kg/plant,Medium,High,Medium,Iron; Zinc,Full Sun,19-29°C,75-95%,Medium,Ensure proper drainage.
Jasmine,Monsoon,Andhra Pradesh,Every 4-5 days,2-3 L,Vermicompost,1 kg/plant,Medium,High,Medium,Iron; Zinc,Full Sun,21-31°C,75-95%,Medium,Ensure proper drainage.
Jasmine,Monsoon,Madhya Pradesh,Every 4-5 days,2-3 L,Vermicompost,1 kg/plant,Medium,High,Medium,Iron; Zinc,Full Sun,22-32°C,65-85%,Medium,Ensure proper drainage.
Jasmine,Monsoon,Maharashtra,Every 4-5 days,2-3 L,Vermicompost,1 kg/plant,Medium,High,Medium,Iron; Zinc,Full Sun,21-31°C,70-90%,Medium,Ensure proper drainage.
Jasmine,Autumn,Tamil Nadu,Every 3-4 days,3 L,Flowering Fertilizer,40 g/plant/month,Medium,High,High,Boron; Iron,Full Sun,18-30°C,55-75%,Medium,Fertilize before flowering.
Jasmine,Autumn,Karnataka,Every 3-4 days,3 L,Flowering Fertilizer,40 g/plant/month,Medium,High,High,Boron; Iron,Full Sun,17-29°C,55-75%,Medium,Fertilize before flowering.
Jasmine,Autumn,Andhra Pradesh,Every 3-4 days,3 L,Flowering Fertilizer,40 g/plant/month,Medium,High,High,Boron; Iron,Full Sun,19-31°C,55-75%,Medium,Fertilize before flowering.
Jasmine,Autumn,Madhya Pradesh,Every 3-4 days,3 L,Flowering Fertilizer,40 g/plant/month,Medium,High,High,Boron; Iron,Full Sun,20-32°C,45-65%,Medium,Fertilize before flowering.
Jasmine,Autumn,Maharashtra,Every 3-4 days,3 L,Flowering Fertilizer,40 g/plant/month,Medium,High,High,Boron; Iron,Full Sun,19-31°C,50-70%,Medium,Fertilize before flowering.
Jasmine,Windy,Tamil Nadu,Every 3 days,3 L,Organic Compost,1 kg/plant,Medium,Medium,High,Calcium,Full Sun,18-32°C,45-65%,Medium,Support branches during strong winds.
Jasmine,Windy,Karnataka,Every 3 days,3 L,Organic Compost,1 kg/plant,Medium,Medium,High,Calcium,Full Sun,17-31°C,45-65%,Medium,Support branches during strong winds.
Jasmine,Windy,Andhra Pradesh,Every 3 days,3 L,Organic Compost,1 kg/plant,Medium,Medium,High,Calcium,Full Sun,19-33°C,45-65%,Medium,Support branches during strong winds.
Jasmine,Windy,Madhya Pradesh,Every 3 days,3 L,Organic Compost,1 kg/plant,Medium,Medium,High,Calcium,Full Sun,20-34°C,35-55%,Medium,Support branches during strong winds.
Jasmine,Windy,Maharashtra,Every 3 days,3 L,Organic Compost,1 kg/plant,Medium,Medium,High,Calcium,Full Sun,19-33°C,40-60%,Medium,Support branches during strong winds.
Marigold,Summer,Karnataka,Every 2 days,2-3 L,Flowering Fertilizer,30 g/plant/month,Medium,High,High,Boron; Iron; Magnesium,Full Sun,21-34°C,45-65%,Medium,Remove faded flowers for continuous blooming.
Marigold,Summer,Tamil Nadu,Every 2 days,2-3 L,Flowering Fertilizer,30 g/plant/month,Medium,High,High,Boron; Iron; Magnesium,Full Sun,22-35°C,45-65%,Medium,Remove faded flowers for continuous blooming.
Marigold,Summer,Andhra Pradesh,Every 2 days,2-3 L,Flowering Fertilizer,30 g/plant/month,Medium,High,High,Boron; Iron; Magnesium,Full Sun,23-36°C,45-65%,Medium,Remove faded flowers for continuous blooming.
Marigold,Summer,West Bengal,Every 2 days,2-3 L,Flowering Fertilizer,30 g/plant/month,Medium,High,High,Boron; Iron; Magnesium,Full Sun,22-35°C,50-70%,Medium,Remove faded flowers for continuous blooming.
Marigold,Summer,Maharashtra,Every 2 days,2-3 L,Flowering Fertilizer,30 g/plant/month,Medium,High,High,Boron; Iron; Magnesium,Full Sun,23-36°C,40-60%,Medium,Remove faded flowers for continuous blooming.
Marigold,Winter,Karnataka,Every 4-5 days,1-2 L,Organic Compost,1 kg/plant,Low,Medium,Medium,Calcium; Magnesium,Full Sun,9-21°C,45-65%,Medium,Reduce watering during cool periods.
Marigold,Winter,Tamil Nadu,Every 4-5 days,1-2 L,Organic Compost,1 kg/plant,Low,Medium,Medium,Calcium; Magnesium,Full Sun,10-22°C,45-65%,Medium,Reduce watering during cool periods.
Marigold,Winter,Andhra Pradesh,Every 4-5 days,1-2 L,Organic Compost,1 kg/plant,Low,Medium,Medium,Calcium; Magnesium,Full Sun,11-23°C,45-65%,Medium,Reduce watering during cool periods.
Marigold,Winter,West Bengal,Every 4-5 days,1-2 L,Organic Compost,1 kg/plant,Low,Medium,Medium,Calcium; Magnesium,Full Sun,10-22°C,50-70%,Medium,Reduce watering during cool periods.
Marigold,Winter,Maharashtra,Every 4-5 days,1-2 L,Organic Compost,1 kg/plant,Low,Medium,Medium,Calcium; Magnesium,Full Sun,11-23°C,40-60%,Medium,Reduce watering during cool periods.
Marigold,Monsoon,Karnataka,Every 4-5 days,2 L,Vermicompost,500 g/plant,Medium,High,Medium,Zinc; Iron,Full Sun,19-29°C,75-95%,Medium,Ensure drainage to prevent root diseases.
Marigold,Monsoon,Tamil Nadu,Every 4-5 days,2 L,Vermicompost,500 g/plant,Medium,High,Medium,Zinc; Iron,Full Sun,20-30°C,75-95%,Medium,Ensure drainage to prevent root diseases.
Marigold,Monsoon,Andhra Pradesh,Every 4-5 days,2 L,Vermicompost,500 g/plant,Medium,High,Medium,Zinc; Iron,Full Sun,21-31°C,75-95%,Medium,Ensure drainage to prevent root diseases.
Marigold,Monsoon,West Bengal,Every 4-5 days,2 L,Vermicompost,500 g/plant,Medium,High,Medium,Zinc; Iron,Full Sun,20-30°C,80-100%,Medium,Ensure drainage to prevent root diseases.
Marigold,Monsoon,Maharashtra,Every 4-5 days,2 L,Vermicompost,500 g/plant,Medium,High,Medium,Zinc; Iron,Full Sun,21-31°C,70-90%,Medium,Ensure drainage to prevent root diseases.
Marigold,Autumn,Karnataka,Every 3 days,2-3 L,Flowering Fertilizer,25 g/plant/month,Medium,High,High,Boron; Iron,Full Sun,17-29°C,55-75%,Medium,Maintain regular feeding.
Marigold,Autumn,Tamil Nadu,Every 3 days,2-3 L,Flowering Fertilizer,25 g/plant/month,Medium,High,High,Boron; Iron,Full Sun,18-30°C,55-75%,Medium,Maintain regular feeding.
Marigold,Autumn,Andhra Pradesh,Every 3 days,2-3 L,Flowering Fertilizer,25 g/plant/month,Medium,High,High,Boron; Iron,Full Sun,19-31°C,55-75%,Medium,Maintain regular feeding.
Marigold,Autumn,West Bengal,Every 3 days,2-3 L,Flowering Fertilizer,25 g/plant/month,Medium,High,High,Boron; Iron,Full Sun,18-30°C,60-80%,Medium,Maintain regular feeding.
Marigold,Autumn,Maharashtra,Every 3 days,2-3 L,Flowering Fertilizer,25 g/plant/month,Medium,High,High,Boron; Iron,Full Sun,19-31°C,50-70%,Medium,Maintain regular feeding.
Marigold,Windy,Karnataka,Every 3 days,2 L,Organic Compost,500 g/plant,Medium,Medium,High,Calcium,Full Sun,17-31°C,45-65%,Medium,Support taller plants.
Marigold,Windy,Tamil Nadu,Every 3 days,2 L,Organic Compost,500 g/plant,Medium,Medium,High,Calcium,Full Sun,18-32°C,45-65%,Medium,Support taller plants.
Marigold,Windy,Andhra Pradesh,Every 3 days,2 L,Organic Compost,500 g/plant,Medium,Medium,High,Calcium,Full Sun,19-33°C,45-65%,Medium,Support taller plants.
Marigold,Windy,West Bengal,Every 3 days,2 L,Organic Compost,500 g/plant,Medium,Medium,High,Calcium,Full Sun,18-32°C,50-70%,Medium,Support taller plants.
Marigold,Windy,Maharashtra,Every 3 days,2 L,Organic Compost,500 g/plant,Medium,Medium,High,Calcium,Full Sun,19-33°C,40-60%,Medium,Support taller plants.
Mint,Summer,Uttar Pradesh,Daily,1-2 L,Organic Compost,1 kg/m²,Medium,Medium,Medium,Iron; Magnesium,Partial Sun,20-32°C,55-75%,Low,Keep soil moist and harvest regularly.
Mint,Summer,Punjab,Daily,1-2 L,Organic Compost,1 kg/m²,Medium,Medium,Medium,Iron; Magnesium,Partial Sun,20-32°C,55-75%,Low,Keep soil moist and harvest regularly.
Mint,Summer,Bihar,Daily,1-2 L,Organic Compost,1 kg/m²,Medium,Medium,Medium,Iron; Magnesium,Partial Sun,19-31°C,65-85%,Low,Keep soil moist and harvest regularly.
Mint,Summer,Madhya Pradesh,Daily,1-2 L,Organic Compost,1 kg/m²,Medium,Medium,Medium,Iron; Magnesium,Partial Sun,20-32°C,55-75%,Low,Keep soil moist and harvest regularly.
Mint,Summer,Haryana,Daily,1-2 L,Organic Compost,1 kg/m²,Medium,Medium,Medium,Iron; Magnesium,Partial Sun,20-32°C,52-72%,Low,Keep soil moist and harvest regularly.
Mint,Winter,Uttar Pradesh,Every 3-4 days,0.5-1 L,Vermicompost,500 g/m²,Low,Medium,Medium,Calcium; Magnesium,Partial Sun,12-24°C,45-65%,Low,Reduce watering.
Mint,Winter,Punjab,Every 3-4 days,0.5-1 L,Vermicompost,500 g/m²,Low,Medium,Medium,Calcium; Magnesium,Partial Sun,12-24°C,45-65%,Low,Reduce watering.
Mint,Winter,Bihar,Every 3-4 days,0.5-1 L,Vermicompost,500 g/m²,Low,Medium,Medium,Calcium; Magnesium,Partial Sun,11-23°C,55-75%,Low,Reduce watering.
Mint,Winter,Madhya Pradesh,Every 3-4 days,0.5-1 L,Vermicompost,500 g/m²,Low,Medium,Medium,Calcium; Magnesium,Partial Sun,12-24°C,45-65%,Low,Reduce watering.
Mint,Winter,Haryana,Every 3-4 days,0.5-1 L,Vermicompost,500 g/m²,Low,Medium,Medium,Calcium; Magnesium,Partial Sun,12-24°C,42-62%,Low,Reduce watering.
Mint,Monsoon,Uttar Pradesh,Every 2-3 days,1 L,Organic Compost,500 g/m²,Medium,Medium,Medium,Zinc; Iron,Partial Sun,20-30°C,65-90%,Low,Ensure drainage and trim regularly.
Mint,Monsoon,Punjab,Every 2-3 days,1 L,Organic Compost,500 g/m²,Medium,Medium,Medium,Zinc; Iron,Partial Sun,20-30°C,65-90%,Low,Ensure drainage and trim regularly.
Mint,Monsoon,Bihar,Every 2-3 days,1 L,Organic Compost,500 g/m²,Medium,Medium,Medium,Zinc; Iron,Partial Sun,19-29°C,75-100%,Low,Ensure drainage and trim regularly.
Mint,Monsoon,Madhya Pradesh,Every 2-3 days,1 L,Organic Compost,500 g/m²,Medium,Medium,Medium,Zinc; Iron,Partial Sun,20-30°C,65-90%,Low,Ensure drainage and trim regularly.
Mint,Monsoon,Haryana,Every 2-3 days,1 L,Organic Compost,500 g/m²,Medium,Medium,Medium,Zinc; Iron,Partial Sun,20-30°C,62-87%,Low,Ensure drainage and trim regularly.
Mint,Autumn,Uttar Pradesh,Every 2-3 days,1 L,NPK 19-19-19,15 g/m²,Medium,Medium,Medium,Boron; Iron,Partial Sun,17-27°C,55-75%,Low,Maintain healthy leaf growth.
Mint,Autumn,Punjab,Every 2-3 days,1 L,NPK 19-19-19,15 g/m²,Medium,Medium,Medium,Boron; Iron,Partial Sun,17-27°C,55-75%,Low,Maintain healthy leaf growth.
Mint,Autumn,Bihar,Every 2-3 days,1 L,NPK 19-19-19,15 g/m²,Medium,Medium,Medium,Boron; Iron,Partial Sun,16-26°C,65-85%,Low,Maintain healthy leaf growth.
Mint,Autumn,Madhya Pradesh,Every 2-3 days,1 L,NPK 19-19-19,15 g/m²,Medium,Medium,Medium,Boron; Iron,Partial Sun,17-27°C,55-75%,Low,Maintain healthy leaf growth.
Mint,Autumn,Haryana,Every 2-3 days,1 L,NPK 19-19-19,15 g/m²,Medium,Medium,Medium,Boron; Iron,Partial Sun,17-27°C,52-72%,Low,Maintain healthy leaf growth.
Mint,Windy,Uttar Pradesh,Every 2 days,1-2 L,Organic Compost,500 g/m²,Medium,Medium,Medium,Calcium,Partial Sun,20-30°C,45-65%,Low,Protect from drying winds.
Mint,Windy,Punjab,Every 2 days,1-2 L,Organic Compost,500 g/m²,Medium,Medium,Medium,Calcium,Partial Sun,20-30°C,45-65%,Low,Protect from drying winds.
Mint,Windy,Bihar,Every 2 days,1-2 L,Organic Compost,500 g/m²,Medium,Medium,Medium,Calcium,Partial Sun,19-29°C,55-75%,Low,Protect from drying winds.
Mint,Windy,Madhya Pradesh,Every 2 days,1-2 L,Organic Compost,500 g/m²,Medium,Medium,Medium,Calcium,Partial Sun,20-30°C,45-65%,Low,Protect from drying winds.
Mint,Windy,Haryana,Every 2 days,1-2 L,Organic Compost,500 g/m²,Medium,Medium,Medium,Calcium,Partial Sun,20-30°C,42-62%,Low,Protect from drying winds.
Lavender,Summer,Himachal Pradesh,Every 5-7 days,2-3 L,Flowering Fertilizer,30 g/plant/month,Low,Medium,High,Calcium; Magnesium; Iron,Full Sun,14-29°C,30-50%,High,Allow soil to dry slightly between watering.
Lavender,Summer,Jammu and Kashmir,Every 5-7 days,2-3 L,Flowering Fertilizer,30 g/plant/month,Low,Medium,High,Calcium; Magnesium; Iron,Full Sun,12-27°C,25-45%,High,Allow soil to dry slightly between watering.
Lavender,Summer,Uttarakhand,Every 5-7 days,2-3 L,Flowering Fertilizer,30 g/plant/month,Low,Medium,High,Calcium; Magnesium; Iron,Full Sun,15-30°C,30-50%,High,Allow soil to dry slightly between watering.
Lavender,Summer,Karnataka,Every 5-7 days,2-3 L,Flowering Fertilizer,30 g/plant/month,Low,Medium,High,Calcium; Magnesium; Iron,Full Sun,19-34°C,35-55%,High,Allow soil to dry slightly between watering.
Lavender,Summer,Maharashtra,Every 5-7 days,2-3 L,Flowering Fertilizer,30 g/plant/month,Low,Medium,High,Calcium; Magnesium; Iron,Full Sun,21-36°C,30-50%,High,Allow soil to dry slightly between watering.
Lavender,Winter,Himachal Pradesh,Every 10-14 days,1 L,Organic Compost,500 g/plant,Low,Medium,Medium,Calcium; Magnesium,Full Sun,-1-12°C,30-50%,High,Water sparingly during winter.
Lavender,Winter,Jammu and Kashmir,Every 10-14 days,1 L,Organic Compost,500 g/plant,Low,Medium,Medium,Calcium; Magnesium,Full Sun,-3-10°C,25-45%,High,Water sparingly during winter.
Lavender,Winter,Uttarakhand,Every 10-14 days,1 L,Organic Compost,500 g/plant,Low,Medium,Medium,Calcium; Magnesium,Full Sun,0-13°C,30-50%,High,Water sparingly during winter.
Lavender,Winter,Karnataka,Every 10-14 days,1 L,Organic Compost,500 g/plant,Low,Medium,Medium,Calcium; Magnesium,Full Sun,4-17°C,35-55%,High,Water sparingly during winter.
Lavender,Winter,Maharashtra,Every 10-14 days,1 L,Organic Compost,500 g/plant,Low,Medium,Medium,Calcium; Magnesium,Full Sun,6-19°C,30-50%,High,Water sparingly during winter.
Lavender,Monsoon,Himachal Pradesh,Every 7 days,1-2 L,Vermicompost,300 g/plant,Low,Medium,High,Zinc; Iron,Full Sun,12-22°C,60-80%,High,Provide excellent drainage.
Lavender,Monsoon,Jammu and Kashmir,Every 7 days,1-2 L,Vermicompost,300 g/plant,Low,Medium,High,Zinc; Iron,Full Sun,10-20°C,55-75%,High,Provide excellent drainage.
Lavender,Monsoon,Uttarakhand,Every 7 days,1-2 L,Vermicompost,300 g/plant,Low,Medium,High,Zinc; Iron,Full Sun,13-23°C,60-80%,High,Provide excellent drainage.
Lavender,Monsoon,Karnataka,Every 7 days,1-2 L,Vermicompost,300 g/plant,Low,Medium,High,Zinc; Iron,Full Sun,17-27°C,65-85%,High,Provide excellent drainage.
Lavender,Monsoon,Maharashtra,Every 7 days,1-2 L,Vermicompost,300 g/plant,Low,Medium,High,Zinc; Iron,Full Sun,19-29°C,60-80%,High,Provide excellent drainage.
Lavender,Autumn,Himachal Pradesh,Every 5-7 days,2 L,Flowering Fertilizer,20 g/plant/month,Low,Medium,High,Boron; Iron,Full Sun,6-19°C,40-60%,High,Prune lightly after flowering.
Lavender,Autumn,Jammu and Kashmir,Every 5-7 days,2 L,Flowering Fertilizer,20 g/plant/month,Low,Medium,High,Boron; Iron,Full Sun,4-17°C,35-55%,High,Prune lightly after flowering.
Lavender,Autumn,Uttarakhand,Every 5-7 days,2 L,Flowering Fertilizer,20 g/plant/month,Low,Medium,High,Boron; Iron,Full Sun,7-20°C,40-60%,High,Prune lightly after flowering.
Lavender,Autumn,Karnataka,Every 5-7 days,2 L,Flowering Fertilizer,20 g/plant/month,Low,Medium,High,Boron; Iron,Full Sun,11-24°C,45-65%,High,Prune lightly after flowering.
Lavender,Autumn,Maharashtra,Every 5-7 days,2 L,Flowering Fertilizer,20 g/plant/month,Low,Medium,High,Boron; Iron,Full Sun,13-26°C,40-60%,High,Prune lightly after flowering.
Lavender,Windy,Himachal Pradesh,Every 5 days,2 L,Organic Compost,300 g/plant,Low,Medium,High,Calcium,Full Sun,9-24°C,30-50%,High,Performs well in windy conditions.
Lavender,Windy,Jammu and Kashmir,Every 5 days,2 L,Organic Compost,300 g/plant,Low,Medium,High,Calcium,Full Sun,7-22°C,25-45%,High,Performs well in windy conditions.
Lavender,Windy,Uttarakhand,Every 5 days,2 L,Organic Compost,300 g/plant,Low,Medium,High,Calcium,Full Sun,10-25°C,30-50%,High,Performs well in windy conditions.
Lavender,Windy,Karnataka,Every 5 days,2 L,Organic Compost,300 g/plant,Low,Medium,High,Calcium,Full Sun,14-29°C,35-55%,High,Performs well in windy conditions.
Lavender,Windy,Maharashtra,Every 5 days,2 L,Organic Compost,300 g/plant,Low,Medium,High,Calcium,Full Sun,16-31°C,30-50%,High,Performs well in windy conditions.
Adenium,Summer,Delhi,Every 5-7 days,2-3 L,Cactus Fertilizer,20 g/month,Low,High,Medium,Calcium; Magnesium,Full Sun,28-43°C,20-40%,High,Allow soil to dry between watering.
Adenium,Summer,Maharashtra,Every 5-7 days,2-3 L,Cactus Fertilizer,20 g/month,Low,High,Medium,Calcium; Magnesium,Full Sun,26-41°C,30-50%,High,Allow soil to dry between watering.
Adenium,Summer,Karnataka,Every 5-7 days,2-3 L,Cactus Fertilizer,20 g/month,Low,High,Medium,Calcium; Magnesium,Full Sun,24-39°C,35-55%,High,Allow soil to dry between watering.
Adenium,Summer,West Bengal,Every 5-7 days,2-3 L,Cactus Fertilizer,20 g/month,Low,High,Medium,Calcium; Magnesium,Full Sun,25-40°C,40-60%,High,Allow soil to dry between watering.
Adenium,Summer,Tamil Nadu,Every 5-7 days,2-3 L,Cactus Fertilizer,20 g/month,Low,High,Medium,Calcium; Magnesium,Full Sun,25-40°C,35-55%,High,Allow soil to dry between watering.
Adenium,Winter,Delhi,Every 15-20 days,0.5-1 L,,,Low,Low,Low,,Full Sun,15-28°C,20-40%,High,Keep almost dry during dormancy.
Adenium,Winter,Maharashtra,Every 15-20 days,0.5-1 L,,,Low,Low,Low,,Full Sun,13-26°C,30-50%,High,Keep almost dry during dormancy.
Adenium,Winter,Karnataka,Every 15-20 days,0.5-1 L,,,Low,Low,Low,,Full Sun,11-24°C,35-55%,High,Keep almost dry during dormancy.
Adenium,Winter,West Bengal,Every 15-20 days,0.5-1 L,,,Low,Low,Low,,Full Sun,12-25°C,40-60%,High,Keep almost dry during dormancy.
Adenium,Winter,Tamil Nadu,Every 15-20 days,0.5-1 L,,,Low,Low,Low,,Full Sun,12-25°C,35-55%,High,Keep almost dry during dormancy.
Adenium,Monsoon,Delhi,Every 10-15 days,1 L,Cactus Fertilizer,10 g/month,Low,High,Medium,Calcium,Full Sun,25-38°C,50-70%,High,Avoid waterlogging around roots.
Adenium,Monsoon,Maharashtra,Every 10-15 days,1 L,Cactus Fertilizer,10 g/month,Low,High,Medium,Calcium,Full Sun,23-36°C,60-80%,High,Avoid waterlogging around roots.
Adenium,Monsoon,Karnataka,Every 10-15 days,1 L,Cactus Fertilizer,10 g/month,Low,High,Medium,Calcium,Full Sun,21-34°C,65-85%,High,Avoid waterlogging around roots.
Adenium,Monsoon,West Bengal,Every 10-15 days,1 L,Cactus Fertilizer,10 g/month,Low,High,Medium,Calcium,Full Sun,22-35°C,70-90%,High,Avoid waterlogging around roots.
Adenium,Monsoon,Tamil Nadu,Every 10-15 days,1 L,Cactus Fertilizer,10 g/month,Low,High,Medium,Calcium,Full Sun,22-35°C,65-85%,High,Avoid waterlogging around roots.
Adenium,Autumn,Delhi,Every 7-10 days,2 L,Cactus Fertilizer,10 g/month,Low,High,Medium,Magnesium,Full Sun,23-35°C,30-50%,High,Reduce watering before winter.
Adenium,Autumn,Maharashtra,Every 7-10 days,2 L,Cactus Fertilizer,10 g/month,Low,High,Medium,Magnesium,Full Sun,21-33°C,40-60%,High,Reduce watering before winter.
Adenium,Autumn,Karnataka,Every 7-10 days,2 L,Cactus Fertilizer,10 g/month,Low,High,Medium,Magnesium,Full Sun,19-31°C,45-65%,High,Reduce watering before winter.
Adenium,Autumn,West Bengal,Every 7-10 days,2 L,Cactus Fertilizer,10 g/month,Low,High,Medium,Magnesium,Full Sun,20-32°C,50-70%,High,Reduce watering before winter.
Adenium,Autumn,Tamil Nadu,Every 7-10 days,2 L,Cactus Fertilizer,10 g/month,Low,High,Medium,Magnesium,Full Sun,20-32°C,45-65%,High,Reduce watering before winter.
Adenium,Windy,Delhi,Every 7 days,2 L,Organic Compost,500 g/plant,Low,Medium,Medium,Calcium,Full Sun,23-41°C,20-50%,High,Protect young plants from strong winds.
Adenium,Windy,Maharashtra,Every 7 days,2 L,Organic Compost,500 g/plant,Low,Medium,Medium,Calcium,Full Sun,21-39°C,30-60%,High,Protect young plants from strong winds.
Adenium,Windy,Karnataka,Every 7 days,2 L,Organic Compost,500 g/plant,Low,Medium,Medium,Calcium,Full Sun,19-37°C,35-65%,High,Protect young plants from strong winds.
Adenium,Windy,West Bengal,Every 7 days,2 L,Organic Compost,500 g/plant,Low,Medium,Medium,Calcium,Full Sun,20-38°C,40-70%,High,Protect young plants from strong winds.
Adenium,Windy,Tamil Nadu,Every 7 days,2 L,Organic Compost,500 g/plant,Low,Medium,Medium,Calcium,Full Sun,20-38°C,35-65%,High,Protect young plants from strong winds.
Cactus,Summer,Delhi,Every 10-15 days,0.5-1 L,Cactus Fertilizer,10 g/month,Low,Low,Medium,Calcium; Magnesium,Full Sun,28-43°C,10-40%,High,Water only after complete soil drying.
Cactus,Summer,Maharashtra,Every 10-15 days,0.5-1 L,Cactus Fertilizer,10 g/month,Low,Low,Medium,Calcium; Magnesium,Full Sun,26-41°C,20-50%,High,Water only after complete soil drying.
Cactus,Summer,Karnataka,Every 10-15 days,0.5-1 L,Cactus Fertilizer,10 g/month,Low,Low,Medium,Calcium; Magnesium,Full Sun,24-39°C,25-55%,High,Water only after complete soil drying.
Cactus,Summer,West Bengal,Every 10-15 days,0.5-1 L,Cactus Fertilizer,10 g/month,Low,Low,Medium,Calcium; Magnesium,Full Sun,25-40°C,30-60%,High,Water only after complete soil drying.
Cactus,Summer,Tamil Nadu,Every 10-15 days,0.5-1 L,Cactus Fertilizer,10 g/month,Low,Low,Medium,Calcium; Magnesium,Full Sun,25-40°C,25-55%,High,Water only after complete soil drying.
Cactus,Winter,Delhi,Every 20-30 days,0.2-0.5 L,,,Low,Low,Low,,Full Sun,13-25°C,10-30%,High,Keep almost completely dry.
Cactus,Winter,Maharashtra,Every 20-30 days,0.2-0.5 L,,,Low,Low,Low,,Full Sun,11-23°C,20-40%,High,Keep almost completely dry.
Cactus,Winter,Karnataka,Every 20-30 days,0.2-0.5 L,,,Low,Low,Low,,Full Sun,9-21°C,25-45%,High,Keep almost completely dry.
Cactus,Winter,West Bengal,Every 20-30 days,0.2-0.5 L,,,Low,Low,Low,,Full Sun,10-22°C,30-50%,High,Keep almost completely dry.
Cactus,Winter,Tamil Nadu,Every 20-30 days,0.2-0.5 L,,,Low,Low,Low,,Full Sun,10-22°C,25-45%,High,Keep almost completely dry.
Cactus,Monsoon,Delhi,Every 15-20 days,0.5 L,Cactus Fertilizer,5 g/month,Low,Low,Medium,Calcium,Full Sun,25-35°C,50-70%,High,Protect from excess rainfall.
Cactus,Monsoon,Maharashtra,Every 15-20 days,0.5 L,Cactus Fertilizer,5 g/month,Low,Low,Medium,Calcium,Full Sun,23-33°C,60-80%,High,Protect from excess rainfall.
Cactus,Monsoon,Karnataka,Every 15-20 days,0.5 L,Cactus Fertilizer,5 g/month,Low,Low,Medium,Calcium,Full Sun,21-31°C,65-85%,High,Protect from excess rainfall.
Cactus,Monsoon,West Bengal,Every 15-20 days,0.5 L,Cactus Fertilizer,5 g/month,Low,Low,Medium,Calcium,Full Sun,22-32°C,70-90%,High,Protect from excess rainfall.
Cactus,Monsoon,Tamil Nadu,Every 15-20 days,0.5 L,Cactus Fertilizer,5 g/month,Low,Low,Medium,Calcium,Full Sun,22-32°C,65-85%,High,Protect from excess rainfall.
Cactus,Autumn,Delhi,Every 15 days,0.5 L,Cactus Fertilizer,5 g/month,Low,Low,Medium,Magnesium,Full Sun,21-33°C,20-50%,High,Reduce watering gradually.
Cactus,Autumn,Maharashtra,Every 15 days,0.5 L,Cactus Fertilizer,5 g/month,Low,Low,Medium,Magnesium,Full Sun,19-31°C,30-60%,High,Reduce watering gradually.
Cactus,Autumn,Karnataka,Every 15 days,0.5 L,Cactus Fertilizer,5 g/month,Low,Low,Medium,Magnesium,Full Sun,17-29°C,35-65%,High,Reduce watering gradually.
Cactus,Autumn,West Bengal,Every 15 days,0.5 L,Cactus Fertilizer,5 g/month,Low,Low,Medium,Magnesium,Full Sun,18-30°C,40-70%,High,Reduce watering gradually.
Cactus,Autumn,Tamil Nadu,Every 15 days,0.5 L,Cactus Fertilizer,5 g/month,Low,Low,Medium,Magnesium,Full Sun,18-30°C,35-65%,High,Reduce watering gradually.
Cactus,Windy,Delhi,Every 12-15 days,0.5 L,Cactus Fertilizer,5 g/month,Low,Low,Medium,Calcium,Full Sun,21-38°C,10-40%,High,Highly suitable for dry windy locations.
Cactus,Windy,Maharashtra,Every 12-15 days,0.5 L,Cactus Fertilizer,5 g/month,Low,Low,Medium,Calcium,Full Sun,19-36°C,20-50%,High,Highly suitable for dry windy locations.
Cactus,Windy,Karnataka,Every 12-15 days,0.5 L,Cactus Fertilizer,5 g/month,Low,Low,Medium,Calcium,Full Sun,17-34°C,25-55%,High,Highly suitable for dry windy locations.
Cactus,Windy,West Bengal,Every 12-15 days,0.5 L,Cactus Fertilizer,5 g/month,Low,Low,Medium,Calcium,Full Sun,18-35°C,30-60%,High,Highly suitable for dry windy locations.
Cactus,Windy,Tamil Nadu,Every 12-15 days,0.5 L,Cactus Fertilizer,5 g/month,Low,Low,Medium,Calcium,Full Sun,18-35°C,25-55%,High,Highly suitable for dry windy locations.
Aloe Vera,Summer,Delhi,Every 7-10 days,1-2 L,Cactus Fertilizer,15 g/month,Low,Low,Medium,Calcium; Magnesium,Full Sun,25-41°C,20-40%,High,Allow soil to dry completely before watering.
Aloe Vera,Summer,Maharashtra,Every 7-10 days,1-2 L,Cactus Fertilizer,15 g/month,Low,Low,Medium,Calcium; Magnesium,Full Sun,23-39°C,30-50%,High,Allow soil to dry completely before watering.
Aloe Vera,Summer,Karnataka,Every 7-10 days,1-2 L,Cactus Fertilizer,15 g/month,Low,Low,Medium,Calcium; Magnesium,Full Sun,21-37°C,35-55%,High,Allow soil to dry completely before watering.
Aloe Vera,Summer,West Bengal,Every 7-10 days,1-2 L,Cactus Fertilizer,15 g/month,Low,Low,Medium,Calcium; Magnesium,Full Sun,22-38°C,40-60%,High,Allow soil to dry completely before watering.
Aloe Vera,Summer,Tamil Nadu,Every 7-10 days,1-2 L,Cactus Fertilizer,15 g/month,Low,Low,Medium,Calcium; Magnesium,Full Sun,22-38°C,35-55%,High,Allow soil to dry completely before watering.
Aloe Vera,Winter,Delhi,Every 15-20 days,0.5-1 L,,,Low,Low,Low,,Full Sun,13-28°C,20-40%,High,Water sparingly during winter.
Aloe Vera,Winter,Maharashtra,Every 15-20 days,0.5-1 L,,,Low,Low,Low,,Full Sun,11-26°C,30-50%,High,Water sparingly during winter.
Aloe Vera,Winter,Karnataka,Every 15-20 days,0.5-1 L,,,Low,Low,Low,,Full Sun,9-24°C,35-55%,High,Water sparingly during winter.
Aloe Vera,Winter,West Bengal,Every 15-20 days,0.5-1 L,,,Low,Low,Low,,Full Sun,10-25°C,40-60%,High,Water sparingly during winter.
Aloe Vera,Winter,Tamil Nadu,Every 15-20 days,0.5-1 L,,,Low,Low,Low,,Full Sun,10-25°C,35-55%,High,Water sparingly during winter.
Aloe Vera,Monsoon,Delhi,Every 10-15 days,0.5-1 L,Cactus Fertilizer,10 g/month,Low,Low,Medium,Calcium,Full Sun,23-35°C,50-70%,High,Prevent water stagnation near roots.
Aloe Vera,Monsoon,Maharashtra,Every 10-15 days,0.5-1 L,Cactus Fertilizer,10 g/month,Low,Low,Medium,Calcium,Full Sun,21-33°C,60-80%,High,Prevent water stagnation near roots.
Aloe Vera,Monsoon,Karnataka,Every 10-15 days,0.5-1 L,Cactus Fertilizer,10 g/month,Low,Low,Medium,Calcium,Full Sun,19-31°C,65-85%,High,Prevent water stagnation near roots.
Aloe Vera,Monsoon,West Bengal,Every 10-15 days,0.5-1 L,Cactus Fertilizer,10 g/month,Low,Low,Medium,Calcium,Full Sun,20-32°C,70-90%,High,Prevent water stagnation near roots.
Aloe Vera,Monsoon,Tamil Nadu,Every 10-15 days,0.5-1 L,Cactus Fertilizer,10 g/month,Low,Low,Medium,Calcium,Full Sun,20-32°C,65-85%,High,Prevent water stagnation near roots.
Aloe Vera,Autumn,Delhi,Every 10 days,1 L,Cactus Fertilizer,10 g/month,Low,Low,Medium,Magnesium,Full Sun,21-33°C,30-50%,High,Reduce watering gradually.
Aloe Vera,Autumn,Maharashtra,Every 10 days,1 L,Cactus Fertilizer,10 g/month,Low,Low,Medium,Magnesium,Full Sun,19-31°C,40-60%,High,Reduce watering gradually.
Aloe Vera,Autumn,Karnataka,Every 10 days,1 L,Cactus Fertilizer,10 g/month,Low,Low,Medium,Magnesium,Full Sun,17-29°C,45-65%,High,Reduce watering gradually.
Aloe Vera,Autumn,West Bengal,Every 10 days,1 L,Cactus Fertilizer,10 g/month,Low,Low,Medium,Magnesium,Full Sun,18-30°C,50-70%,High,Reduce watering gradually.
Aloe Vera,Autumn,Tamil Nadu,Every 10 days,1 L,Cactus Fertilizer,10 g/month,Low,Low,Medium,Magnesium,Full Sun,18-30°C,45-65%,High,Reduce watering gradually.
Aloe Vera,Windy,Delhi,Every 7-10 days,1 L,Cactus Fertilizer,10 g/month,Low,Low,Medium,Calcium,Full Sun,21-38°C,20-50%,High,Protect young plants from strong winds.
Aloe Vera,Windy,Maharashtra,Every 7-10 days,1 L,Cactus Fertilizer,10 g/month,Low,Low,Medium,Calcium,Full Sun,19-36°C,30-60%,High,Protect young plants from strong winds.
Aloe Vera,Windy,Karnataka,Every 7-10 days,1 L,Cactus Fertilizer,10 g/month,Low,Low,Medium,Calcium,Full Sun,17-34°C,35-65%,High,Protect young plants from strong winds.
Aloe Vera,Windy,West Bengal,Every 7-10 days,1 L,Cactus Fertilizer,10 g/month,Low,Low,Medium,Calcium,Full Sun,18-35°C,40-70%,High,Protect young plants from strong winds.
Aloe Vera,Windy,Tamil Nadu,Every 7-10 days,1 L,Cactus Fertilizer,10 g/month,Low,Low,Medium,Calcium,Full Sun,18-35°C,35-65%,High,Protect young plants from strong winds.
Basil,Summer,Uttar Pradesh,Daily,1-2 L,Organic Compost,500 g/plant,Medium,Medium,Medium,Iron; Magnesium,Full Sun,24-37°C,45-65%,Medium,Water regularly and harvest leaves often.
Basil,Summer,Tamil Nadu,Daily,1-2 L,Organic Compost,500 g/plant,Medium,Medium,Medium,Iron; Magnesium,Full Sun,22-35°C,55-75%,Medium,Water regularly and harvest leaves often.
Basil,Summer,Karnataka,Daily,1-2 L,Organic Compost,500 g/plant,Medium,Medium,Medium,Iron; Magnesium,Full Sun,21-34°C,55-75%,Medium,Water regularly and harvest leaves often.
Basil,Summer,Maharashtra,Daily,1-2 L,Organic Compost,500 g/plant,Medium,Medium,Medium,Iron; Magnesium,Full Sun,23-36°C,50-70%,Medium,Water regularly and harvest leaves often.
Basil,Summer,Punjab,Daily,1-2 L,Organic Compost,500 g/plant,Medium,Medium,Medium,Iron; Magnesium,Full Sun,24-37°C,45-65%,Medium,Water regularly and harvest leaves often.
Basil,Winter,Uttar Pradesh,Every 3-4 days,1 L,Organic Compost,300 g/plant,Low,Medium,Medium,Calcium; Magnesium,Full Sun,17-27°C,35-55%,Medium,Protect from cold temperatures.
Basil,Winter,Tamil Nadu,Every 3-4 days,1 L,Organic Compost,300 g/plant,Low,Medium,Medium,Calcium; Magnesium,Full Sun,15-25°C,45-65%,Medium,Protect from cold temperatures.
Basil,Winter,Karnataka,Every 3-4 days,1 L,Organic Compost,300 g/plant,Low,Medium,Medium,Calcium; Magnesium,Full Sun,14-24°C,45-65%,Medium,Protect from cold temperatures.
Basil,Winter,Maharashtra,Every 3-4 days,1 L,Organic Compost,300 g/plant,Low,Medium,Medium,Calcium; Magnesium,Full Sun,16-26°C,40-60%,Medium,Protect from cold temperatures.
Basil,Winter,Punjab,Every 3-4 days,1 L,Organic Compost,300 g/plant,Low,Medium,Medium,Calcium; Magnesium,Full Sun,17-27°C,35-55%,Medium,Protect from cold temperatures.
Basil,Monsoon,Uttar Pradesh,Every 4-5 days,1 L,Vermicompost,300 g/plant,Medium,Medium,Medium,Zinc; Iron,Full Sun,22-32°C,65-85%,Medium,Ensure proper drainage.
Basil,Monsoon,Tamil Nadu,Every 4-5 days,1 L,Vermicompost,300 g/plant,Medium,Medium,Medium,Zinc; Iron,Full Sun,20-30°C,75-95%,Medium,Ensure proper drainage.
Basil,Monsoon,Karnataka,Every 4-5 days,1 L,Vermicompost,300 g/plant,Medium,Medium,Medium,Zinc; Iron,Full Sun,19-29°C,75-95%,Medium,Ensure proper drainage.
Basil,Monsoon,Maharashtra,Every 4-5 days,1 L,Vermicompost,300 g/plant,Medium,Medium,Medium,Zinc; Iron,Full Sun,21-31°C,70-90%,Medium,Ensure proper drainage.
Basil,Monsoon,Punjab,Every 4-5 days,1 L,Vermicompost,300 g/plant,Medium,Medium,Medium,Zinc; Iron,Full Sun,22-32°C,65-85%,Medium,Ensure proper drainage.
Basil,Autumn,Uttar Pradesh,Every 2-3 days,1 L,NPK 19-19-19,15 g/plant/month,Medium,Medium,Medium,Boron; Iron,Full Sun,20-32°C,45-65%,Medium,Prune regularly for bushy growth.
Basil,Autumn,Tamil Nadu,Every 2-3 days,1 L,NPK 19-19-19,15 g/plant/month,Medium,Medium,Medium,Boron; Iron,Full Sun,18-30°C,55-75%,Medium,Prune regularly for bushy growth.
Basil,Autumn,Karnataka,Every 2-3 days,1 L,NPK 19-19-19,15 g/plant/month,Medium,Medium,Medium,Boron; Iron,Full Sun,17-29°C,55-75%,Medium,Prune regularly for bushy growth.
Basil,Autumn,Maharashtra,Every 2-3 days,1 L,NPK 19-19-19,15 g/plant/month,Medium,Medium,Medium,Boron; Iron,Full Sun,19-31°C,50-70%,Medium,Prune regularly for bushy growth.
Basil,Autumn,Punjab,Every 2-3 days,1 L,NPK 19-19-19,15 g/plant/month,Medium,Medium,Medium,Boron; Iron,Full Sun,20-32°C,45-65%,Medium,Prune regularly for bushy growth.
Basil,Windy,Uttar Pradesh,Every 2 days,1 L,Organic Compost,300 g/plant,Medium,Medium,Medium,Calcium,Full Sun,20-34°C,35-55%,Medium,Protect young stems from wind damage.
Basil,Windy,Tamil Nadu,Every 2 days,1 L,Organic Compost,300 g/plant,Medium,Medium,Medium,Calcium,Full Sun,18-32°C,45-65%,Medium,Protect young stems from wind damage.
Basil,Windy,Karnataka,Every 2 days,1 L,Organic Compost,300 g/plant,Medium,Medium,Medium,Calcium,Full Sun,17-31°C,45-65%,Medium,Protect young stems from wind damage.
Basil,Windy,Maharashtra,Every 2 days,1 L,Organic Compost,300 g/plant,Medium,Medium,Medium,Calcium,Full Sun,19-33°C,40-60%,Medium,Protect young stems from wind damage.
Basil,Windy,Punjab,Every 2 days,1 L,Organic Compost,300 g/plant,Medium,Medium,Medium,Calcium,Full Sun,20-34°C,35-55%,Medium,Protect young stems from wind damage.
Orchid,Summer,Sikkim,Every 3-4 days,0.5-1 L,Orchid Fertilizer,15 g/month,Low,High,Medium,Calcium; Magnesium,Bright Indirect Light,15-25°C,70-90%,Low,Keep roots moist but avoid waterlogging.
Orchid,Summer,West Bengal,Every 3-4 days,0.5-1 L,Orchid Fertilizer,15 g/month,Low,High,Medium,Calcium; Magnesium,Bright Indirect Light,20-30°C,70-90%,Low,Keep roots moist but avoid waterlogging.
Orchid,Summer,Kerala,Every 3-4 days,0.5-1 L,Orchid Fertilizer,15 g/month,Low,High,Medium,Calcium; Magnesium,Bright Indirect Light,19-29°C,75-95%,Low,Keep roots moist but avoid waterlogging.
Orchid,Summer,Meghalaya,Every 3-4 days,0.5-1 L,Orchid Fertilizer,15 g/month,Low,High,Medium,Calcium; Magnesium,Bright Indirect Light,17-27°C,75-95%,Low,Keep roots moist but avoid waterlogging.
Orchid,Summer,Karnataka,Every 3-4 days,0.5-1 L,Orchid Fertilizer,15 g/month,Low,High,Medium,Calcium; Magnesium,Bright Indirect Light,19-29°C,65-85%,Low,Keep roots moist but avoid waterlogging.
Orchid,Winter,Sikkim,Every 7-10 days,0.3-0.5 L,Organic Compost,200 g/plant,Low,Medium,Medium,Calcium,Bright Indirect Light,10-17°C,60-80%,Low,Reduce watering during slow growth.
Orchid,Winter,West Bengal,Every 7-10 days,0.3-0.5 L,Organic Compost,200 g/plant,Low,Medium,Medium,Calcium,Bright Indirect Light,15-22°C,60-80%,Low,Reduce watering during slow growth.
Orchid,Winter,Kerala,Every 7-10 days,0.3-0.5 L,Organic Compost,200 g/plant,Low,Medium,Medium,Calcium,Bright Indirect Light,14-21°C,65-85%,Low,Reduce watering during slow growth.
Orchid,Winter,Meghalaya,Every 7-10 days,0.3-0.5 L,Organic Compost,200 g/plant,Low,Medium,Medium,Calcium,Bright Indirect Light,12-19°C,65-85%,Low,Reduce watering during slow growth.
Orchid,Winter,Karnataka,Every 7-10 days,0.3-0.5 L,Organic Compost,200 g/plant,Low,Medium,Medium,Calcium,Bright Indirect Light,14-21°C,55-75%,Low,Reduce watering during slow growth.
Orchid,Monsoon,Sikkim,Every 5 days,0.5 L,Orchid Fertilizer,10 g/month,Low,High,Medium,Iron; Zinc,Bright Indirect Light,15-23°C,80-100%,Low,Maintain airflow to prevent fungal issues.
Orchid,Monsoon,West Bengal,Every 5 days,0.5 L,Orchid Fertilizer,10 g/month,Low,High,Medium,Iron; Zinc,Bright Indirect Light,20-28°C,80-100%,Low,Maintain airflow to prevent fungal issues.
Orchid,Monsoon,Kerala,Every 5 days,0.5 L,Orchid Fertilizer,10 g/month,Low,High,Medium,Iron; Zinc,Bright Indirect Light,19-27°C,85-100%,Low,Maintain airflow to prevent fungal issues.
Orchid,Monsoon,Meghalaya,Every 5 days,0.5 L,Orchid Fertilizer,10 g/month,Low,High,Medium,Iron; Zinc,Bright Indirect Light,17-25°C,85-100%,Low,Maintain airflow to prevent fungal issues.
Orchid,Monsoon,Karnataka,Every 5 days,0.5 L,Orchid Fertilizer,10 g/month,Low,High,Medium,Iron; Zinc,Bright Indirect Light,19-27°C,75-95%,Low,Maintain airflow to prevent fungal issues.
Orchid,Autumn,Sikkim,Every 4-5 days,0.5 L,Orchid Fertilizer,10 g/month,Low,High,Medium,Boron; Iron,Bright Indirect Light,13-21°C,70-90%,Low,Feed before flowering period.
Orchid,Autumn,West Bengal,Every 4-5 days,0.5 L,Orchid Fertilizer,10 g/month,Low,High,Medium,Boron; Iron,Bright Indirect Light,18-26°C,70-90%,Low,Feed before flowering period.
Orchid,Autumn,Kerala,Every 4-5 days,0.5 L,Orchid Fertilizer,10 g/month,Low,High,Medium,Boron; Iron,Bright Indirect Light,17-25°C,75-95%,Low,Feed before flowering period.
Orchid,Autumn,Meghalaya,Every 4-5 days,0.5 L,Orchid Fertilizer,10 g/month,Low,High,Medium,Boron; Iron,Bright Indirect Light,15-23°C,75-95%,Low,Feed before flowering period.
Orchid,Autumn,Karnataka,Every 4-5 days,0.5 L,Orchid Fertilizer,10 g/month,Low,High,Medium,Boron; Iron,Bright Indirect Light,17-25°C,65-85%,Low,Feed before flowering period.
Orchid,Windy,Sikkim,Every 4-5 days,0.5 L,Organic Compost,200 g/plant,Low,Medium,Medium,Calcium,Bright Indirect Light,13-23°C,60-80%,Low,Protect from strong winds.
Orchid,Windy,West Bengal,Every 4-5 days,0.5 L,Organic Compost,200 g/plant,Low,Medium,Medium,Calcium,Bright Indirect Light,18-28°C,60-80%,Low,Protect from strong winds.
Orchid,Windy,Kerala,Every 4-5 days,0.5 L,Organic Compost,200 g/plant,Low,Medium,Medium,Calcium,Bright Indirect Light,17-27°C,65-85%,Low,Protect from strong winds.
Orchid,Windy,Meghalaya,Every 4-5 days,0.5 L,Organic Compost,200 g/plant,Low,Medium,Medium,Calcium,Bright Indirect Light,15-25°C,65-85%,Low,Protect from strong winds.
Orchid,Windy,Karnataka,Every 4-5 days,0.5 L,Organic Compost,200 g/plant,Low,Medium,Medium,Calcium,Bright Indirect Light,17-27°C,55-75%,Low,Protect from strong winds.
Geranium,Summer,Himachal Pradesh,Every 3-4 days,1-2 L,Flowering Fertilizer,20 g/plant/month,Medium,High,Medium,Iron; Magnesium; Calcium,Full Sun,12-24°C,40-60%,Medium,Remove faded flowers for continuous blooming.
Geranium,Summer,Uttarakhand,Every 3-4 days,1-2 L,Flowering Fertilizer,20 g/plant/month,Medium,High,Medium,Iron; Magnesium; Calcium,Full Sun,13-25°C,40-60%,Medium,Remove faded flowers for continuous blooming.
Geranium,Summer,Tamil Nadu,Every 3-4 days,1-2 L,Flowering Fertilizer,20 g/plant/month,Medium,High,Medium,Iron; Magnesium; Calcium,Full Sun,18-30°C,45-65%,Medium,Remove faded flowers for continuous blooming.
Geranium,Summer,Karnataka,Every 3-4 days,1-2 L,Flowering Fertilizer,20 g/plant/month,Medium,High,Medium,Iron; Magnesium; Calcium,Full Sun,17-29°C,45-65%,Medium,Remove faded flowers for continuous blooming.
Geranium,Summer,Maharashtra,Every 3-4 days,1-2 L,Flowering Fertilizer,20 g/plant/month,Medium,High,Medium,Iron; Magnesium; Calcium,Full Sun,19-31°C,40-60%,Medium,Remove faded flowers for continuous blooming.
Geranium,Winter,Himachal Pradesh,Every 7 days,0.5-1 L,Organic Compost,300 g/plant,Low,Medium,Medium,Calcium; Magnesium,Full Sun,4-14°C,40-60%,Medium,Reduce watering during winter.
Geranium,Winter,Uttarakhand,Every 7 days,0.5-1 L,Organic Compost,300 g/plant,Low,Medium,Medium,Calcium; Magnesium,Full Sun,5-15°C,40-60%,Medium,Reduce watering during winter.
Geranium,Winter,Tamil Nadu,Every 7 days,0.5-1 L,Organic Compost,300 g/plant,Low,Medium,Medium,Calcium; Magnesium,Full Sun,10-20°C,45-65%,Medium,Reduce watering during winter.
Geranium,Winter,Karnataka,Every 7 days,0.5-1 L,Organic Compost,300 g/plant,Low,Medium,Medium,Calcium; Magnesium,Full Sun,9-19°C,45-65%,Medium,Reduce watering during winter.
Geranium,Winter,Maharashtra,Every 7 days,0.5-1 L,Organic Compost,300 g/plant,Low,Medium,Medium,Calcium; Magnesium,Full Sun,11-21°C,40-60%,Medium,Reduce watering during winter.
Geranium,Monsoon,Himachal Pradesh,Every 5 days,1 L,Vermicompost,300 g/plant,Medium,High,Medium,Zinc; Iron,Full Sun,12-22°C,70-90%,Medium,Prevent fungal diseases with drainage.
Geranium,Monsoon,Uttarakhand,Every 5 days,1 L,Vermicompost,300 g/plant,Medium,High,Medium,Zinc; Iron,Full Sun,13-23°C,70-90%,Medium,Prevent fungal diseases with drainage.
Geranium,Monsoon,Tamil Nadu,Every 5 days,1 L,Vermicompost,300 g/plant,Medium,High,Medium,Zinc; Iron,Full Sun,18-28°C,75-95%,Medium,Prevent fungal diseases with drainage.
Geranium,Monsoon,Karnataka,Every 5 days,1 L,Vermicompost,300 g/plant,Medium,High,Medium,Zinc; Iron,Full Sun,17-27°C,75-95%,Medium,Prevent fungal diseases with drainage.
Geranium,Monsoon,Maharashtra,Every 5 days,1 L,Vermicompost,300 g/plant,Medium,High,Medium,Zinc; Iron,Full Sun,19-29°C,70-90%,Medium,Prevent fungal diseases with drainage.
Geranium,Autumn,Himachal Pradesh,Every 3-4 days,1 L,Flowering Fertilizer,15 g/plant/month,Medium,High,Medium,Boron; Iron,Full Sun,9-19°C,50-70%,Medium,Prune for bushy growth.
Geranium,Autumn,Uttarakhand,Every 3-4 days,1 L,Flowering Fertilizer,15 g/plant/month,Medium,High,Medium,Boron; Iron,Full Sun,10-20°C,50-70%,Medium,Prune for bushy growth.
Geranium,Autumn,Tamil Nadu,Every 3-4 days,1 L,Flowering Fertilizer,15 g/plant/month,Medium,High,Medium,Boron; Iron,Full Sun,15-25°C,55-75%,Medium,Prune for bushy growth.
Geranium,Autumn,Karnataka,Every 3-4 days,1 L,Flowering Fertilizer,15 g/plant/month,Medium,High,Medium,Boron; Iron,Full Sun,14-24°C,55-75%,Medium,Prune for bushy growth.
Geranium,Autumn,Maharashtra,Every 3-4 days,1 L,Flowering Fertilizer,15 g/plant/month,Medium,High,Medium,Boron; Iron,Full Sun,16-26°C,50-70%,Medium,Prune for bushy growth.
Geranium,Windy,Himachal Pradesh,Every 3-4 days,1 L,Organic Compost,300 g/plant,Medium,Medium,Medium,Calcium,Full Sun,9-22°C,40-60%,Medium,Protect stems from strong winds.
Geranium,Windy,Uttarakhand,Every 3-4 days,1 L,Organic Compost,300 g/plant,Medium,Medium,Medium,Calcium,Full Sun,10-23°C,40-60%,Medium,Protect stems from strong winds.
Geranium,Windy,Tamil Nadu,Every 3-4 days,1 L,Organic Compost,300 g/plant,Medium,Medium,Medium,Calcium,Full Sun,15-28°C,45-65%,Medium,Protect stems from strong winds.
Geranium,Windy,Karnataka,Every 3-4 days,1 L,Organic Compost,300 g/plant,Medium,Medium,Medium,Calcium,Full Sun,14-27°C,45-65%,Medium,Protect stems from strong winds.
Geranium,Windy,Maharashtra,Every 3-4 days,1 L,Organic Compost,300 g/plant,Medium,Medium,Medium,Calcium,Full Sun,16-29°C,40-60%,Medium,Protect stems from strong winds.
Fern,Summer,Delhi,Every 2 days,1-2 L,Fern Fertilizer,15 ml/month,Medium,Medium,Medium,Iron; Magnesium,Shade/Indirect Light,21-33°C,60-80%,Low,Maintain high humidity and moist soil.
Fern,Summer,Maharashtra,Every 2 days,1-2 L,Fern Fertilizer,15 ml/month,Medium,Medium,Medium,Iron; Magnesium,Shade/Indirect Light,19-31°C,70-90%,Low,Maintain high humidity and moist soil.
Fern,Summer,Karnataka,Every 2 days,1-2 L,Fern Fertilizer,15 ml/month,Medium,Medium,Medium,Iron; Magnesium,Shade/Indirect Light,17-29°C,75-95%,Low,Maintain high humidity and moist soil.
Fern,Summer,West Bengal,Every 2 days,1-2 L,Fern Fertilizer,15 ml/month,Medium,Medium,Medium,Iron; Magnesium,Shade/Indirect Light,18-30°C,80-100%,Low,Maintain high humidity and moist soil.
Fern,Summer,Tamil Nadu,Every 2 days,1-2 L,Fern Fertilizer,15 ml/month,Medium,Medium,Medium,Iron; Magnesium,Shade/Indirect Light,18-30°C,75-95%,Low,Maintain high humidity and moist soil.
Fern,Winter,Delhi,Every 5-7 days,0.5-1 L,Organic Compost,250 g/plant,Low,Medium,Medium,Calcium; Magnesium,Shade/Indirect Light,15-25°C,40-60%,Low,Avoid complete drying.
Fern,Winter,Maharashtra,Every 5-7 days,0.5-1 L,Organic Compost,250 g/plant,Low,Medium,Medium,Calcium; Magnesium,Shade/Indirect Light,13-23°C,50-70%,Low,Avoid complete drying.
Fern,Winter,Karnataka,Every 5-7 days,0.5-1 L,Organic Compost,250 g/plant,Low,Medium,Medium,Calcium; Magnesium,Shade/Indirect Light,11-21°C,55-75%,Low,Avoid complete drying.
Fern,Winter,West Bengal,Every 5-7 days,0.5-1 L,Organic Compost,250 g/plant,Low,Medium,Medium,Calcium; Magnesium,Shade/Indirect Light,12-22°C,60-80%,Low,Avoid complete drying.
Fern,Winter,Tamil Nadu,Every 5-7 days,0.5-1 L,Organic Compost,250 g/plant,Low,Medium,Medium,Calcium; Magnesium,Shade/Indirect Light,12-22°C,55-75%,Low,Avoid complete drying.
Fern,Monsoon,Delhi,Every 4 days,1 L,Fern Fertilizer,10 ml/month,Medium,Medium,Medium,Iron; Zinc,Shade/Indirect Light,21-31°C,70-85%,Low,Provide airflow to avoid fungal growth.
Fern,Monsoon,Maharashtra,Every 4 days,1 L,Fern Fertilizer,10 ml/month,Medium,Medium,Medium,Iron; Zinc,Shade/Indirect Light,19-29°C,80-95%,Low,Provide airflow to avoid fungal growth.
Fern,Monsoon,Karnataka,Every 4 days,1 L,Fern Fertilizer,10 ml/month,Medium,Medium,Medium,Iron; Zinc,Shade/Indirect Light,17-27°C,85-100%,Low,Provide airflow to avoid fungal growth.
Fern,Monsoon,West Bengal,Every 4 days,1 L,Fern Fertilizer,10 ml/month,Medium,Medium,Medium,Iron; Zinc,Shade/Indirect Light,18-28°C,90-100%,Low,Provide airflow to avoid fungal growth.
Fern,Monsoon,Tamil Nadu,Every 4 days,1 L,Fern Fertilizer,10 ml/month,Medium,Medium,Medium,Iron; Zinc,Shade/Indirect Light,18-28°C,85-100%,Low,Provide airflow to avoid fungal growth.
Fern,Autumn,Delhi,Every 3-4 days,1 L,Fern Fertilizer,10 ml/month,Medium,Medium,Medium,Boron; Iron,Shade/Indirect Light,18-28°C,50-70%,Low,Remove dry fronds regularly.
Fern,Autumn,Maharashtra,Every 3-4 days,1 L,Fern Fertilizer,10 ml/month,Medium,Medium,Medium,Boron; Iron,Shade/Indirect Light,16-26°C,60-80%,Low,Remove dry fronds regularly.
Fern,Autumn,Karnataka,Every 3-4 days,1 L,Fern Fertilizer,10 ml/month,Medium,Medium,Medium,Boron; Iron,Shade/Indirect Light,14-24°C,65-85%,Low,Remove dry fronds regularly.
Fern,Autumn,West Bengal,Every 3-4 days,1 L,Fern Fertilizer,10 ml/month,Medium,Medium,Medium,Boron; Iron,Shade/Indirect Light,15-25°C,70-90%,Low,Remove dry fronds regularly.
Fern,Autumn,Tamil Nadu,Every 3-4 days,1 L,Fern Fertilizer,10 ml/month,Medium,Medium,Medium,Boron; Iron,Shade/Indirect Light,15-25°C,65-85%,Low,Remove dry fronds regularly.
Fern,Windy,Delhi,Every 3 days,1 L,Organic Compost,250 g/plant,Medium,Medium,Medium,Calcium,Shade/Indirect Light,18-31°C,50-70%,Low,Keep away from direct wind.
Fern,Windy,Maharashtra,Every 3 days,1 L,Organic Compost,250 g/plant,Medium,Medium,Medium,Calcium,Shade/Indirect Light,16-29°C,60-80%,Low,Keep away from direct wind.
Fern,Windy,Karnataka,Every 3 days,1 L,Organic Compost,250 g/plant,Medium,Medium,Medium,Calcium,Shade/Indirect Light,14-27°C,65-85%,Low,Keep away from direct wind.
Fern,Windy,West Bengal,Every 3 days,1 L,Organic Compost,250 g/plant,Medium,Medium,Medium,Calcium,Shade/Indirect Light,15-28°C,70-90%,Low,Keep away from direct wind.
Fern,Windy,Tamil Nadu,Every 3 days,1 L,Organic Compost,250 g/plant,Medium,Medium,Medium,Calcium,Shade/Indirect Light,15-28°C,65-85%,Low,Keep away from direct wind.
Money Plant,Summer,Delhi,Every 3-4 days,1 L,Balanced Liquid Fertilizer,15 ml/month,Medium,Medium,Medium,Iron; Magnesium,Bright Indirect Light,23-35°C,50-70%,Medium,Keep soil moist and provide climbing support.
Money Plant,Summer,Maharashtra,Every 3-4 days,1 L,Balanced Liquid Fertilizer,15 ml/month,Medium,Medium,Medium,Iron; Magnesium,Bright Indirect Light,21-33°C,60-80%,Medium,Keep soil moist and provide climbing support.
Money Plant,Summer,Karnataka,Every 3-4 days,1 L,Balanced Liquid Fertilizer,15 ml/month,Medium,Medium,Medium,Iron; Magnesium,Bright Indirect Light,19-31°C,65-85%,Medium,Keep soil moist and provide climbing support.
Money Plant,Summer,West Bengal,Every 3-4 days,1 L,Balanced Liquid Fertilizer,15 ml/month,Medium,Medium,Medium,Iron; Magnesium,Bright Indirect Light,20-32°C,70-90%,Medium,Keep soil moist and provide climbing support.
Money Plant,Summer,Tamil Nadu,Every 3-4 days,1 L,Balanced Liquid Fertilizer,15 ml/month,Medium,Medium,Medium,Iron; Magnesium,Bright Indirect Light,20-32°C,65-85%,Medium,Keep soil moist and provide climbing support.
Money Plant,Winter,Delhi,Every 7 days,0.5 L,Organic Compost,250 g/plant,Low,Medium,Medium,Calcium; Magnesium,Bright Indirect Light,18-27°C,40-60%,Medium,Reduce watering during winter.
Money Plant,Winter,Maharashtra,Every 7 days,0.5 L,Organic Compost,250 g/plant,Low,Medium,Medium,Calcium; Magnesium,Bright Indirect Light,16-25°C,50-70%,Medium,Reduce watering during winter.
Money Plant,Winter,Karnataka,Every 7 days,0.5 L,Organic Compost,250 g/plant,Low,Medium,Medium,Calcium; Magnesium,Bright Indirect Light,14-23°C,55-75%,Medium,Reduce watering during winter.
Money Plant,Winter,West Bengal,Every 7 days,0.5 L,Organic Compost,250 g/plant,Low,Medium,Medium,Calcium; Magnesium,Bright Indirect Light,15-24°C,60-80%,Medium,Reduce watering during winter.
Money Plant,Winter,Tamil Nadu,Every 7 days,0.5 L,Organic Compost,250 g/plant,Low,Medium,Medium,Calcium; Magnesium,Bright Indirect Light,15-24°C,55-75%,Medium,Reduce watering during winter.
Money Plant,Monsoon,Delhi,Every 5 days,0.5-1 L,Balanced Liquid Fertilizer,10 ml/month,Medium,Medium,Medium,Iron; Zinc,Bright Indirect Light,23-33°C,60-80%,Medium,Avoid water accumulation.
Money Plant,Monsoon,Maharashtra,Every 5 days,0.5-1 L,Balanced Liquid Fertilizer,10 ml/month,Medium,Medium,Medium,Iron; Zinc,Bright Indirect Light,21-31°C,70-90%,Medium,Avoid water accumulation.
Money Plant,Monsoon,Karnataka,Every 5 days,0.5-1 L,Balanced Liquid Fertilizer,10 ml/month,Medium,Medium,Medium,Iron; Zinc,Bright Indirect Light,19-29°C,75-95%,Medium,Avoid water accumulation.
Money Plant,Monsoon,West Bengal,Every 5 days,0.5-1 L,Balanced Liquid Fertilizer,10 ml/month,Medium,Medium,Medium,Iron; Zinc,Bright Indirect Light,20-30°C,80-100%,Medium,Avoid water accumulation.
Money Plant,Monsoon,Tamil Nadu,Every 5 days,0.5-1 L,Balanced Liquid Fertilizer,10 ml/month,Medium,Medium,Medium,Iron; Zinc,Bright Indirect Light,20-30°C,75-95%,Medium,Avoid water accumulation.
Money Plant,Autumn,Delhi,Every 4 days,1 L,Balanced Liquid Fertilizer,10 ml/month,Medium,Medium,Medium,Boron; Iron,Bright Indirect Light,21-31°C,50-70%,Medium,Prune vines for dense growth.
Money Plant,Autumn,Maharashtra,Every 4 days,1 L,Balanced Liquid Fertilizer,10 ml/month,Medium,Medium,Medium,Boron; Iron,Bright Indirect Light,19-29°C,60-80%,Medium,Prune vines for dense growth.
Money Plant,Autumn,Karnataka,Every 4 days,1 L,Balanced Liquid Fertilizer,10 ml/month,Medium,Medium,Medium,Boron; Iron,Bright Indirect Light,17-27°C,65-85%,Medium,Prune vines for dense growth.
Money Plant,Autumn,West Bengal,Every 4 days,1 L,Balanced Liquid Fertilizer,10 ml/month,Medium,Medium,Medium,Boron; Iron,Bright Indirect Light,18-28°C,70-90%,Medium,Prune vines for dense growth.
Money Plant,Autumn,Tamil Nadu,Every 4 days,1 L,Balanced Liquid Fertilizer,10 ml/month,Medium,Medium,Medium,Boron; Iron,Bright Indirect Light,18-28°C,65-85%,Medium,Prune vines for dense growth.
Money Plant,Windy,Delhi,Every 4 days,1 L,Organic Compost,250 g/plant,Medium,Medium,Medium,Calcium,Bright Indirect Light,21-31°C,40-60%,Medium,Protect from strong winds.
Money Plant,Windy,Maharashtra,Every 4 days,1 L,Organic Compost,250 g/plant,Medium,Medium,Medium,Calcium,Bright Indirect Light,19-29°C,50-70%,Medium,Protect from strong winds.
Money Plant,Windy,Karnataka,Every 4 days,1 L,Organic Compost,250 g/plant,Medium,Medium,Medium,Calcium,Bright Indirect Light,17-27°C,55-75%,Medium,Protect from strong winds.
Money Plant,Windy,West Bengal,Every 4 days,1 L,Organic Compost,250 g/plant,Medium,Medium,Medium,Calcium,Bright Indirect Light,18-28°C,60-80%,Medium,Protect from strong winds.
Money Plant,Windy,Tamil Nadu,Every 4 days,1 L,Organic Compost,250 g/plant,Medium,Medium,Medium,Calcium,Bright Indirect Light,18-28°C,55-75%,Medium,Protect from strong winds.
Areca Palm,Summer,Delhi,Every 2-3 days,4-6 L,Palm Fertilizer,200 g/month,Medium,Medium,High,Magnesium; Iron,Bright Indirect Light,25-37°C,50-70%,Medium,Maintain moist soil and mist leaves regularly.
Areca Palm,Summer,Maharashtra,Every 2-3 days,4-6 L,Palm Fertilizer,200 g/month,Medium,Medium,High,Magnesium; Iron,Bright Indirect Light,23-35°C,60-80%,Medium,Maintain moist soil and mist leaves regularly.
Areca Palm,Summer,Karnataka,Every 2-3 days,4-6 L,Palm Fertilizer,200 g/month,Medium,Medium,High,Magnesium; Iron,Bright Indirect Light,21-33°C,65-85%,Medium,Maintain moist soil and mist leaves regularly.
Areca Palm,Summer,West Bengal,Every 2-3 days,4-6 L,Palm Fertilizer,200 g/month,Medium,Medium,High,Magnesium; Iron,Bright Indirect Light,22-34°C,70-90%,Medium,Maintain moist soil and mist leaves regularly.
Areca Palm,Summer,Tamil Nadu,Every 2-3 days,4-6 L,Palm Fertilizer,200 g/month,Medium,Medium,High,Magnesium; Iron,Bright Indirect Light,22-34°C,65-85%,Medium,Maintain moist soil and mist leaves regularly.
Areca Palm,Winter,Delhi,Every 7-10 days,2-3 L,Organic Compost,2 kg/plant,Low,Medium,High,Calcium; Magnesium,Bright Indirect Light,19-27°C,40-60%,Medium,Reduce watering during cooler weather.
Areca Palm,Winter,Maharashtra,Every 7-10 days,2-3 L,Organic Compost,2 kg/plant,Low,Medium,High,Calcium; Magnesium,Bright Indirect Light,17-25°C,50-70%,Medium,Reduce watering during cooler weather.
Areca Palm,Winter,Karnataka,Every 7-10 days,2-3 L,Organic Compost,2 kg/plant,Low,Medium,High,Calcium; Magnesium,Bright Indirect Light,15-23°C,55-75%,Medium,Reduce watering during cooler weather.
Areca Palm,Winter,West Bengal,Every 7-10 days,2-3 L,Organic Compost,2 kg/plant,Low,Medium,High,Calcium; Magnesium,Bright Indirect Light,16-24°C,60-80%,Medium,Reduce watering during cooler weather.
Areca Palm,Winter,Tamil Nadu,Every 7-10 days,2-3 L,Organic Compost,2 kg/plant,Low,Medium,High,Calcium; Magnesium,Bright Indirect Light,16-24°C,55-75%,Medium,Reduce watering during cooler weather.
Areca Palm,Monsoon,Delhi,Every 5 days,3 L,Palm Fertilizer,150 g/month,Medium,Medium,High,Iron; Zinc,Bright Indirect Light,23-33°C,60-80%,Medium,Ensure proper drainage around roots.
Areca Palm,Monsoon,Maharashtra,Every 5 days,3 L,Palm Fertilizer,150 g/month,Medium,Medium,High,Iron; Zinc,Bright Indirect Light,21-31°C,70-90%,Medium,Ensure proper drainage around roots.
Areca Palm,Monsoon,Karnataka,Every 5 days,3 L,Palm Fertilizer,150 g/month,Medium,Medium,High,Iron; Zinc,Bright Indirect Light,19-29°C,75-95%,Medium,Ensure proper drainage around roots.
Areca Palm,Monsoon,West Bengal,Every 5 days,3 L,Palm Fertilizer,150 g/month,Medium,Medium,High,Iron; Zinc,Bright Indirect Light,20-30°C,80-100%,Medium,Ensure proper drainage around roots.
Areca Palm,Monsoon,Tamil Nadu,Every 5 days,3 L,Palm Fertilizer,150 g/month,Medium,Medium,High,Iron; Zinc,Bright Indirect Light,20-30°C,75-95%,Medium,Ensure proper drainage around roots.
Areca Palm,Autumn,Delhi,Every 5 days,3-4 L,Palm Fertilizer,150 g/month,Medium,Medium,High,Boron; Iron,Bright Indirect Light,21-31°C,50-70%,Medium,Remove yellow fronds regularly.
Areca Palm,Autumn,Maharashtra,Every 5 days,3-4 L,Palm Fertilizer,150 g/month,Medium,Medium,High,Boron; Iron,Bright Indirect Light,19-29°C,60-80%,Medium,Remove yellow fronds regularly.
Areca Palm,Autumn,Karnataka,Every 5 days,3-4 L,Palm Fertilizer,150 g/month,Medium,Medium,High,Boron; Iron,Bright Indirect Light,17-27°C,65-85%,Medium,Remove yellow fronds regularly.
Areca Palm,Autumn,West Bengal,Every 5 days,3-4 L,Palm Fertilizer,150 g/month,Medium,Medium,High,Boron; Iron,Bright Indirect Light,18-28°C,70-90%,Medium,Remove yellow fronds regularly.
Areca Palm,Autumn,Tamil Nadu,Every 5 days,3-4 L,Palm Fertilizer,150 g/month,Medium,Medium,High,Boron; Iron,Bright Indirect Light,18-28°C,65-85%,Medium,Remove yellow fronds regularly.
Areca Palm,Windy,Delhi,Every 4-5 days,3-4 L,Organic Compost,1 kg/plant,Medium,Medium,High,Calcium,Bright Indirect Light,21-33°C,40-60%,Medium,Protect fronds from strong winds.
Areca Palm,Windy,Maharashtra,Every 4-5 days,3-4 L,Organic Compost,1 kg/plant,Medium,Medium,High,Calcium,Bright Indirect Light,19-31°C,50-70%,Medium,Protect fronds from strong winds.
Areca Palm,Windy,Karnataka,Every 4-5 days,3-4 L,Organic Compost,1 kg/plant,Medium,Medium,High,Calcium,Bright Indirect Light,17-29°C,55-75%,Medium,Protect fronds from strong winds.
Areca Palm,Windy,West Bengal,Every 4-5 days,3-4 L,Organic Compost,1 kg/plant,Medium,Medium,High,Calcium,Bright Indirect Light,18-30°C,60-80%,Medium,Protect fronds from strong winds.
Areca Palm,Windy,Tamil Nadu,Every 4-5 days,3-4 L,Organic Compost,1 kg/plant,Medium,Medium,High,Calcium,Bright Indirect Light,18-30°C,55-75%,Medium,Protect fronds from strong winds.
Peace Lily,Summer,Delhi,Every 2-3 days,1-2 L,Balanced Liquid Fertilizer,15 ml/month,Medium,Medium,Medium,Iron; Magnesium,Bright Indirect Light,23-33°C,50-70%,Low,Keep soil moist and maintain humidity.
Peace Lily,Summer,Maharashtra,Every 2-3 days,1-2 L,Balanced Liquid Fertilizer,15 ml/month,Medium,Medium,Medium,Iron; Magnesium,Bright Indirect Light,21-31°C,60-80%,Low,Keep soil moist and maintain humidity.
Peace Lily,Summer,Karnataka,Every 2-3 days,1-2 L,Balanced Liquid Fertilizer,15 ml/month,Medium,Medium,Medium,Iron; Magnesium,Bright Indirect Light,19-29°C,65-85%,Low,Keep soil moist and maintain humidity.
Peace Lily,Summer,West Bengal,Every 2-3 days,1-2 L,Balanced Liquid Fertilizer,15 ml/month,Medium,Medium,Medium,Iron; Magnesium,Bright Indirect Light,20-30°C,70-90%,Low,Keep soil moist and maintain humidity.
Peace Lily,Summer,Tamil Nadu,Every 2-3 days,1-2 L,Balanced Liquid Fertilizer,15 ml/month,Medium,Medium,Medium,Iron; Magnesium,Bright Indirect Light,20-30°C,65-85%,Low,Keep soil moist and maintain humidity.
Peace Lily,Winter,Delhi,Every 5-7 days,0.5-1 L,Organic Compost,250 g/plant,Low,Medium,Medium,Calcium; Magnesium,Bright Indirect Light,18-25°C,40-60%,Low,Reduce watering during winter.
Peace Lily,Winter,Maharashtra,Every 5-7 days,0.5-1 L,Organic Compost,250 g/plant,Low,Medium,Medium,Calcium; Magnesium,Bright Indirect Light,16-23°C,50-70%,Low,Reduce watering during winter.
Peace Lily,Winter,Karnataka,Every 5-7 days,0.5-1 L,Organic Compost,250 g/plant,Low,Medium,Medium,Calcium; Magnesium,Bright Indirect Light,14-21°C,55-75%,Low,Reduce watering during winter.
Peace Lily,Winter,West Bengal,Every 5-7 days,0.5-1 L,Organic Compost,250 g/plant,Low,Medium,Medium,Calcium; Magnesium,Bright Indirect Light,15-22°C,60-80%,Low,Reduce watering during winter.
Peace Lily,Winter,Tamil Nadu,Every 5-7 days,0.5-1 L,Organic Compost,250 g/plant,Low,Medium,Medium,Calcium; Magnesium,Bright Indirect Light,15-22°C,55-75%,Low,Reduce watering during winter.
Peace Lily,Monsoon,Delhi,Every 4-5 days,1 L,Balanced Liquid Fertilizer,10 ml/month,Medium,Medium,Medium,Iron; Zinc,Bright Indirect Light,23-31°C,60-80%,Low,Ensure drainage and avoid standing water.
Peace Lily,Monsoon,Maharashtra,Every 4-5 days,1 L,Balanced Liquid Fertilizer,10 ml/month,Medium,Medium,Medium,Iron; Zinc,Bright Indirect Light,21-29°C,70-90%,Low,Ensure drainage and avoid standing water.
Peace Lily,Monsoon,Karnataka,Every 4-5 days,1 L,Balanced Liquid Fertilizer,10 ml/month,Medium,Medium,Medium,Iron; Zinc,Bright Indirect Light,19-27°C,75-95%,Low,Ensure drainage and avoid standing water.
Peace Lily,Monsoon,West Bengal,Every 4-5 days,1 L,Balanced Liquid Fertilizer,10 ml/month,Medium,Medium,Medium,Iron; Zinc,Bright Indirect Light,20-28°C,80-100%,Low,Ensure drainage and avoid standing water.
Peace Lily,Monsoon,Tamil Nadu,Every 4-5 days,1 L,Balanced Liquid Fertilizer,10 ml/month,Medium,Medium,Medium,Iron; Zinc,Bright Indirect Light,20-28°C,75-95%,Low,Ensure drainage and avoid standing water.
Peace Lily,Autumn,Delhi,Every 3-4 days,1 L,Balanced Liquid Fertilizer,10 ml/month,Medium,Medium,Medium,Boron; Iron,Bright Indirect Light,21-28°C,50-70%,Low,Remove yellow leaves regularly.
Peace Lily,Autumn,Maharashtra,Every 3-4 days,1 L,Balanced Liquid Fertilizer,10 ml/month,Medium,Medium,Medium,Boron; Iron,Bright Indirect Light,19-26°C,60-80%,Low,Remove yellow leaves regularly.
Peace Lily,Autumn,Karnataka,Every 3-4 days,1 L,Balanced Liquid Fertilizer,10 ml/month,Medium,Medium,Medium,Boron; Iron,Bright Indirect Light,17-24°C,65-85%,Low,Remove yellow leaves regularly.
Peace Lily,Autumn,West Bengal,Every 3-4 days,1 L,Balanced Liquid Fertilizer,10 ml/month,Medium,Medium,Medium,Boron; Iron,Bright Indirect Light,18-25°C,70-90%,Low,Remove yellow leaves regularly.
Peace Lily,Autumn,Tamil Nadu,Every 3-4 days,1 L,Balanced Liquid Fertilizer,10 ml/month,Medium,Medium,Medium,Boron; Iron,Bright Indirect Light,18-25°C,65-85%,Low,Remove yellow leaves regularly.
Peace Lily,Windy,Delhi,Every 3 days,1 L,Organic Compost,250 g/plant,Medium,Medium,Medium,Calcium,Bright Indirect Light,21-31°C,40-60%,Low,Protect from strong drafts.
Peace Lily,Windy,Maharashtra,Every 3 days,1 L,Organic Compost,250 g/plant,Medium,Medium,Medium,Calcium,Bright Indirect Light,19-29°C,50-70%,Low,Protect from strong drafts.
Peace Lily,Windy,Karnataka,Every 3 days,1 L,Organic Compost,250 g/plant,Medium,Medium,Medium,Calcium,Bright Indirect Light,17-27°C,55-75%,Low,Protect from strong drafts.
Peace Lily,Windy,West Bengal,Every 3 days,1 L,Organic Compost,250 g/plant,Medium,Medium,Medium,Calcium,Bright Indirect Light,18-28°C,60-80%,Low,Protect from strong drafts.
Peace Lily,Windy,Tamil Nadu,Every 3 days,1 L,Organic Compost,250 g/plant,Medium,Medium,Medium,Calcium,Bright Indirect Light,18-28°C,55-75%,Low,Protect from strong drafts.
Snake Plant,Summer,Delhi,Every 10-14 days,0.5-1 L,Succulent Fertilizer,10 g/month,Low,Low,Medium,Calcium; Magnesium,Bright Indirect Light,23-38°C,20-50%,High,Allow soil to dry completely before watering.
Snake Plant,Summer,Maharashtra,Every 10-14 days,0.5-1 L,Succulent Fertilizer,10 g/month,Low,Low,Medium,Calcium; Magnesium,Bright Indirect Light,21-36°C,30-60%,High,Allow soil to dry completely before watering.
Snake Plant,Summer,Karnataka,Every 10-14 days,0.5-1 L,Succulent Fertilizer,10 g/month,Low,Low,Medium,Calcium; Magnesium,Bright Indirect Light,19-34°C,35-65%,High,Allow soil to dry completely before watering.
Snake Plant,Summer,West Bengal,Every 10-14 days,0.5-1 L,Succulent Fertilizer,10 g/month,Low,Low,Medium,Calcium; Magnesium,Bright Indirect Light,20-35°C,40-70%,High,Allow soil to dry completely before watering.
Snake Plant,Summer,Tamil Nadu,Every 10-14 days,0.5-1 L,Succulent Fertilizer,10 g/month,Low,Low,Medium,Calcium; Magnesium,Bright Indirect Light,20-35°C,35-65%,High,Allow soil to dry completely before watering.
Snake Plant,Winter,Delhi,Every 20-25 days,0.3-0.5 L,,,Low,Low,Low,,Bright Indirect Light,13-25°C,20-40%,High,Water sparingly during winter.
Snake Plant,Winter,Maharashtra,Every 20-25 days,0.3-0.5 L,,,Low,Low,Low,,Bright Indirect Light,11-23°C,30-50%,High,Water sparingly during winter.
Snake Plant,Winter,Karnataka,Every 20-25 days,0.3-0.5 L,,,Low,Low,Low,,Bright Indirect Light,9-21°C,35-55%,High,Water sparingly during winter.
Snake Plant,Winter,West Bengal,Every 20-25 days,0.3-0.5 L,,,Low,Low,Low,,Bright Indirect Light,10-22°C,40-60%,High,Water sparingly during winter.
Snake Plant,Winter,Tamil Nadu,Every 20-25 days,0.3-0.5 L,,,Low,Low,Low,,Bright Indirect Light,10-22°C,35-55%,High,Water sparingly during winter.
Snake Plant,Monsoon,Delhi,Every 15 days,0.5 L,Succulent Fertilizer,5 g/month,Low,Low,Medium,Calcium,Bright Indirect Light,23-33°C,50-70%,High,Prevent waterlogging.
Snake Plant,Monsoon,Maharashtra,Every 15 days,0.5 L,Succulent Fertilizer,5 g/month,Low,Low,Medium,Calcium,Bright Indirect Light,21-31°C,60-80%,High,Prevent waterlogging.
Snake Plant,Monsoon,Karnataka,Every 15 days,0.5 L,Succulent Fertilizer,5 g/month,Low,Low,Medium,Calcium,Bright Indirect Light,19-29°C,65-85%,High,Prevent waterlogging.
Snake Plant,Monsoon,West Bengal,Every 15 days,0.5 L,Succulent Fertilizer,5 g/month,Low,Low,Medium,Calcium,Bright Indirect Light,20-30°C,70-90%,High,Prevent waterlogging.
Snake Plant,Monsoon,Tamil Nadu,Every 15 days,0.5 L,Succulent Fertilizer,5 g/month,Low,Low,Medium,Calcium,Bright Indirect Light,20-30°C,65-85%,High,Prevent waterlogging.
Snake Plant,Autumn,Delhi,Every 12-15 days,0.5 L,Succulent Fertilizer,5 g/month,Low,Low,Medium,Magnesium,Bright Indirect Light,21-31°C,30-50%,High,Reduce watering gradually.
Snake Plant,Autumn,Maharashtra,Every 12-15 days,0.5 L,Succulent Fertilizer,5 g/month,Low,Low,Medium,Magnesium,Bright Indirect Light,19-29°C,40-60%,High,Reduce watering gradually.
Snake Plant,Autumn,Karnataka,Every 12-15 days,0.5 L,Succulent Fertilizer,5 g/month,Low,Low,Medium,Magnesium,Bright Indirect Light,17-27°C,45-65%,High,Reduce watering gradually.
Snake Plant,Autumn,West Bengal,Every 12-15 days,0.5 L,Succulent Fertilizer,5 g/month,Low,Low,Medium,Magnesium,Bright Indirect Light,18-28°C,50-70%,High,Reduce watering gradually.
Snake Plant,Autumn,Tamil Nadu,Every 12-15 days,0.5 L,Succulent Fertilizer,5 g/month,Low,Low,Medium,Magnesium,Bright Indirect Light,18-28°C,45-65%,High,Reduce watering gradually.
Snake Plant,Windy,Delhi,Every 10-12 days,0.5 L,Succulent Fertilizer,5 g/month,Low,Low,Medium,Calcium,Bright Indirect Light,21-33°C,20-50%,High,Protect from dry winds.
Snake Plant,Windy,Maharashtra,Every 10-12 days,0.5 L,Succulent Fertilizer,5 g/month,Low,Low,Medium,Calcium,Bright Indirect Light,19-31°C,30-60%,High,Protect from dry winds.
Snake Plant,Windy,Karnataka,Every 10-12 days,0.5 L,Succulent Fertilizer,5 g/month,Low,Low,Medium,Calcium,Bright Indirect Light,17-29°C,35-65%,High,Protect from dry winds.
Snake Plant,Windy,West Bengal,Every 10-12 days,0.5 L,Succulent Fertilizer,5 g/month,Low,Low,Medium,Calcium,Bright Indirect Light,18-30°C,40-70%,High,Protect from dry winds.
Snake Plant,Windy,Tamil Nadu,Every 10-12 days,0.5 L,Succulent Fertilizer,5 g/month,Low,Low,Medium,Calcium,Bright Indirect Light,18-30°C,35-65%,High,Protect from dry winds.
Golden Pothos,Summer,Delhi,Every 3-4 days,1 L,Balanced Liquid Fertilizer,15 ml/month,Medium,Medium,Medium,Iron; Magnesium,Bright Indirect Light,23-35°C,50-70%,Medium,Trim vines and keep soil slightly moist.
Golden Pothos,Summer,Maharashtra,Every 3-4 days,1 L,Balanced Liquid Fertilizer,15 ml/month,Medium,Medium,Medium,Iron; Magnesium,Bright Indirect Light,21-33°C,60-80%,Medium,Trim vines and keep soil slightly moist.
Golden Pothos,Summer,Karnataka,Every 3-4 days,1 L,Balanced Liquid Fertilizer,15 ml/month,Medium,Medium,Medium,Iron; Magnesium,Bright Indirect Light,19-31°C,65-85%,Medium,Trim vines and keep soil slightly moist.
Golden Pothos,Summer,West Bengal,Every 3-4 days,1 L,Balanced Liquid Fertilizer,15 ml/month,Medium,Medium,Medium,Iron; Magnesium,Bright Indirect Light,20-32°C,70-90%,Medium,Trim vines and keep soil slightly moist.
Golden Pothos,Summer,Tamil Nadu,Every 3-4 days,1 L,Balanced Liquid Fertilizer,15 ml/month,Medium,Medium,Medium,Iron; Magnesium,Bright Indirect Light,20-32°C,65-85%,Medium,Trim vines and keep soil slightly moist.
Golden Pothos,Winter,Delhi,Every 7 days,0.5 L,Organic Compost,250 g/plant,Low,Medium,Medium,Calcium; Magnesium,Bright Indirect Light,18-27°C,40-60%,Medium,Reduce watering during winter.
Golden Pothos,Winter,Maharashtra,Every 7 days,0.5 L,Organic Compost,250 g/plant,Low,Medium,Medium,Calcium; Magnesium,Bright Indirect Light,16-25°C,50-70%,Medium,Reduce watering during winter.
Golden Pothos,Winter,Karnataka,Every 7 days,0.5 L,Organic Compost,250 g/plant,Low,Medium,Medium,Calcium; Magnesium,Bright Indirect Light,14-23°C,55-75%,Medium,Reduce watering during winter.
Golden Pothos,Winter,West Bengal,Every 7 days,0.5 L,Organic Compost,250 g/plant,Low,Medium,Medium,Calcium; Magnesium,Bright Indirect Light,15-24°C,60-80%,Medium,Reduce watering during winter.
Golden Pothos,Winter,Tamil Nadu,Every 7 days,0.5 L,Organic Compost,250 g/plant,Low,Medium,Medium,Calcium; Magnesium,Bright Indirect Light,15-24°C,55-75%,Medium,Reduce watering during winter.
Golden Pothos,Monsoon,Delhi,Every 5 days,0.5-1 L,Balanced Liquid Fertilizer,10 ml/month,Medium,Medium,Medium,Iron; Zinc,Bright Indirect Light,23-33°C,60-80%,Medium,Ensure proper drainage.
Golden Pothos,Monsoon,Maharashtra,Every 5 days,0.5-1 L,Balanced Liquid Fertilizer,10 ml/month,Medium,Medium,Medium,Iron; Zinc,Bright Indirect Light,21-31°C,70-90%,Medium,Ensure proper drainage.
Golden Pothos,Monsoon,Karnataka,Every 5 days,0.5-1 L,Balanced Liquid Fertilizer,10 ml/month,Medium,Medium,Medium,Iron; Zinc,Bright Indirect Light,19-29°C,75-95%,Medium,Ensure proper drainage.
Golden Pothos,Monsoon,West Bengal,Every 5 days,0.5-1 L,Balanced Liquid Fertilizer,10 ml/month,Medium,Medium,Medium,Iron; Zinc,Bright Indirect Light,20-30°C,80-100%,Medium,Ensure proper drainage.
Golden Pothos,Monsoon,Tamil Nadu,Every 5 days,0.5-1 L,Balanced Liquid Fertilizer,10 ml/month,Medium,Medium,Medium,Iron; Zinc,Bright Indirect Light,20-30°C,75-95%,Medium,Ensure proper drainage.
Golden Pothos,Autumn,Delhi,Every 4 days,1 L,Balanced Liquid Fertilizer,10 ml/month,Medium,Medium,Medium,Boron; Iron,Bright Indirect Light,21-31°C,50-70%,Medium,Prune for bushy growth.
Golden Pothos,Autumn,Maharashtra,Every 4 days,1 L,Balanced Liquid Fertilizer,10 ml/month,Medium,Medium,Medium,Boron; Iron,Bright Indirect Light,19-29°C,60-80%,Medium,Prune for bushy growth.
Golden Pothos,Autumn,Karnataka,Every 4 days,1 L,Balanced Liquid Fertilizer,10 ml/month,Medium,Medium,Medium,Boron; Iron,Bright Indirect Light,17-27°C,65-85%,Medium,Prune for bushy growth.
Golden Pothos,Autumn,West Bengal,Every 4 days,1 L,Balanced Liquid Fertilizer,10 ml/month,Medium,Medium,Medium,Boron; Iron,Bright Indirect Light,18-28°C,70-90%,Medium,Prune for bushy growth.
Golden Pothos,Autumn,Tamil Nadu,Every 4 days,1 L,Balanced Liquid Fertilizer,10 ml/month,Medium,Medium,Medium,Boron; Iron,Bright Indirect Light,18-28°C,65-85%,Medium,Prune for bushy growth.
Golden Pothos,Windy,Delhi,Every 4 days,1 L,Organic Compost,250 g/plant,Medium,Medium,Medium,Calcium,Bright Indirect Light,21-31°C,40-60%,Medium,Protect from strong winds.
Golden Pothos,Windy,Maharashtra,Every 4 days,1 L,Organic Compost,250 g/plant,Medium,Medium,Medium,Calcium,Bright Indirect Light,19-29°C,50-70%,Medium,Protect from strong winds.
Golden Pothos,Windy,Karnataka,Every 4 days,1 L,Organic Compost,250 g/plant,Medium,Medium,Medium,Calcium,Bright Indirect Light,17-27°C,55-75%,Medium,Protect from strong winds.
Golden Pothos,Windy,West Bengal,Every 4 days,1 L,Organic Compost,250 g/plant,Medium,Medium,Medium,Calcium,Bright Indirect Light,18-28°C,60-80%,Medium,Protect from strong winds.
Golden Pothos,Windy,Tamil Nadu,Every 4 days,1 L,Organic Compost,250 g/plant,Medium,Medium,Medium,Calcium,Bright Indirect Light,18-28°C,55-75%,Medium,Protect from strong winds.
Spider Plant,Summer,Delhi,Every 2-3 days,1-2 L,Balanced Liquid Fertilizer,15 ml/month,Medium,Medium,Medium,Iron; Magnesium,Bright Indirect Light,23-33°C,40-60%,Medium,Maintain moisture and remove dry leaves.
Spider Plant,Summer,Maharashtra,Every 2-3 days,1-2 L,Balanced Liquid Fertilizer,15 ml/month,Medium,Medium,Medium,Iron; Magnesium,Bright Indirect Light,21-31°C,50-70%,Medium,Maintain moisture and remove dry leaves.
Spider Plant,Summer,Karnataka,Every 2-3 days,1-2 L,Balanced Liquid Fertilizer,15 ml/month,Medium,Medium,Medium,Iron; Magnesium,Bright Indirect Light,19-29°C,55-75%,Medium,Maintain moisture and remove dry leaves.
Spider Plant,Summer,West Bengal,Every 2-3 days,1-2 L,Balanced Liquid Fertilizer,15 ml/month,Medium,Medium,Medium,Iron; Magnesium,Bright Indirect Light,20-30°C,60-80%,Medium,Maintain moisture and remove dry leaves.
Spider Plant,Summer,Tamil Nadu,Every 2-3 days,1-2 L,Balanced Liquid Fertilizer,15 ml/month,Medium,Medium,Medium,Iron; Magnesium,Bright Indirect Light,20-30°C,55-75%,Medium,Maintain moisture and remove dry leaves.
Spider Plant,Winter,Delhi,Every 5-7 days,0.5-1 L,Organic Compost,250 g/plant,Low,Medium,Medium,Calcium; Magnesium,Bright Indirect Light,15-25°C,30-50%,Medium,Reduce watering.
Spider Plant,Winter,Maharashtra,Every 5-7 days,0.5-1 L,Organic Compost,250 g/plant,Low,Medium,Medium,Calcium; Magnesium,Bright Indirect Light,13-23°C,40-60%,Medium,Reduce watering.
Spider Plant,Winter,Karnataka,Every 5-7 days,0.5-1 L,Organic Compost,250 g/plant,Low,Medium,Medium,Calcium; Magnesium,Bright Indirect Light,11-21°C,45-65%,Medium,Reduce watering.
Spider Plant,Winter,West Bengal,Every 5-7 days,0.5-1 L,Organic Compost,250 g/plant,Low,Medium,Medium,Calcium; Magnesium,Bright Indirect Light,12-22°C,50-70%,Medium,Reduce watering.
Spider Plant,Winter,Tamil Nadu,Every 5-7 days,0.5-1 L,Organic Compost,250 g/plant,Low,Medium,Medium,Calcium; Magnesium,Bright Indirect Light,12-22°C,45-65%,Medium,Reduce watering.
Spider Plant,Monsoon,Delhi,Every 4-5 days,1 L,Balanced Liquid Fertilizer,10 ml/month,Medium,Medium,Medium,Iron; Zinc,Bright Indirect Light,23-31°C,60-80%,Medium,Prevent waterlogging.
Spider Plant,Monsoon,Maharashtra,Every 4-5 days,1 L,Balanced Liquid Fertilizer,10 ml/month,Medium,Medium,Medium,Iron; Zinc,Bright Indirect Light,21-29°C,70-90%,Medium,Prevent waterlogging.
Spider Plant,Monsoon,Karnataka,Every 4-5 days,1 L,Balanced Liquid Fertilizer,10 ml/month,Medium,Medium,Medium,Iron; Zinc,Bright Indirect Light,19-27°C,75-95%,Medium,Prevent waterlogging.
Spider Plant,Monsoon,West Bengal,Every 4-5 days,1 L,Balanced Liquid Fertilizer,10 ml/month,Medium,Medium,Medium,Iron; Zinc,Bright Indirect Light,20-28°C,80-100%,Medium,Prevent waterlogging.
Spider Plant,Monsoon,Tamil Nadu,Every 4-5 days,1 L,Balanced Liquid Fertilizer,10 ml/month,Medium,Medium,Medium,Iron; Zinc,Bright Indirect Light,20-28°C,75-95%,Medium,Prevent waterlogging.
Spider Plant,Autumn,Delhi,Every 3-4 days,1 L,Balanced Liquid Fertilizer,10 ml/month,Medium,Medium,Medium,Boron; Iron,Bright Indirect Light,21-28°C,40-60%,Medium,Remove old leaves.
Spider Plant,Autumn,Maharashtra,Every 3-4 days,1 L,Balanced Liquid Fertilizer,10 ml/month,Medium,Medium,Medium,Boron; Iron,Bright Indirect Light,19-26°C,50-70%,Medium,Remove old leaves.
Spider Plant,Autumn,Karnataka,Every 3-4 days,1 L,Balanced Liquid Fertilizer,10 ml/month,Medium,Medium,Medium,Boron; Iron,Bright Indirect Light,17-24°C,55-75%,Medium,Remove old leaves.
Spider Plant,Autumn,West Bengal,Every 3-4 days,1 L,Balanced Liquid Fertilizer,10 ml/month,Medium,Medium,Medium,Boron; Iron,Bright Indirect Light,18-25°C,60-80%,Medium,Remove old leaves.
Spider Plant,Autumn,Tamil Nadu,Every 3-4 days,1 L,Balanced Liquid Fertilizer,10 ml/month,Medium,Medium,Medium,Boron; Iron,Bright Indirect Light,18-25°C,55-75%,Medium,Remove old leaves.
Spider Plant,Windy,Delhi,Every 3-4 days,1 L,Organic Compost,250 g/plant,Medium,Medium,Medium,Calcium,Bright Indirect Light,21-31°C,30-50%,Medium,Protect from drying winds.
Spider Plant,Windy,Maharashtra,Every 3-4 days,1 L,Organic Compost,250 g/plant,Medium,Medium,Medium,Calcium,Bright Indirect Light,19-29°C,40-60%,Medium,Protect from drying winds.
Spider Plant,Windy,Karnataka,Every 3-4 days,1 L,Organic Compost,250 g/plant,Medium,Medium,Medium,Calcium,Bright Indirect Light,17-27°C,45-65%,Medium,Protect from drying winds.
Spider Plant,Windy,West Bengal,Every 3-4 days,1 L,Organic Compost,250 g/plant,Medium,Medium,Medium,Calcium,Bright Indirect Light,18-28°C,50-70%,Medium,Protect from drying winds.
Spider Plant,Windy,Tamil Nadu,Every 3-4 days,1 L,Organic Compost,250 g/plant,Medium,Medium,Medium,Calcium,Bright Indirect Light,18-28°C,45-65%,Medium,Protect from drying winds.
ZZ Plant,Summer,Delhi,Every 10-14 days,0.5-1 L,Balanced Liquid Fertilizer,10 ml/month,Low,Low,Medium,Iron; Magnesium,Bright Indirect Light,23-35°C,30-50%,Medium,Allow soil to dry before watering.
ZZ Plant,Summer,Maharashtra,Every 10-14 days,0.5-1 L,Balanced Liquid Fertilizer,10 ml/month,Low,Low,Medium,Iron; Magnesium,Bright Indirect Light,21-33°C,40-60%,Medium,Allow soil to dry before watering.
ZZ Plant,Summer,Karnataka,Every 10-14 days,0.5-1 L,Balanced Liquid Fertilizer,10 ml/month,Low,Low,Medium,Iron; Magnesium,Bright Indirect Light,19-31°C,45-65%,Medium,Allow soil to dry before watering.
ZZ Plant,Summer,West Bengal,Every 10-14 days,0.5-1 L,Balanced Liquid Fertilizer,10 ml/month,Low,Low,Medium,Iron; Magnesium,Bright Indirect Light,20-32°C,50-70%,Medium,Allow soil to dry before watering.
ZZ Plant,Summer,Tamil Nadu,Every 10-14 days,0.5-1 L,Balanced Liquid Fertilizer,10 ml/month,Low,Low,Medium,Iron; Magnesium,Bright Indirect Light,20-32°C,45-65%,Medium,Allow soil to dry before watering.
ZZ Plant,Winter,Delhi,Every 20-25 days,0.3-0.5 L,,,Low,Low,Low,,Bright Indirect Light,18-27°C,30-50%,Medium,Water sparingly.
ZZ Plant,Winter,Maharashtra,Every 20-25 days,0.3-0.5 L,,,Low,Low,Low,,Bright Indirect Light,16-25°C,40-60%,Medium,Water sparingly.
ZZ Plant,Winter,Karnataka,Every 20-25 days,0.3-0.5 L,,,Low,Low,Low,,Bright Indirect Light,14-23°C,45-65%,Medium,Water sparingly.
ZZ Plant,Winter,West Bengal,Every 20-25 days,0.3-0.5 L,,,Low,Low,Low,,Bright Indirect Light,15-24°C,50-70%,Medium,Water sparingly.
ZZ Plant,Winter,Tamil Nadu,Every 20-25 days,0.3-0.5 L,,,Low,Low,Low,,Bright Indirect Light,15-24°C,45-65%,Medium,Water sparingly.
ZZ Plant,Monsoon,Delhi,Every 15 days,0.5 L,Balanced Liquid Fertilizer,5 ml/month,Low,Low,Medium,Calcium,Bright Indirect Light,23-33°C,50-70%,Medium,Avoid excess moisture.
ZZ Plant,Monsoon,Maharashtra,Every 15 days,0.5 L,Balanced Liquid Fertilizer,5 ml/month,Low,Low,Medium,Calcium,Bright Indirect Light,21-31°C,60-80%,Medium,Avoid excess moisture.
ZZ Plant,Monsoon,Karnataka,Every 15 days,0.5 L,Balanced Liquid Fertilizer,5 ml/month,Low,Low,Medium,Calcium,Bright Indirect Light,19-29°C,65-85%,Medium,Avoid excess moisture.
ZZ Plant,Monsoon,West Bengal,Every 15 days,0.5 L,Balanced Liquid Fertilizer,5 ml/month,Low,Low,Medium,Calcium,Bright Indirect Light,20-30°C,70-90%,Medium,Avoid excess moisture.
ZZ Plant,Monsoon,Tamil Nadu,Every 15 days,0.5 L,Balanced Liquid Fertilizer,5 ml/month,Low,Low,Medium,Calcium,Bright Indirect Light,20-30°C,65-85%,Medium,Avoid excess moisture.
ZZ Plant,Autumn,Delhi,Every 12-15 days,0.5 L,Balanced Liquid Fertilizer,5 ml/month,Low,Low,Medium,Magnesium,Bright Indirect Light,21-31°C,40-60%,Medium,Reduce watering.
ZZ Plant,Autumn,Maharashtra,Every 12-15 days,0.5 L,Balanced Liquid Fertilizer,5 ml/month,Low,Low,Medium,Magnesium,Bright Indirect Light,19-29°C,50-70%,Medium,Reduce watering.
ZZ Plant,Autumn,Karnataka,Every 12-15 days,0.5 L,Balanced Liquid Fertilizer,5 ml/month,Low,Low,Medium,Magnesium,Bright Indirect Light,17-27°C,55-75%,Medium,Reduce watering.
ZZ Plant,Autumn,West Bengal,Every 12-15 days,0.5 L,Balanced Liquid Fertilizer,5 ml/month,Low,Low,Medium,Magnesium,Bright Indirect Light,18-28°C,60-80%,Medium,Reduce watering.
ZZ Plant,Autumn,Tamil Nadu,Every 12-15 days,0.5 L,Balanced Liquid Fertilizer,5 ml/month,Low,Low,Medium,Magnesium,Bright Indirect Light,18-28°C,55-75%,Medium,Reduce watering.
ZZ Plant,Windy,Delhi,Every 10-12 days,0.5 L,Organic Compost,200 g/plant,Low,Low,Medium,Calcium,Bright Indirect Light,21-31°C,30-50%,Medium,Protect from drafts.
ZZ Plant,Windy,Maharashtra,Every 10-12 days,0.5 L,Organic Compost,200 g/plant,Low,Low,Medium,Calcium,Bright Indirect Light,19-29°C,40-60%,Medium,Protect from drafts.
ZZ Plant,Windy,Karnataka,Every 10-12 days,0.5 L,Organic Compost,200 g/plant,Low,Low,Medium,Calcium,Bright Indirect Light,17-27°C,45-65%,Medium,Protect from drafts.
ZZ Plant,Windy,West Bengal,Every 10-12 days,0.5 L,Organic Compost,200 g/plant,Low,Low,Medium,Calcium,Bright Indirect Light,18-28°C,50-70%,Medium,Protect from drafts.
ZZ Plant,Windy,Tamil Nadu,Every 10-12 days,0.5 L,Organic Compost,200 g/plant,Low,Low,Medium,Calcium,Bright Indirect Light,18-28°C,45-65%,Medium,Protect from drafts.
Rubber Plant,Summer,Delhi,Every 3-4 days,2-3 L,Balanced Liquid Fertilizer,20 ml/month,Medium,Medium,Medium,Iron; Magnesium,Bright Indirect Light,23-35°C,40-60%,Medium,Water deeply and clean leaves.
Rubber Plant,Summer,Maharashtra,Every 3-4 days,2-3 L,Balanced Liquid Fertilizer,20 ml/month,Medium,Medium,Medium,Iron; Magnesium,Bright Indirect Light,21-33°C,50-70%,Medium,Water deeply and clean leaves.
Rubber Plant,Summer,Karnataka,Every 3-4 days,2-3 L,Balanced Liquid Fertilizer,20 ml/month,Medium,Medium,Medium,Iron; Magnesium,Bright Indirect Light,19-31°C,55-75%,Medium,Water deeply and clean leaves.
Rubber Plant,Summer,West Bengal,Every 3-4 days,2-3 L,Balanced Liquid Fertilizer,20 ml/month,Medium,Medium,Medium,Iron; Magnesium,Bright Indirect Light,20-32°C,60-80%,Medium,Water deeply and clean leaves.
Rubber Plant,Summer,Tamil Nadu,Every 3-4 days,2-3 L,Balanced Liquid Fertilizer,20 ml/month,Medium,Medium,Medium,Iron; Magnesium,Bright Indirect Light,20-32°C,55-75%,Medium,Water deeply and clean leaves.
Rubber Plant,Winter,Delhi,Every 7-10 days,1 L,Organic Compost,500 g/plant,Low,Medium,Medium,Calcium; Magnesium,Bright Indirect Light,18-27°C,30-50%,Medium,Reduce watering.
Rubber Plant,Winter,Maharashtra,Every 7-10 days,1 L,Organic Compost,500 g/plant,Low,Medium,Medium,Calcium; Magnesium,Bright Indirect Light,16-25°C,40-60%,Medium,Reduce watering.
Rubber Plant,Winter,Karnataka,Every 7-10 days,1 L,Organic Compost,500 g/plant,Low,Medium,Medium,Calcium; Magnesium,Bright Indirect Light,14-23°C,45-65%,Medium,Reduce watering.
Rubber Plant,Winter,West Bengal,Every 7-10 days,1 L,Organic Compost,500 g/plant,Low,Medium,Medium,Calcium; Magnesium,Bright Indirect Light,15-24°C,50-70%,Medium,Reduce watering.
Rubber Plant,Winter,Tamil Nadu,Every 7-10 days,1 L,Organic Compost,500 g/plant,Low,Medium,Medium,Calcium; Magnesium,Bright Indirect Light,15-24°C,45-65%,Medium,Reduce watering.
Rubber Plant,Monsoon,Delhi,Every 5 days,1-2 L,Balanced Liquid Fertilizer,15 ml/month,Medium,Medium,Medium,Iron; Zinc,Bright Indirect Light,23-33°C,60-80%,Medium,Ensure drainage.
Rubber Plant,Monsoon,Maharashtra,Every 5 days,1-2 L,Balanced Liquid Fertilizer,15 ml/month,Medium,Medium,Medium,Iron; Zinc,Bright Indirect Light,21-31°C,70-90%,Medium,Ensure drainage.
Rubber Plant,Monsoon,Karnataka,Every 5 days,1-2 L,Balanced Liquid Fertilizer,15 ml/month,Medium,Medium,Medium,Iron; Zinc,Bright Indirect Light,19-29°C,75-95%,Medium,Ensure drainage.
Rubber Plant,Monsoon,West Bengal,Every 5 days,1-2 L,Balanced Liquid Fertilizer,15 ml/month,Medium,Medium,Medium,Iron; Zinc,Bright Indirect Light,20-30°C,80-100%,Medium,Ensure drainage.
Rubber Plant,Monsoon,Tamil Nadu,Every 5 days,1-2 L,Balanced Liquid Fertilizer,15 ml/month,Medium,Medium,Medium,Iron; Zinc,Bright Indirect Light,20-30°C,75-95%,Medium,Ensure drainage.
Rubber Plant,Autumn,Delhi,Every 4-5 days,2 L,Balanced Liquid Fertilizer,15 ml/month,Medium,Medium,Medium,Boron; Iron,Bright Indirect Light,21-31°C,40-60%,Medium,Rotate plant for even growth.
Rubber Plant,Autumn,Maharashtra,Every 4-5 days,2 L,Balanced Liquid Fertilizer,15 ml/month,Medium,Medium,Medium,Boron; Iron,Bright Indirect Light,19-29°C,50-70%,Medium,Rotate plant for even growth.
Rubber Plant,Autumn,Karnataka,Every 4-5 days,2 L,Balanced Liquid Fertilizer,15 ml/month,Medium,Medium,Medium,Boron; Iron,Bright Indirect Light,17-27°C,55-75%,Medium,Rotate plant for even growth.
Rubber Plant,Autumn,West Bengal,Every 4-5 days,2 L,Balanced Liquid Fertilizer,15 ml/month,Medium,Medium,Medium,Boron; Iron,Bright Indirect Light,18-28°C,60-80%,Medium,Rotate plant for even growth.
Rubber Plant,Autumn,Tamil Nadu,Every 4-5 days,2 L,Balanced Liquid Fertilizer,15 ml/month,Medium,Medium,Medium,Boron; Iron,Bright Indirect Light,18-28°C,55-75%,Medium,Rotate plant for even growth.
Rubber Plant,Windy,Delhi,Every 4-5 days,2 L,Organic Compost,500 g/plant,Medium,Medium,Medium,Calcium,Bright Indirect Light,21-33°C,30-50%,Medium,Protect leaves from strong winds.
Rubber Plant,Windy,Maharashtra,Every 4-5 days,2 L,Organic Compost,500 g/plant,Medium,Medium,Medium,Calcium,Bright Indirect Light,19-31°C,40-60%,Medium,Protect leaves from strong winds.
Rubber Plant,Windy,Karnataka,Every 4-5 days,2 L,Organic Compost,500 g/plant,Medium,Medium,Medium,Calcium,Bright Indirect Light,17-29°C,45-65%,Medium,Protect leaves from strong winds.
Rubber Plant,Windy,West Bengal,Every 4-5 days,2 L,Organic Compost,500 g/plant,Medium,Medium,Medium,Calcium,Bright Indirect Light,18-30°C,50-70%,Medium,Protect leaves from strong winds.
Rubber Plant,Windy,Tamil Nadu,Every 4-5 days,2 L,Organic Compost,500 g/plant,Medium,Medium,Medium,Calcium,Bright Indirect Light,18-30°C,45-65%,Medium,Protect leaves from strong winds.
Bougainvillea,Summer,Tamil Nadu,2-3 times/week,01-Mar,NPK 19-19-19,20g/plant/month (Full dose - active growth period),Medium,High,High,"Iron, Zinc",Full sun (6+ hrs),20-35°C,45-65%,High,Deadhead spent blooms to encourage continuous flowering; water in early morning. Prune after flowering; let soil dry between waterings; overwatering reduces blooms.
Bougainvillea,Summer,Karnataka,2-3 times/week,01-Mar,NPK 19-19-19,20g/plant/month (Full dose - active growth period),Medium,High,High,"Iron, Zinc",Full sun (6+ hrs),19-34°C,45-65%,High,Deadhead spent blooms to encourage continuous flowering; water in early morning. Prune after flowering; let soil dry between waterings; overwatering reduces blooms.
Bougainvillea,Summer,Maharashtra,2-3 times/week,01-Mar,NPK 19-19-19,20g/plant/month (Full dose - active growth period),Medium,High,High,"Iron, Zinc",Full sun (6+ hrs),21-36°C,40-60%,High,Deadhead spent blooms to encourage continuous flowering; water in early morning. Prune after flowering; let soil dry between waterings; overwatering reduces blooms.
Bougainvillea,Summer,Kerala,2-3 times/week,01-Mar,NPK 19-19-19,20g/plant/month (Full dose - active growth period),Medium,High,High,"Iron, Zinc",Full sun (6+ hrs),19-34°C,55-75%,High,Deadhead spent blooms to encourage continuous flowering; water in early morning. Prune after flowering; let soil dry between waterings; overwatering reduces blooms.
Bougainvillea,Summer,Rajasthan,2-3 times/week,01-Mar,NPK 19-19-19,20g/plant/month (Full dose - active growth period),Medium,High,High,"Iron, Zinc",Full sun (6+ hrs),24-39°C,25-45%,High,Deadhead spent blooms to encourage continuous flowering; water in early morning. Prune after flowering; let soil dry between waterings; overwatering reduces blooms.
Bougainvillea,Autumn,Tamil Nadu,2 times/week,01-Feb,NPK 19-19-19,20g/plant/month (Full dose - transitional growing season),Medium,High,High,"Iron, Zinc",Full sun (6+ hrs),20-35°C,45-65%,High,Good blooming/growing season for many varieties; maintain regular watering. Prune after flowering; let soil dry between waterings; overwatering reduces blooms.
Bougainvillea,Autumn,Karnataka,2 times/week,01-Feb,NPK 19-19-19,20g/plant/month (Full dose - transitional growing season),Medium,High,High,"Iron, Zinc",Full sun (6+ hrs),19-34°C,45-65%,High,Good blooming/growing season for many varieties; maintain regular watering. Prune after flowering; let soil dry between waterings; overwatering reduces blooms.
Bougainvillea,Autumn,Maharashtra,2 times/week,01-Feb,NPK 19-19-19,20g/plant/month (Full dose - transitional growing season),Medium,High,High,"Iron, Zinc",Full sun (6+ hrs),21-36°C,40-60%,High,Good blooming/growing season for many varieties; maintain regular watering. Prune after flowering; let soil dry between waterings; overwatering reduces blooms.
Bougainvillea,Autumn,Kerala,2 times/week,01-Feb,NPK 19-19-19,20g/plant/month (Full dose - transitional growing season),Medium,High,High,"Iron, Zinc",Full sun (6+ hrs),19-34°C,55-75%,High,Good blooming/growing season for many varieties; maintain regular watering. Prune after flowering; let soil dry between waterings; overwatering reduces blooms.
Bougainvillea,Autumn,Rajasthan,2 times/week,01-Feb,NPK 19-19-19,20g/plant/month (Full dose - transitional growing season),Medium,High,High,"Iron, Zinc",Full sun (6+ hrs),24-39°C,25-45%,High,Good blooming/growing season for many varieties; maintain regular watering. Prune after flowering; let soil dry between waterings; overwatering reduces blooms.
Bougainvillea,Monsoon,Tamil Nadu,"Reduce - rely on rainfall, ensure drainage",0.5-1,NPK 19-19-19,10g/plant/month (Half dose or skip - avoid fertilizing before/during heavy rain (nutrient leaching)),Medium,High,High,"Iron, Zinc",Full sun (6+ hrs),20-35°C,45-65%,High,Ensure excess water drains away; watch for fungal disease on flowers/foliage. Prune after flowering; let soil dry between waterings; overwatering reduces blooms.
Bougainvillea,Monsoon,Karnataka,"Reduce - rely on rainfall, ensure drainage",0.5-1,NPK 19-19-19,10g/plant/month (Half dose or skip - avoid fertilizing before/during heavy rain (nutrient leaching)),Medium,High,High,"Iron, Zinc",Full sun (6+ hrs),19-34°C,45-65%,High,Ensure excess water drains away; watch for fungal disease on flowers/foliage. Prune after flowering; let soil dry between waterings; overwatering reduces blooms.
Bougainvillea,Monsoon,Maharashtra,"Reduce - rely on rainfall, ensure drainage",0.5-1,NPK 19-19-19,10g/plant/month (Half dose or skip - avoid fertilizing before/during heavy rain (nutrient leaching)),Medium,High,High,"Iron, Zinc",Full sun (6+ hrs),21-36°C,40-60%,High,Ensure excess water drains away; watch for fungal disease on flowers/foliage. Prune after flowering; let soil dry between waterings; overwatering reduces blooms.
Bougainvillea,Monsoon,Kerala,"Reduce - rely on rainfall, ensure drainage",0.5-1,NPK 19-19-19,10g/plant/month (Half dose or skip - avoid fertilizing before/during heavy rain (nutrient leaching)),Medium,High,High,"Iron, Zinc",Full sun (6+ hrs),19-34°C,55-75%,High,Ensure excess water drains away; watch for fungal disease on flowers/foliage. Prune after flowering; let soil dry between waterings; overwatering reduces blooms.
Bougainvillea,Monsoon,Rajasthan,"Reduce - rely on rainfall, ensure drainage",0.5-1,NPK 19-19-19,10g/plant/month (Half dose or skip - avoid fertilizing before/during heavy rain (nutrient leaching)),Medium,High,High,"Iron, Zinc",Full sun (6+ hrs),24-39°C,25-45%,High,Ensure excess water drains away; watch for fungal disease on flowers/foliage. Prune after flowering; let soil dry between waterings; overwatering reduces blooms.
Bougainvillea,Winter,Tamil Nadu,1-2 times/week,0.5-1.5,NPK 19-19-19,10g/plant/month (Half dose - reduced growth/dormancy),Medium,High,High,"Iron, Zinc",Full sun (6+ hrs),20-35°C,45-65%,High,Reduce watering for dormant types; cold-hardy bloomers continue flowering with regular care. Prune after flowering; let soil dry between waterings; overwatering reduces blooms.
Bougainvillea,Winter,Karnataka,1-2 times/week,0.5-1.5,NPK 19-19-19,10g/plant/month (Half dose - reduced growth/dormancy),Medium,High,High,"Iron, Zinc",Full sun (6+ hrs),19-34°C,45-65%,High,Reduce watering for dormant types; cold-hardy bloomers continue flowering with regular care. Prune after flowering; let soil dry between waterings; overwatering reduces blooms.
Bougainvillea,Winter,Maharashtra,1-2 times/week,0.5-1.5,NPK 19-19-19,10g/plant/month (Half dose - reduced growth/dormancy),Medium,High,High,"Iron, Zinc",Full sun (6+ hrs),21-36°C,40-60%,High,Reduce watering for dormant types; cold-hardy bloomers continue flowering with regular care. Prune after flowering; let soil dry between waterings; overwatering reduces blooms.
Bougainvillea,Winter,Kerala,1-2 times/week,0.5-1.5,NPK 19-19-19,10g/plant/month (Half dose - reduced growth/dormancy),Medium,High,High,"Iron, Zinc",Full sun (6+ hrs),19-34°C,55-75%,High,Reduce watering for dormant types; cold-hardy bloomers continue flowering with regular care. Prune after flowering; let soil dry between waterings; overwatering reduces blooms.
Bougainvillea,Winter,Rajasthan,1-2 times/week,0.5-1.5,NPK 19-19-19,10g/plant/month (Half dose - reduced growth/dormancy),Medium,High,High,"Iron, Zinc",Full sun (6+ hrs),24-39°C,25-45%,High,Reduce watering for dormant types; cold-hardy bloomers continue flowering with regular care. Prune after flowering; let soil dry between waterings; overwatering reduces blooms.
Bougainvillea,Windy,Tamil Nadu,3 times/week,1.5-3,NPK 19-19-19,20g/plant/month (Full dose - same as normal growing schedule),Medium,High,High,"Iron, Zinc",Full sun (6+ hrs),20-35°C,45-65%,High,Stake tall stems and place in a sheltered spot to prevent stem breakage and bloom damage. Prune after flowering; let soil dry between waterings; overwatering reduces blooms.
Bougainvillea,Windy,Karnataka,3 times/week,1.5-3,NPK 19-19-19,20g/plant/month (Full dose - same as normal growing schedule),Medium,High,High,"Iron, Zinc",Full sun (6+ hrs),19-34°C,45-65%,High,Stake tall stems and place in a sheltered spot to prevent stem breakage and bloom damage. Prune after flowering; let soil dry between waterings; overwatering reduces blooms.
Bougainvillea,Windy,Maharashtra,3 times/week,1.5-3,NPK 19-19-19,20g/plant/month (Full dose - same as normal growing schedule),Medium,High,High,"Iron, Zinc",Full sun (6+ hrs),21-36°C,40-60%,High,Stake tall stems and place in a sheltered spot to prevent stem breakage and bloom damage. Prune after flowering; let soil dry between waterings; overwatering reduces blooms.
Bougainvillea,Windy,Kerala,3 times/week,1.5-3,NPK 19-19-19,20g/plant/month (Full dose - same as normal growing schedule),Medium,High,High,"Iron, Zinc",Full sun (6+ hrs),19-34°C,55-75%,High,Stake tall stems and place in a sheltered spot to prevent stem breakage and bloom damage. Prune after flowering; let soil dry between waterings; overwatering reduces blooms.
Bougainvillea,Windy,Rajasthan,3 times/week,1.5-3,NPK 19-19-19,20g/plant/month (Full dose - same as normal growing schedule),Medium,High,High,"Iron, Zinc",Full sun (6+ hrs),24-39°C,25-45%,High,Stake tall stems and place in a sheltered spot to prevent stem breakage and bloom damage. Prune after flowering; let soil dry between waterings; overwatering reduces blooms.
Oleander,Summer,Tamil Nadu,2-3 times/week,01-Mar,NPK 10-10-10,15g/plant/month (Full dose - active growth period),Medium,Medium,Medium,"Iron, Magnesium",Full sun,15-35°C,35-65%,High,Deadhead spent blooms to encourage continuous flowering; water in early morning. Toxic if ingested; prune to shape after flowering; drought tolerant once established.
Oleander,Summer,Karnataka,2-3 times/week,01-Mar,NPK 10-10-10,15g/plant/month (Full dose - active growth period),Medium,Medium,Medium,"Iron, Magnesium",Full sun,14-34°C,35-65%,High,Deadhead spent blooms to encourage continuous flowering; water in early morning. Toxic if ingested; prune to shape after flowering; drought tolerant once established.
Oleander,Summer,Andhra Pradesh,2-3 times/week,01-Mar,NPK 10-10-10,15g/plant/month (Full dose - active growth period),Medium,Medium,Medium,"Iron, Magnesium",Full sun,16-36°C,35-65%,High,Deadhead spent blooms to encourage continuous flowering; water in early morning. Toxic if ingested; prune to shape after flowering; drought tolerant once established.
Oleander,Summer,Maharashtra,2-3 times/week,01-Mar,NPK 10-10-10,15g/plant/month (Full dose - active growth period),Medium,Medium,Medium,"Iron, Magnesium",Full sun,16-36°C,30-60%,High,Deadhead spent blooms to encourage continuous flowering; water in early morning. Toxic if ingested; prune to shape after flowering; drought tolerant once established.
Oleander,Summer,Gujarat,2-3 times/week,01-Mar,NPK 10-10-10,15g/plant/month (Full dose - active growth period),Medium,Medium,Medium,"Iron, Magnesium",Full sun,17-37°C,20-50%,High,Deadhead spent blooms to encourage continuous flowering; water in early morning. Toxic if ingested; prune to shape after flowering; drought tolerant once established.
Oleander,Autumn,Tamil Nadu,2 times/week,01-Feb,NPK 10-10-10,15g/plant/month (Full dose - transitional growing season),Medium,Medium,Medium,"Iron, Magnesium",Full sun,15-35°C,35-65%,High,Good blooming/growing season for many varieties; maintain regular watering. Toxic if ingested; prune to shape after flowering; drought tolerant once established.
Oleander,Autumn,Karnataka,2 times/week,01-Feb,NPK 10-10-10,15g/plant/month (Full dose - transitional growing season),Medium,Medium,Medium,"Iron, Magnesium",Full sun,14-34°C,35-65%,High,Good blooming/growing season for many varieties; maintain regular watering. Toxic if ingested; prune to shape after flowering; drought tolerant once established.
Oleander,Autumn,Andhra Pradesh,2 times/week,01-Feb,NPK 10-10-10,15g/plant/month (Full dose - transitional growing season),Medium,Medium,Medium,"Iron, Magnesium",Full sun,16-36°C,35-65%,High,Good blooming/growing season for many varieties; maintain regular watering. Toxic if ingested; prune to shape after flowering; drought tolerant once established.
Oleander,Autumn,Maharashtra,2 times/week,01-Feb,NPK 10-10-10,15g/plant/month (Full dose - transitional growing season),Medium,Medium,Medium,"Iron, Magnesium",Full sun,16-36°C,30-60%,High,Good blooming/growing season for many varieties; maintain regular watering. Toxic if ingested; prune to shape after flowering; drought tolerant once established.
Oleander,Autumn,Gujarat,2 times/week,01-Feb,NPK 10-10-10,15g/plant/month (Full dose - transitional growing season),Medium,Medium,Medium,"Iron, Magnesium",Full sun,17-37°C,20-50%,High,Good blooming/growing season for many varieties; maintain regular watering. Toxic if ingested; prune to shape after flowering; drought tolerant once established.
Oleander,Monsoon,Tamil Nadu,"Reduce - rely on rainfall, ensure drainage",0.5-1,NPK 10-10-10,7.5g/plant/month (Half dose or skip - avoid fertilizing before/during heavy rain (nutrient leaching)),Medium,Medium,Medium,"Iron, Magnesium",Full sun,15-35°C,35-65%,High,Ensure excess water drains away; watch for fungal disease on flowers/foliage. Toxic if ingested; prune to shape after flowering; drought tolerant once established.
Oleander,Monsoon,Karnataka,"Reduce - rely on rainfall, ensure drainage",0.5-1,NPK 10-10-10,7.5g/plant/month (Half dose or skip - avoid fertilizing before/during heavy rain (nutrient leaching)),Medium,Medium,Medium,"Iron, Magnesium",Full sun,14-34°C,35-65%,High,Ensure excess water drains away; watch for fungal disease on flowers/foliage. Toxic if ingested; prune to shape after flowering; drought tolerant once established.
Oleander,Monsoon,Andhra Pradesh,"Reduce - rely on rainfall, ensure drainage",0.5-1,NPK 10-10-10,7.5g/plant/month (Half dose or skip - avoid fertilizing before/during heavy rain (nutrient leaching)),Medium,Medium,Medium,"Iron, Magnesium",Full sun,16-36°C,35-65%,High,Ensure excess water drains away; watch for fungal disease on flowers/foliage. Toxic if ingested; prune to shape after flowering; drought tolerant once established.
Oleander,Monsoon,Maharashtra,"Reduce - rely on rainfall, ensure drainage",0.5-1,NPK 10-10-10,7.5g/plant/month (Half dose or skip - avoid fertilizing before/during heavy rain (nutrient leaching)),Medium,Medium,Medium,"Iron, Magnesium",Full sun,16-36°C,30-60%,High,Ensure excess water drains away; watch for fungal disease on flowers/foliage. Toxic if ingested; prune to shape after flowering; drought tolerant once established.
Oleander,Monsoon,Gujarat,"Reduce - rely on rainfall, ensure drainage",0.5-1,NPK 10-10-10,7.5g/plant/month (Half dose or skip - avoid fertilizing before/during heavy rain (nutrient leaching)),Medium,Medium,Medium,"Iron, Magnesium",Full sun,17-37°C,20-50%,High,Ensure excess water drains away; watch for fungal disease on flowers/foliage. Toxic if ingested; prune to shape after flowering; drought tolerant once established.
Oleander,Winter,Tamil Nadu,1-2 times/week,0.5-1.5,NPK 10-10-10,7.5g/plant/month (Half dose - reduced growth/dormancy),Medium,Medium,Medium,"Iron, Magnesium",Full sun,15-35°C,35-65%,High,Reduce watering for dormant types; cold-hardy bloomers continue flowering with regular care. Toxic if ingested; prune to shape after flowering; drought tolerant once established.
Oleander,Winter,Karnataka,1-2 times/week,0.5-1.5,NPK 10-10-10,7.5g/plant/month (Half dose - reduced growth/dormancy),Medium,Medium,Medium,"Iron, Magnesium",Full sun,14-34°C,35-65%,High,Reduce watering for dormant types; cold-hardy bloomers continue flowering with regular care. Toxic if ingested; prune to shape after flowering; drought tolerant once established.
Oleander,Winter,Andhra Pradesh,1-2 times/week,0.5-1.5,NPK 10-10-10,7.5g/plant/month (Half dose - reduced growth/dormancy),Medium,Medium,Medium,"Iron, Magnesium",Full sun,16-36°C,35-65%,High,Reduce watering for dormant types; cold-hardy bloomers continue flowering with regular care. Toxic if ingested; prune to shape after flowering; drought tolerant once established.
Oleander,Winter,Maharashtra,1-2 times/week,0.5-1.5,NPK 10-10-10,7.5g/plant/month (Half dose - reduced growth/dormancy),Medium,Medium,Medium,"Iron, Magnesium",Full sun,16-36°C,30-60%,High,Reduce watering for dormant types; cold-hardy bloomers continue flowering with regular care. Toxic if ingested; prune to shape after flowering; drought tolerant once established.
Oleander,Winter,Gujarat,1-2 times/week,0.5-1.5,NPK 10-10-10,7.5g/plant/month (Half dose - reduced growth/dormancy),Medium,Medium,Medium,"Iron, Magnesium",Full sun,17-37°C,20-50%,High,Reduce watering for dormant types; cold-hardy bloomers continue flowering with regular care. Toxic if ingested; prune to shape after flowering; drought tolerant once established.
Oleander,Windy,Tamil Nadu,3 times/week,1.5-3,NPK 10-10-10,15g/plant/month (Full dose - same as normal growing schedule),Medium,Medium,Medium,"Iron, Magnesium",Full sun,15-35°C,35-65%,High,Stake tall stems and place in a sheltered spot to prevent stem breakage and bloom damage. Toxic if ingested; prune to shape after flowering; drought tolerant once established.
Oleander,Windy,Karnataka,3 times/week,1.5-3,NPK 10-10-10,15g/plant/month (Full dose - same as normal growing schedule),Medium,Medium,Medium,"Iron, Magnesium",Full sun,14-34°C,35-65%,High,Stake tall stems and place in a sheltered spot to prevent stem breakage and bloom damage. Toxic if ingested; prune to shape after flowering; drought tolerant once established.
Oleander,Windy,Andhra Pradesh,3 times/week,1.5-3,NPK 10-10-10,15g/plant/month (Full dose - same as normal growing schedule),Medium,Medium,Medium,"Iron, Magnesium",Full sun,16-36°C,35-65%,High,Stake tall stems and place in a sheltered spot to prevent stem breakage and bloom damage. Toxic if ingested; prune to shape after flowering; drought tolerant once established.
Oleander,Windy,Maharashtra,3 times/week,1.5-3,NPK 10-10-10,15g/plant/month (Full dose - same as normal growing schedule),Medium,Medium,Medium,"Iron, Magnesium",Full sun,16-36°C,30-60%,High,Stake tall stems and place in a sheltered spot to prevent stem breakage and bloom damage. Toxic if ingested; prune to shape after flowering; drought tolerant once established.
Oleander,Windy,Gujarat,3 times/week,1.5-3,NPK 10-10-10,15g/plant/month (Full dose - same as normal growing schedule),Medium,Medium,Medium,"Iron, Magnesium",Full sun,17-37°C,20-50%,High,Stake tall stems and place in a sheltered spot to prevent stem breakage and bloom damage. Toxic if ingested; prune to shape after flowering; drought tolerant once established.
Ashoka Tree,Summer,Tamil Nadu,2-3 times/week,05-Oct,Organic compost/NPK 15-15-15,50g/plant/month (Full dose - active growth period),Medium,Medium,Medium,"Iron, Zinc",Full sun to partial shade,20-35°C,55-75%,Medium,"Deep, infrequent watering encourages strong root growth; mulch around base. Deep water young trees; mulch base; minimal pruning needed."
Ashoka Tree,Summer,Karnataka,2-3 times/week,05-Oct,Organic compost/NPK 15-15-15,50g/plant/month (Full dose - active growth period),Medium,Medium,Medium,"Iron, Zinc",Full sun to partial shade,19-34°C,55-75%,Medium,"Deep, infrequent watering encourages strong root growth; mulch around base. Deep water young trees; mulch base; minimal pruning needed."
Ashoka Tree,Summer,Kerala,2-3 times/week,05-Oct,Organic compost/NPK 15-15-15,50g/plant/month (Full dose - active growth period),Medium,Medium,Medium,"Iron, Zinc",Full sun to partial shade,19-34°C,65-85%,Medium,"Deep, infrequent watering encourages strong root growth; mulch around base. Deep water young trees; mulch base; minimal pruning needed."
Ashoka Tree,Summer,West Bengal,2-3 times/week,05-Oct,Organic compost/NPK 15-15-15,50g/plant/month (Full dose - active growth period),Medium,Medium,Medium,"Iron, Zinc",Full sun to partial shade,20-35°C,60-80%,Medium,"Deep, infrequent watering encourages strong root growth; mulch around base. Deep water young trees; mulch base; minimal pruning needed."
Ashoka Tree,Summer,Maharashtra,2-3 times/week,05-Oct,Organic compost/NPK 15-15-15,50g/plant/month (Full dose - active growth period),Medium,Medium,Medium,"Iron, Zinc",Full sun to partial shade,21-36°C,50-70%,Medium,"Deep, infrequent watering encourages strong root growth; mulch around base. Deep water young trees; mulch base; minimal pruning needed."
Ashoka Tree,Autumn,Tamil Nadu,1-2 times/week,03-Jul,Organic compost/NPK 15-15-15,50g/plant/month (Full dose - transitional growing season),Medium,Medium,Medium,"Iron, Zinc",Full sun to partial shade,20-35°C,55-75%,Medium,Reduce watering gradually as growth slows; good season for planting/transplanting. Deep water young trees; mulch base; minimal pruning needed.
Ashoka Tree,Autumn,Karnataka,1-2 times/week,03-Jul,Organic compost/NPK 15-15-15,50g/plant/month (Full dose - transitional growing season),Medium,Medium,Medium,"Iron, Zinc",Full sun to partial shade,19-34°C,55-75%,Medium,Reduce watering gradually as growth slows; good season for planting/transplanting. Deep water young trees; mulch base; minimal pruning needed.
Ashoka Tree,Autumn,Kerala,1-2 times/week,03-Jul,Organic compost/NPK 15-15-15,50g/plant/month (Full dose - transitional growing season),Medium,Medium,Medium,"Iron, Zinc",Full sun to partial shade,19-34°C,65-85%,Medium,Reduce watering gradually as growth slows; good season for planting/transplanting. Deep water young trees; mulch base; minimal pruning needed.
Ashoka Tree,Autumn,West Bengal,1-2 times/week,03-Jul,Organic compost/NPK 15-15-15,50g/plant/month (Full dose - transitional growing season),Medium,Medium,Medium,"Iron, Zinc",Full sun to partial shade,20-35°C,60-80%,Medium,Reduce watering gradually as growth slows; good season for planting/transplanting. Deep water young trees; mulch base; minimal pruning needed.
Ashoka Tree,Autumn,Maharashtra,1-2 times/week,03-Jul,Organic compost/NPK 15-15-15,50g/plant/month (Full dose - transitional growing season),Medium,Medium,Medium,"Iron, Zinc",Full sun to partial shade,21-36°C,50-70%,Medium,Reduce watering gradually as growth slows; good season for planting/transplanting. Deep water young trees; mulch base; minimal pruning needed.
Ashoka Tree,Monsoon,Tamil Nadu,Minimal - rainfall usually sufficient,0-2,Organic compost/NPK 15-15-15,25g/plant/month (Half dose or skip - avoid fertilizing before/during heavy rain (nutrient leaching)),Medium,Medium,Medium,"Iron, Zinc",Full sun to partial shade,20-35°C,55-75%,Medium,Ensure soil drains well to prevent waterlogging around roots; avoid fertilizing. Deep water young trees; mulch base; minimal pruning needed.
Ashoka Tree,Monsoon,Karnataka,Minimal - rainfall usually sufficient,0-2,Organic compost/NPK 15-15-15,25g/plant/month (Half dose or skip - avoid fertilizing before/during heavy rain (nutrient leaching)),Medium,Medium,Medium,"Iron, Zinc",Full sun to partial shade,19-34°C,55-75%,Medium,Ensure soil drains well to prevent waterlogging around roots; avoid fertilizing. Deep water young trees; mulch base; minimal pruning needed.
Ashoka Tree,Monsoon,Kerala,Minimal - rainfall usually sufficient,0-2,Organic compost/NPK 15-15-15,25g/plant/month (Half dose or skip - avoid fertilizing before/during heavy rain (nutrient leaching)),Medium,Medium,Medium,"Iron, Zinc",Full sun to partial shade,19-34°C,65-85%,Medium,Ensure soil drains well to prevent waterlogging around roots; avoid fertilizing. Deep water young trees; mulch base; minimal pruning needed.
Ashoka Tree,Monsoon,West Bengal,Minimal - rainfall usually sufficient,0-2,Organic compost/NPK 15-15-15,25g/plant/month (Half dose or skip - avoid fertilizing before/during heavy rain (nutrient leaching)),Medium,Medium,Medium,"Iron, Zinc",Full sun to partial shade,20-35°C,60-80%,Medium,Ensure soil drains well to prevent waterlogging around roots; avoid fertilizing. Deep water young trees; mulch base; minimal pruning needed.
Ashoka Tree,Monsoon,Maharashtra,Minimal - rainfall usually sufficient,0-2,Organic compost/NPK 15-15-15,25g/plant/month (Half dose or skip - avoid fertilizing before/during heavy rain (nutrient leaching)),Medium,Medium,Medium,"Iron, Zinc",Full sun to partial shade,21-36°C,50-70%,Medium,Ensure soil drains well to prevent waterlogging around roots; avoid fertilizing. Deep water young trees; mulch base; minimal pruning needed.
Ashoka Tree,Winter,Tamil Nadu,1 time/week,02-May,Organic compost/NPK 15-15-15,25g/plant/month (Half dose - reduced growth/dormancy),Medium,Medium,Medium,"Iron, Zinc",Full sun to partial shade,20-35°C,55-75%,Medium,Water sparingly; protect young trees from cold with mulch or wrapping if frost-prone. Deep water young trees; mulch base; minimal pruning needed.
Ashoka Tree,Winter,Karnataka,1 time/week,02-May,Organic compost/NPK 15-15-15,25g/plant/month (Half dose - reduced growth/dormancy),Medium,Medium,Medium,"Iron, Zinc",Full sun to partial shade,19-34°C,55-75%,Medium,Water sparingly; protect young trees from cold with mulch or wrapping if frost-prone. Deep water young trees; mulch base; minimal pruning needed.
Ashoka Tree,Winter,Kerala,1 time/week,02-May,Organic compost/NPK 15-15-15,25g/plant/month (Half dose - reduced growth/dormancy),Medium,Medium,Medium,"Iron, Zinc",Full sun to partial shade,19-34°C,65-85%,Medium,Water sparingly; protect young trees from cold with mulch or wrapping if frost-prone. Deep water young trees; mulch base; minimal pruning needed.
Ashoka Tree,Winter,West Bengal,1 time/week,02-May,Organic compost/NPK 15-15-15,25g/plant/month (Half dose - reduced growth/dormancy),Medium,Medium,Medium,"Iron, Zinc",Full sun to partial shade,20-35°C,60-80%,Medium,Water sparingly; protect young trees from cold with mulch or wrapping if frost-prone. Deep water young trees; mulch base; minimal pruning needed.
Ashoka Tree,Winter,Maharashtra,1 time/week,02-May,Organic compost/NPK 15-15-15,25g/plant/month (Half dose - reduced growth/dormancy),Medium,Medium,Medium,"Iron, Zinc",Full sun to partial shade,21-36°C,50-70%,Medium,Water sparingly; protect young trees from cold with mulch or wrapping if frost-prone. Deep water young trees; mulch base; minimal pruning needed.
Ashoka Tree,Windy,Tamil Nadu,2 times/week,05-Aug,Organic compost/NPK 15-15-15,50g/plant/month (Full dose - same as normal growing schedule),Medium,Medium,Medium,"Iron, Zinc",Full sun to partial shade,20-35°C,55-75%,Medium,Stake young trees firmly; established trees are generally wind tolerant. Deep water young trees; mulch base; minimal pruning needed.
Ashoka Tree,Windy,Karnataka,2 times/week,05-Aug,Organic compost/NPK 15-15-15,50g/plant/month (Full dose - same as normal growing schedule),Medium,Medium,Medium,"Iron, Zinc",Full sun to partial shade,19-34°C,55-75%,Medium,Stake young trees firmly; established trees are generally wind tolerant. Deep water young trees; mulch base; minimal pruning needed.
Ashoka Tree,Windy,Kerala,2 times/week,05-Aug,Organic compost/NPK 15-15-15,50g/plant/month (Full dose - same as normal growing schedule),Medium,Medium,Medium,"Iron, Zinc",Full sun to partial shade,19-34°C,65-85%,Medium,Stake young trees firmly; established trees are generally wind tolerant. Deep water young trees; mulch base; minimal pruning needed.
Ashoka Tree,Windy,West Bengal,2 times/week,05-Aug,Organic compost/NPK 15-15-15,50g/plant/month (Full dose - same as normal growing schedule),Medium,Medium,Medium,"Iron, Zinc",Full sun to partial shade,20-35°C,60-80%,Medium,Stake young trees firmly; established trees are generally wind tolerant. Deep water young trees; mulch base; minimal pruning needed.
Ashoka Tree,Windy,Maharashtra,2 times/week,05-Aug,Organic compost/NPK 15-15-15,50g/plant/month (Full dose - same as normal growing schedule),Medium,Medium,Medium,"Iron, Zinc",Full sun to partial shade,21-36°C,50-70%,Medium,Stake young trees firmly; established trees are generally wind tolerant. Deep water young trees; mulch base; minimal pruning needed.
Bottle Palm,Summer,Delhi,2-3 times/week,05-Oct,Palm special fertilizer,30g/plant/month (Full dose - active growth period),Medium,Medium,High,"Magnesium, Manganese, Iron",Full sun,23-38°C,40-60%,High,"Deep, infrequent watering encourages strong root growth; mulch around base. Slow growing; avoid waterlogging; remove dead fronds."
Bottle Palm,Summer,Maharashtra,2-3 times/week,05-Oct,Palm special fertilizer,30g/plant/month (Full dose - active growth period),Medium,Medium,High,"Magnesium, Manganese, Iron",Full sun,21-36°C,50-70%,High,"Deep, infrequent watering encourages strong root growth; mulch around base. Slow growing; avoid waterlogging; remove dead fronds."
Bottle Palm,Summer,Karnataka,2-3 times/week,05-Oct,Palm special fertilizer,30g/plant/month (Full dose - active growth period),Medium,Medium,High,"Magnesium, Manganese, Iron",Full sun,19-34°C,55-75%,High,"Deep, infrequent watering encourages strong root growth; mulch around base. Slow growing; avoid waterlogging; remove dead fronds."
Bottle Palm,Summer,West Bengal,2-3 times/week,05-Oct,Palm special fertilizer,30g/plant/month (Full dose - active growth period),Medium,Medium,High,"Magnesium, Manganese, Iron",Full sun,20-35°C,60-80%,High,"Deep, infrequent watering encourages strong root growth; mulch around base. Slow growing; avoid waterlogging; remove dead fronds."
Bottle Palm,Summer,Tamil Nadu,2-3 times/week,05-Oct,Palm special fertilizer,30g/plant/month (Full dose - active growth period),Medium,Medium,High,"Magnesium, Manganese, Iron",Full sun,20-35°C,55-75%,High,"Deep, infrequent watering encourages strong root growth; mulch around base. Slow growing; avoid waterlogging; remove dead fronds."
Bottle Palm,Autumn,Delhi,1-2 times/week,03-Jul,Palm special fertilizer,30g/plant/month (Full dose - transitional growing season),Medium,Medium,High,"Magnesium, Manganese, Iron",Full sun,23-38°C,40-60%,High,Reduce watering gradually as growth slows; good season for planting/transplanting. Slow growing; avoid waterlogging; remove dead fronds.
Bottle Palm,Autumn,Maharashtra,1-2 times/week,03-Jul,Palm special fertilizer,30g/plant/month (Full dose - transitional growing season),Medium,Medium,High,"Magnesium, Manganese, Iron",Full sun,21-36°C,50-70%,High,Reduce watering gradually as growth slows; good season for planting/transplanting. Slow growing; avoid waterlogging; remove dead fronds.
Bottle Palm,Autumn,Karnataka,1-2 times/week,03-Jul,Palm special fertilizer,30g/plant/month (Full dose - transitional growing season),Medium,Medium,High,"Magnesium, Manganese, Iron",Full sun,19-34°C,55-75%,High,Reduce watering gradually as growth slows; good season for planting/transplanting. Slow growing; avoid waterlogging; remove dead fronds.
Bottle Palm,Autumn,West Bengal,1-2 times/week,03-Jul,Palm special fertilizer,30g/plant/month (Full dose - transitional growing season),Medium,Medium,High,"Magnesium, Manganese, Iron",Full sun,20-35°C,60-80%,High,Reduce watering gradually as growth slows; good season for planting/transplanting. Slow growing; avoid waterlogging; remove dead fronds.
Bottle Palm,Autumn,Tamil Nadu,1-2 times/week,03-Jul,Palm special fertilizer,30g/plant/month (Full dose - transitional growing season),Medium,Medium,High,"Magnesium, Manganese, Iron",Full sun,20-35°C,55-75%,High,Reduce watering gradually as growth slows; good season for planting/transplanting. Slow growing; avoid waterlogging; remove dead fronds.
Bottle Palm,Monsoon,Delhi,Minimal - rainfall usually sufficient,0-2,Palm special fertilizer,15g/plant/month (Half dose or skip - avoid fertilizing before/during heavy rain (nutrient leaching)),Medium,Medium,High,"Magnesium, Manganese, Iron",Full sun,23-38°C,40-60%,High,Ensure soil drains well to prevent waterlogging around roots; avoid fertilizing. Slow growing; avoid waterlogging; remove dead fronds.
Bottle Palm,Monsoon,Maharashtra,Minimal - rainfall usually sufficient,0-2,Palm special fertilizer,15g/plant/month (Half dose or skip - avoid fertilizing before/during heavy rain (nutrient leaching)),Medium,Medium,High,"Magnesium, Manganese, Iron",Full sun,21-36°C,50-70%,High,Ensure soil drains well to prevent waterlogging around roots; avoid fertilizing. Slow growing; avoid waterlogging; remove dead fronds.
Bottle Palm,Monsoon,Karnataka,Minimal - rainfall usually sufficient,0-2,Palm special fertilizer,15g/plant/month (Half dose or skip - avoid fertilizing before/during heavy rain (nutrient leaching)),Medium,Medium,High,"Magnesium, Manganese, Iron",Full sun,19-34°C,55-75%,High,Ensure soil drains well to prevent waterlogging around roots; avoid fertilizing. Slow growing; avoid waterlogging; remove dead fronds.
Bottle Palm,Monsoon,West Bengal,Minimal - rainfall usually sufficient,0-2,Palm special fertilizer,15g/plant/month (Half dose or skip - avoid fertilizing before/during heavy rain (nutrient leaching)),Medium,Medium,High,"Magnesium, Manganese, Iron",Full sun,20-35°C,60-80%,High,Ensure soil drains well to prevent waterlogging around roots; avoid fertilizing. Slow growing; avoid waterlogging; remove dead fronds.
Bottle Palm,Monsoon,Tamil Nadu,Minimal - rainfall usually sufficient,0-2,Palm special fertilizer,15g/plant/month (Half dose or skip - avoid fertilizing before/during heavy rain (nutrient leaching)),Medium,Medium,High,"Magnesium, Manganese, Iron",Full sun,20-35°C,55-75%,High,Ensure soil drains well to prevent waterlogging around roots; avoid fertilizing. Slow growing; avoid waterlogging; remove dead fronds.
Bottle Palm,Winter,Delhi,1 time/week,02-May,Palm special fertilizer,15g/plant/month (Half dose - reduced growth/dormancy),Medium,Medium,High,"Magnesium, Manganese, Iron",Full sun,23-38°C,40-60%,High,Water sparingly; protect young trees from cold with mulch or wrapping if frost-prone. Slow growing; avoid waterlogging; remove dead fronds.
Bottle Palm,Winter,Maharashtra,1 time/week,02-May,Palm special fertilizer,15g/plant/month (Half dose - reduced growth/dormancy),Medium,Medium,High,"Magnesium, Manganese, Iron",Full sun,21-36°C,50-70%,High,Water sparingly; protect young trees from cold with mulch or wrapping if frost-prone. Slow growing; avoid waterlogging; remove dead fronds.
Bottle Palm,Winter,Karnataka,1 time/week,02-May,Palm special fertilizer,15g/plant/month (Half dose - reduced growth/dormancy),Medium,Medium,High,"Magnesium, Manganese, Iron",Full sun,19-34°C,55-75%,High,Water sparingly; protect young trees from cold with mulch or wrapping if frost-prone. Slow growing; avoid waterlogging; remove dead fronds.
Bottle Palm,Winter,West Bengal,1 time/week,02-May,Palm special fertilizer,15g/plant/month (Half dose - reduced growth/dormancy),Medium,Medium,High,"Magnesium, Manganese, Iron",Full sun,20-35°C,60-80%,High,Water sparingly; protect young trees from cold with mulch or wrapping if frost-prone. Slow growing; avoid waterlogging; remove dead fronds.
Bottle Palm,Winter,Tamil Nadu,1 time/week,02-May,Palm special fertilizer,15g/plant/month (Half dose - reduced growth/dormancy),Medium,Medium,High,"Magnesium, Manganese, Iron",Full sun,20-35°C,55-75%,High,Water sparingly; protect young trees from cold with mulch or wrapping if frost-prone. Slow growing; avoid waterlogging; remove dead fronds.
Bottle Palm,Windy,Delhi,2 times/week,05-Aug,Palm special fertilizer,30g/plant/month (Full dose - same as normal growing schedule),Medium,Medium,High,"Magnesium, Manganese, Iron",Full sun,23-38°C,40-60%,High,Stake young trees firmly; established trees are generally wind tolerant. Slow growing; avoid waterlogging; remove dead fronds.
Bottle Palm,Windy,Maharashtra,2 times/week,05-Aug,Palm special fertilizer,30g/plant/month (Full dose - same as normal growing schedule),Medium,Medium,High,"Magnesium, Manganese, Iron",Full sun,21-36°C,50-70%,High,Stake young trees firmly; established trees are generally wind tolerant. Slow growing; avoid waterlogging; remove dead fronds.
Bottle Palm,Windy,Karnataka,2 times/week,05-Aug,Palm special fertilizer,30g/plant/month (Full dose - same as normal growing schedule),Medium,Medium,High,"Magnesium, Manganese, Iron",Full sun,19-34°C,55-75%,High,Stake young trees firmly; established trees are generally wind tolerant. Slow growing; avoid waterlogging; remove dead fronds.
Bottle Palm,Windy,West Bengal,2 times/week,05-Aug,Palm special fertilizer,30g/plant/month (Full dose - same as normal growing schedule),Medium,Medium,High,"Magnesium, Manganese, Iron",Full sun,20-35°C,60-80%,High,Stake young trees firmly; established trees are generally wind tolerant. Slow growing; avoid waterlogging; remove dead fronds.
Bottle Palm,Windy,Tamil Nadu,2 times/week,05-Aug,Palm special fertilizer,30g/plant/month (Full dose - same as normal growing schedule),Medium,Medium,High,"Magnesium, Manganese, Iron",Full sun,20-35°C,55-75%,High,Stake young trees firmly; established trees are generally wind tolerant. Slow growing; avoid waterlogging; remove dead fronds.
Gulmohar,Summer,Tamil Nadu,2-3 times/week,05-Oct,NPK 12-12-12,40g/plant/month (Full dose - active growth period),Medium,Medium,Medium,"Iron, Zinc",Full sun,20-38°C,45-65%,High,"Deep, infrequent watering encourages strong root growth; mulch around base. Fast growing shade tree; prune in dry season; drought tolerant once mature."
Gulmohar,Summer,Karnataka,2-3 times/week,05-Oct,NPK 12-12-12,40g/plant/month (Full dose - active growth period),Medium,Medium,Medium,"Iron, Zinc",Full sun,19-37°C,45-65%,High,"Deep, infrequent watering encourages strong root growth; mulch around base. Fast growing shade tree; prune in dry season; drought tolerant once mature."
Gulmohar,Summer,Kerala,2-3 times/week,05-Oct,NPK 12-12-12,40g/plant/month (Full dose - active growth period),Medium,Medium,Medium,"Iron, Zinc",Full sun,19-37°C,55-75%,High,"Deep, infrequent watering encourages strong root growth; mulch around base. Fast growing shade tree; prune in dry season; drought tolerant once mature."
Gulmohar,Summer,Maharashtra,2-3 times/week,05-Oct,NPK 12-12-12,40g/plant/month (Full dose - active growth period),Medium,Medium,Medium,"Iron, Zinc",Full sun,21-39°C,40-60%,High,"Deep, infrequent watering encourages strong root growth; mulch around base. Fast growing shade tree; prune in dry season; drought tolerant once mature."
Gulmohar,Summer,Andhra Pradesh,2-3 times/week,05-Oct,NPK 12-12-12,40g/plant/month (Full dose - active growth period),Medium,Medium,Medium,"Iron, Zinc",Full sun,21-39°C,45-65%,High,"Deep, infrequent watering encourages strong root growth; mulch around base. Fast growing shade tree; prune in dry season; drought tolerant once mature."
Gulmohar,Autumn,Tamil Nadu,1-2 times/week,03-Jul,NPK 12-12-12,40g/plant/month (Full dose - transitional growing season),Medium,Medium,Medium,"Iron, Zinc",Full sun,20-38°C,45-65%,High,Reduce watering gradually as growth slows; good season for planting/transplanting. Fast growing shade tree; prune in dry season; drought tolerant once mature.
Gulmohar,Autumn,Karnataka,1-2 times/week,03-Jul,NPK 12-12-12,40g/plant/month (Full dose - transitional growing season),Medium,Medium,Medium,"Iron, Zinc",Full sun,19-37°C,45-65%,High,Reduce watering gradually as growth slows; good season for planting/transplanting. Fast growing shade tree; prune in dry season; drought tolerant once mature.
Gulmohar,Autumn,Kerala,1-2 times/week,03-Jul,NPK 12-12-12,40g/plant/month (Full dose - transitional growing season),Medium,Medium,Medium,"Iron, Zinc",Full sun,19-37°C,55-75%,High,Reduce watering gradually as growth slows; good season for planting/transplanting. Fast growing shade tree; prune in dry season; drought tolerant once mature.
Gulmohar,Autumn,Maharashtra,1-2 times/week,03-Jul,NPK 12-12-12,40g/plant/month (Full dose - transitional growing season),Medium,Medium,Medium,"Iron, Zinc",Full sun,21-39°C,40-60%,High,Reduce watering gradually as growth slows; good season for planting/transplanting. Fast growing shade tree; prune in dry season; drought tolerant once mature.
Gulmohar,Autumn,Andhra Pradesh,1-2 times/week,03-Jul,NPK 12-12-12,40g/plant/month (Full dose - transitional growing season),Medium,Medium,Medium,"Iron, Zinc",Full sun,21-39°C,45-65%,High,Reduce watering gradually as growth slows; good season for planting/transplanting. Fast growing shade tree; prune in dry season; drought tolerant once mature.
Gulmohar,Monsoon,Tamil Nadu,Minimal - rainfall usually sufficient,0-2,NPK 12-12-12,20g/plant/month (Half dose or skip - avoid fertilizing before/during heavy rain (nutrient leaching)),Medium,Medium,Medium,"Iron, Zinc",Full sun,20-38°C,45-65%,High,Ensure soil drains well to prevent waterlogging around roots; avoid fertilizing. Fast growing shade tree; prune in dry season; drought tolerant once mature.
Gulmohar,Monsoon,Karnataka,Minimal - rainfall usually sufficient,0-2,NPK 12-12-12,20g/plant/month (Half dose or skip - avoid fertilizing before/during heavy rain (nutrient leaching)),Medium,Medium,Medium,"Iron, Zinc",Full sun,19-37°C,45-65%,High,Ensure soil drains well to prevent waterlogging around roots; avoid fertilizing. Fast growing shade tree; prune in dry season; drought tolerant once mature.
Gulmohar,Monsoon,Kerala,Minimal - rainfall usually sufficient,0-2,NPK 12-12-12,20g/plant/month (Half dose or skip - avoid fertilizing before/during heavy rain (nutrient leaching)),Medium,Medium,Medium,"Iron, Zinc",Full sun,19-37°C,55-75%,High,Ensure soil drains well to prevent waterlogging around roots; avoid fertilizing. Fast growing shade tree; prune in dry season; drought tolerant once mature.
Gulmohar,Monsoon,Maharashtra,Minimal - rainfall usually sufficient,0-2,NPK 12-12-12,20g/plant/month (Half dose or skip - avoid fertilizing before/during heavy rain (nutrient leaching)),Medium,Medium,Medium,"Iron, Zinc",Full sun,21-39°C,40-60%,High,Ensure soil drains well to prevent waterlogging around roots; avoid fertilizing. Fast growing shade tree; prune in dry season; drought tolerant once mature.
Gulmohar,Monsoon,Andhra Pradesh,Minimal - rainfall usually sufficient,0-2,NPK 12-12-12,20g/plant/month (Half dose or skip - avoid fertilizing before/during heavy rain (nutrient leaching)),Medium,Medium,Medium,"Iron, Zinc",Full sun,21-39°C,45-65%,High,Ensure soil drains well to prevent waterlogging around roots; avoid fertilizing. Fast growing shade tree; prune in dry season; drought tolerant once mature.
Gulmohar,Winter,Tamil Nadu,1 time/week,02-May,NPK 12-12-12,20g/plant/month (Half dose - reduced growth/dormancy),Medium,Medium,Medium,"Iron, Zinc",Full sun,20-38°C,45-65%,High,Water sparingly; protect young trees from cold with mulch or wrapping if frost-prone. Fast growing shade tree; prune in dry season; drought tolerant once mature.
Gulmohar,Winter,Karnataka,1 time/week,02-May,NPK 12-12-12,20g/plant/month (Half dose - reduced growth/dormancy),Medium,Medium,Medium,"Iron, Zinc",Full sun,19-37°C,45-65%,High,Water sparingly; protect young trees from cold with mulch or wrapping if frost-prone. Fast growing shade tree; prune in dry season; drought tolerant once mature.
Gulmohar,Winter,Kerala,1 time/week,02-May,NPK 12-12-12,20g/plant/month (Half dose - reduced growth/dormancy),Medium,Medium,Medium,"Iron, Zinc",Full sun,19-37°C,55-75%,High,Water sparingly; protect young trees from cold with mulch or wrapping if frost-prone. Fast growing shade tree; prune in dry season; drought tolerant once mature.
Gulmohar,Winter,Maharashtra,1 time/week,02-May,NPK 12-12-12,20g/plant/month (Half dose - reduced growth/dormancy),Medium,Medium,Medium,"Iron, Zinc",Full sun,21-39°C,40-60%,High,Water sparingly; protect young trees from cold with mulch or wrapping if frost-prone. Fast growing shade tree; prune in dry season; drought tolerant once mature.
Gulmohar,Winter,Andhra Pradesh,1 time/week,02-May,NPK 12-12-12,20g/plant/month (Half dose - reduced growth/dormancy),Medium,Medium,Medium,"Iron, Zinc",Full sun,21-39°C,45-65%,High,Water sparingly; protect young trees from cold with mulch or wrapping if frost-prone. Fast growing shade tree; prune in dry season; drought tolerant once mature.
Gulmohar,Windy,Tamil Nadu,2 times/week,05-Aug,NPK 12-12-12,40g/plant/month (Full dose - same as normal growing schedule),Medium,Medium,Medium,"Iron, Zinc",Full sun,20-38°C,45-65%,High,Stake young trees firmly; established trees are generally wind tolerant. Fast growing shade tree; prune in dry season; drought tolerant once mature.
Gulmohar,Windy,Karnataka,2 times/week,05-Aug,NPK 12-12-12,40g/plant/month (Full dose - same as normal growing schedule),Medium,Medium,Medium,"Iron, Zinc",Full sun,19-37°C,45-65%,High,Stake young trees firmly; established trees are generally wind tolerant. Fast growing shade tree; prune in dry season; drought tolerant once mature.
Gulmohar,Windy,Kerala,2 times/week,05-Aug,NPK 12-12-12,40g/plant/month (Full dose - same as normal growing schedule),Medium,Medium,Medium,"Iron, Zinc",Full sun,19-37°C,55-75%,High,Stake young trees firmly; established trees are generally wind tolerant. Fast growing shade tree; prune in dry season; drought tolerant once mature.
Gulmohar,Windy,Maharashtra,2 times/week,05-Aug,NPK 12-12-12,40g/plant/month (Full dose - same as normal growing schedule),Medium,Medium,Medium,"Iron, Zinc",Full sun,21-39°C,40-60%,High,Stake young trees firmly; established trees are generally wind tolerant. Fast growing shade tree; prune in dry season; drought tolerant once mature.
Gulmohar,Windy,Andhra Pradesh,2 times/week,05-Aug,NPK 12-12-12,40g/plant/month (Full dose - same as normal growing schedule),Medium,Medium,Medium,"Iron, Zinc",Full sun,21-39°C,45-65%,High,Stake young trees firmly; established trees are generally wind tolerant. Fast growing shade tree; prune in dry season; drought tolerant once mature.
Mexican Sunflower,Summer,Tamil Nadu,2-3 times/week,01-Mar,NPK 10-10-10,10g/plant/month (Full dose - active growth period),Medium,Medium,High,Boron,Full sun,20-32°C,45-65%,Medium,Deadhead spent blooms to encourage continuous flowering; water in early morning. Deadhead spent blooms to encourage flowering; self-seeds readily.
Mexican Sunflower,Summer,Karnataka,2-3 times/week,01-Mar,NPK 10-10-10,10g/plant/month (Full dose - active growth period),Medium,Medium,High,Boron,Full sun,19-31°C,45-65%,Medium,Deadhead spent blooms to encourage continuous flowering; water in early morning. Deadhead spent blooms to encourage flowering; self-seeds readily.
Mexican Sunflower,Summer,Kerala,2-3 times/week,01-Mar,NPK 10-10-10,10g/plant/month (Full dose - active growth period),Medium,Medium,High,Boron,Full sun,19-31°C,55-75%,Medium,Deadhead spent blooms to encourage continuous flowering; water in early morning. Deadhead spent blooms to encourage flowering; self-seeds readily.
Mexican Sunflower,Summer,Maharashtra,2-3 times/week,01-Mar,NPK 10-10-10,10g/plant/month (Full dose - active growth period),Medium,Medium,High,Boron,Full sun,21-33°C,40-60%,Medium,Deadhead spent blooms to encourage continuous flowering; water in early morning. Deadhead spent blooms to encourage flowering; self-seeds readily.
Mexican Sunflower,Summer,West Bengal,2-3 times/week,01-Mar,NPK 10-10-10,10g/plant/month (Full dose - active growth period),Medium,Medium,High,Boron,Full sun,20-32°C,50-70%,Medium,Deadhead spent blooms to encourage continuous flowering; water in early morning. Deadhead spent blooms to encourage flowering; self-seeds readily.
Mexican Sunflower,Autumn,Tamil Nadu,2 times/week,01-Feb,NPK 10-10-10,10g/plant/month (Full dose - transitional growing season),Medium,Medium,High,Boron,Full sun,20-32°C,45-65%,Medium,Good blooming/growing season for many varieties; maintain regular watering. Deadhead spent blooms to encourage flowering; self-seeds readily.
Mexican Sunflower,Autumn,Karnataka,2 times/week,01-Feb,NPK 10-10-10,10g/plant/month (Full dose - transitional growing season),Medium,Medium,High,Boron,Full sun,19-31°C,45-65%,Medium,Good blooming/growing season for many varieties; maintain regular watering. Deadhead spent blooms to encourage flowering; self-seeds readily.
Mexican Sunflower,Autumn,Kerala,2 times/week,01-Feb,NPK 10-10-10,10g/plant/month (Full dose - transitional growing season),Medium,Medium,High,Boron,Full sun,19-31°C,55-75%,Medium,Good blooming/growing season for many varieties; maintain regular watering. Deadhead spent blooms to encourage flowering; self-seeds readily.
Mexican Sunflower,Autumn,Maharashtra,2 times/week,01-Feb,NPK 10-10-10,10g/plant/month (Full dose - transitional growing season),Medium,Medium,High,Boron,Full sun,21-33°C,40-60%,Medium,Good blooming/growing season for many varieties; maintain regular watering. Deadhead spent blooms to encourage flowering; self-seeds readily.
Mexican Sunflower,Autumn,West Bengal,2 times/week,01-Feb,NPK 10-10-10,10g/plant/month (Full dose - transitional growing season),Medium,Medium,High,Boron,Full sun,20-32°C,50-70%,Medium,Good blooming/growing season for many varieties; maintain regular watering. Deadhead spent blooms to encourage flowering; self-seeds readily.
Mexican Sunflower,Monsoon,Tamil Nadu,"Reduce - rely on rainfall, ensure drainage",0.5-1,NPK 10-10-10,5g/plant/month (Half dose or skip - avoid fertilizing before/during heavy rain (nutrient leaching)),Medium,Medium,High,Boron,Full sun,20-32°C,45-65%,Medium,Ensure excess water drains away; watch for fungal disease on flowers/foliage. Deadhead spent blooms to encourage flowering; self-seeds readily.
Mexican Sunflower,Monsoon,Karnataka,"Reduce - rely on rainfall, ensure drainage",0.5-1,NPK 10-10-10,5g/plant/month (Half dose or skip - avoid fertilizing before/during heavy rain (nutrient leaching)),Medium,Medium,High,Boron,Full sun,19-31°C,45-65%,Medium,Ensure excess water drains away; watch for fungal disease on flowers/foliage. Deadhead spent blooms to encourage flowering; self-seeds readily.
Mexican Sunflower,Monsoon,Kerala,"Reduce - rely on rainfall, ensure drainage",0.5-1,NPK 10-10-10,5g/plant/month (Half dose or skip - avoid fertilizing before/during heavy rain (nutrient leaching)),Medium,Medium,High,Boron,Full sun,19-31°C,55-75%,Medium,Ensure excess water drains away; watch for fungal disease on flowers/foliage. Deadhead spent blooms to encourage flowering; self-seeds readily.
Mexican Sunflower,Monsoon,Maharashtra,"Reduce - rely on rainfall, ensure drainage",0.5-1,NPK 10-10-10,5g/plant/month (Half dose or skip - avoid fertilizing before/during heavy rain (nutrient leaching)),Medium,Medium,High,Boron,Full sun,21-33°C,40-60%,Medium,Ensure excess water drains away; watch for fungal disease on flowers/foliage. Deadhead spent blooms to encourage flowering; self-seeds readily.
Mexican Sunflower,Monsoon,West Bengal,"Reduce - rely on rainfall, ensure drainage",0.5-1,NPK 10-10-10,5g/plant/month (Half dose or skip - avoid fertilizing before/during heavy rain (nutrient leaching)),Medium,Medium,High,Boron,Full sun,20-32°C,50-70%,Medium,Ensure excess water drains away; watch for fungal disease on flowers/foliage. Deadhead spent blooms to encourage flowering; self-seeds readily.
Mexican Sunflower,Winter,Tamil Nadu,1-2 times/week,0.5-1.5,NPK 10-10-10,5g/plant/month (Half dose - reduced growth/dormancy),Medium,Medium,High,Boron,Full sun,20-32°C,45-65%,Medium,Reduce watering for dormant types; cold-hardy bloomers continue flowering with regular care. Deadhead spent blooms to encourage flowering; self-seeds readily.
Mexican Sunflower,Winter,Karnataka,1-2 times/week,0.5-1.5,NPK 10-10-10,5g/plant/month (Half dose - reduced growth/dormancy),Medium,Medium,High,Boron,Full sun,19-31°C,45-65%,Medium,Reduce watering for dormant types; cold-hardy bloomers continue flowering with regular care. Deadhead spent blooms to encourage flowering; self-seeds readily.
Mexican Sunflower,Winter,Kerala,1-2 times/week,0.5-1.5,NPK 10-10-10,5g/plant/month (Half dose - reduced growth/dormancy),Medium,Medium,High,Boron,Full sun,19-31°C,55-75%,Medium,Reduce watering for dormant types; cold-hardy bloomers continue flowering with regular care. Deadhead spent blooms to encourage flowering; self-seeds readily.
Mexican Sunflower,Winter,Maharashtra,1-2 times/week,0.5-1.5,NPK 10-10-10,5g/plant/month (Half dose - reduced growth/dormancy),Medium,Medium,High,Boron,Full sun,21-33°C,40-60%,Medium,Reduce watering for dormant types; cold-hardy bloomers continue flowering with regular care. Deadhead spent blooms to encourage flowering; self-seeds readily.
Mexican Sunflower,Winter,West Bengal,1-2 times/week,0.5-1.5,NPK 10-10-10,5g/plant/month (Half dose - reduced growth/dormancy),Medium,Medium,High,Boron,Full sun,20-32°C,50-70%,Medium,Reduce watering for dormant types; cold-hardy bloomers continue flowering with regular care. Deadhead spent blooms to encourage flowering; self-seeds readily.
Mexican Sunflower,Windy,Tamil Nadu,3 times/week,1.5-3,NPK 10-10-10,10g/plant/month (Full dose - same as normal growing schedule),Medium,Medium,High,Boron,Full sun,20-32°C,45-65%,Medium,Stake tall stems and place in a sheltered spot to prevent stem breakage and bloom damage. Deadhead spent blooms to encourage flowering; self-seeds readily.
Mexican Sunflower,Windy,Karnataka,3 times/week,1.5-3,NPK 10-10-10,10g/plant/month (Full dose - same as normal growing schedule),Medium,Medium,High,Boron,Full sun,19-31°C,45-65%,Medium,Stake tall stems and place in a sheltered spot to prevent stem breakage and bloom damage. Deadhead spent blooms to encourage flowering; self-seeds readily.
Mexican Sunflower,Windy,Kerala,3 times/week,1.5-3,NPK 10-10-10,10g/plant/month (Full dose - same as normal growing schedule),Medium,Medium,High,Boron,Full sun,19-31°C,55-75%,Medium,Stake tall stems and place in a sheltered spot to prevent stem breakage and bloom damage. Deadhead spent blooms to encourage flowering; self-seeds readily.
Mexican Sunflower,Windy,Maharashtra,3 times/week,1.5-3,NPK 10-10-10,10g/plant/month (Full dose - same as normal growing schedule),Medium,Medium,High,Boron,Full sun,21-33°C,40-60%,Medium,Stake tall stems and place in a sheltered spot to prevent stem breakage and bloom damage. Deadhead spent blooms to encourage flowering; self-seeds readily.
Mexican Sunflower,Windy,West Bengal,3 times/week,1.5-3,NPK 10-10-10,10g/plant/month (Full dose - same as normal growing schedule),Medium,Medium,High,Boron,Full sun,20-32°C,50-70%,Medium,Stake tall stems and place in a sheltered spot to prevent stem breakage and bloom damage. Deadhead spent blooms to encourage flowering; self-seeds readily.
Jatropha,Summer,Rajasthan,2-3 times/week,05-Oct,Compost/NPK 10-10-10,15g/plant/month (Full dose - active growth period),Low,Medium,Medium,Iron,Full sun,24-39°C,15-45%,High,"Deep, infrequent watering encourages strong root growth; mulch around base. Drought tolerant; toxic sap; prune to control size."
Jatropha,Summer,Gujarat,2-3 times/week,05-Oct,Compost/NPK 10-10-10,15g/plant/month (Full dose - active growth period),Low,Medium,Medium,Iron,Full sun,22-37°C,20-50%,High,"Deep, infrequent watering encourages strong root growth; mulch around base. Drought tolerant; toxic sap; prune to control size."
Jatropha,Summer,Tamil Nadu,2-3 times/week,05-Oct,Compost/NPK 10-10-10,15g/plant/month (Full dose - active growth period),Low,Medium,Medium,Iron,Full sun,20-35°C,35-65%,High,"Deep, infrequent watering encourages strong root growth; mulch around base. Drought tolerant; toxic sap; prune to control size."
Jatropha,Summer,Karnataka,2-3 times/week,05-Oct,Compost/NPK 10-10-10,15g/plant/month (Full dose - active growth period),Low,Medium,Medium,Iron,Full sun,19-34°C,35-65%,High,"Deep, infrequent watering encourages strong root growth; mulch around base. Drought tolerant; toxic sap; prune to control size."
Jatropha,Summer,Chhattisgarh,2-3 times/week,05-Oct,Compost/NPK 10-10-10,15g/plant/month (Full dose - active growth period),Low,Medium,Medium,Iron,Full sun,21-36°C,35-65%,High,"Deep, infrequent watering encourages strong root growth; mulch around base. Drought tolerant; toxic sap; prune to control size."
Jatropha,Autumn,Rajasthan,1-2 times/week,03-Jul,Compost/NPK 10-10-10,15g/plant/month (Full dose - transitional growing season),Low,Medium,Medium,Iron,Full sun,24-39°C,15-45%,High,Reduce watering gradually as growth slows; good season for planting/transplanting. Drought tolerant; toxic sap; prune to control size.
Jatropha,Autumn,Gujarat,1-2 times/week,03-Jul,Compost/NPK 10-10-10,15g/plant/month (Full dose - transitional growing season),Low,Medium,Medium,Iron,Full sun,22-37°C,20-50%,High,Reduce watering gradually as growth slows; good season for planting/transplanting. Drought tolerant; toxic sap; prune to control size.
Jatropha,Autumn,Tamil Nadu,1-2 times/week,03-Jul,Compost/NPK 10-10-10,15g/plant/month (Full dose - transitional growing season),Low,Medium,Medium,Iron,Full sun,20-35°C,35-65%,High,Reduce watering gradually as growth slows; good season for planting/transplanting. Drought tolerant; toxic sap; prune to control size.
Jatropha,Autumn,Karnataka,1-2 times/week,03-Jul,Compost/NPK 10-10-10,15g/plant/month (Full dose - transitional growing season),Low,Medium,Medium,Iron,Full sun,19-34°C,35-65%,High,Reduce watering gradually as growth slows; good season for planting/transplanting. Drought tolerant; toxic sap; prune to control size.
Jatropha,Autumn,Chhattisgarh,1-2 times/week,03-Jul,Compost/NPK 10-10-10,15g/plant/month (Full dose - transitional growing season),Low,Medium,Medium,Iron,Full sun,21-36°C,35-65%,High,Reduce watering gradually as growth slows; good season for planting/transplanting. Drought tolerant; toxic sap; prune to control size.
Jatropha,Monsoon,Rajasthan,Minimal - rainfall usually sufficient,0-2,Compost/NPK 10-10-10,7.5g/plant/month (Half dose or skip - avoid fertilizing before/during heavy rain (nutrient leaching)),Low,Medium,Medium,Iron,Full sun,24-39°C,15-45%,High,Ensure soil drains well to prevent waterlogging around roots; avoid fertilizing. Drought tolerant; toxic sap; prune to control size.
Jatropha,Monsoon,Gujarat,Minimal - rainfall usually sufficient,0-2,Compost/NPK 10-10-10,7.5g/plant/month (Half dose or skip - avoid fertilizing before/during heavy rain (nutrient leaching)),Low,Medium,Medium,Iron,Full sun,22-37°C,20-50%,High,Ensure soil drains well to prevent waterlogging around roots; avoid fertilizing. Drought tolerant; toxic sap; prune to control size.
Jatropha,Monsoon,Tamil Nadu,Minimal - rainfall usually sufficient,0-2,Compost/NPK 10-10-10,7.5g/plant/month (Half dose or skip - avoid fertilizing before/during heavy rain (nutrient leaching)),Low,Medium,Medium,Iron,Full sun,20-35°C,35-65%,High,Ensure soil drains well to prevent waterlogging around roots; avoid fertilizing. Drought tolerant; toxic sap; prune to control size.
Jatropha,Monsoon,Karnataka,Minimal - rainfall usually sufficient,0-2,Compost/NPK 10-10-10,7.5g/plant/month (Half dose or skip - avoid fertilizing before/during heavy rain (nutrient leaching)),Low,Medium,Medium,Iron,Full sun,19-34°C,35-65%,High,Ensure soil drains well to prevent waterlogging around roots; avoid fertilizing. Drought tolerant; toxic sap; prune to control size.
Jatropha,Monsoon,Chhattisgarh,Minimal - rainfall usually sufficient,0-2,Compost/NPK 10-10-10,7.5g/plant/month (Half dose or skip - avoid fertilizing before/during heavy rain (nutrient leaching)),Low,Medium,Medium,Iron,Full sun,21-36°C,35-65%,High,Ensure soil drains well to prevent waterlogging around roots; avoid fertilizing. Drought tolerant; toxic sap; prune to control size.
Jatropha,Winter,Rajasthan,1 time/week,02-May,Compost/NPK 10-10-10,7.5g/plant/month (Half dose - reduced growth/dormancy),Low,Medium,Medium,Iron,Full sun,24-39°C,15-45%,High,Water sparingly; protect young trees from cold with mulch or wrapping if frost-prone. Drought tolerant; toxic sap; prune to control size.
Jatropha,Winter,Gujarat,1 time/week,02-May,Compost/NPK 10-10-10,7.5g/plant/month (Half dose - reduced growth/dormancy),Low,Medium,Medium,Iron,Full sun,22-37°C,20-50%,High,Water sparingly; protect young trees from cold with mulch or wrapping if frost-prone. Drought tolerant; toxic sap; prune to control size.
Jatropha,Winter,Tamil Nadu,1 time/week,02-May,Compost/NPK 10-10-10,7.5g/plant/month (Half dose - reduced growth/dormancy),Low,Medium,Medium,Iron,Full sun,20-35°C,35-65%,High,Water sparingly; protect young trees from cold with mulch or wrapping if frost-prone. Drought tolerant; toxic sap; prune to control size.
Jatropha,Winter,Karnataka,1 time/week,02-May,Compost/NPK 10-10-10,7.5g/plant/month (Half dose - reduced growth/dormancy),Low,Medium,Medium,Iron,Full sun,19-34°C,35-65%,High,Water sparingly; protect young trees from cold with mulch or wrapping if frost-prone. Drought tolerant; toxic sap; prune to control size.
Jatropha,Winter,Chhattisgarh,1 time/week,02-May,Compost/NPK 10-10-10,7.5g/plant/month (Half dose - reduced growth/dormancy),Low,Medium,Medium,Iron,Full sun,21-36°C,35-65%,High,Water sparingly; protect young trees from cold with mulch or wrapping if frost-prone. Drought tolerant; toxic sap; prune to control size.
Jatropha,Windy,Rajasthan,2 times/week,05-Aug,Compost/NPK 10-10-10,15g/plant/month (Full dose - same as normal growing schedule),Low,Medium,Medium,Iron,Full sun,24-39°C,15-45%,High,Stake young trees firmly; established trees are generally wind tolerant. Drought tolerant; toxic sap; prune to control size.
Jatropha,Windy,Gujarat,2 times/week,05-Aug,Compost/NPK 10-10-10,15g/plant/month (Full dose - same as normal growing schedule),Low,Medium,Medium,Iron,Full sun,22-37°C,20-50%,High,Stake young trees firmly; established trees are generally wind tolerant. Drought tolerant; toxic sap; prune to control size.
Jatropha,Windy,Tamil Nadu,2 times/week,05-Aug,Compost/NPK 10-10-10,15g/plant/month (Full dose - same as normal growing schedule),Low,Medium,Medium,Iron,Full sun,20-35°C,35-65%,High,Stake young trees firmly; established trees are generally wind tolerant. Drought tolerant; toxic sap; prune to control size.
Jatropha,Windy,Karnataka,2 times/week,05-Aug,Compost/NPK 10-10-10,15g/plant/month (Full dose - same as normal growing schedule),Low,Medium,Medium,Iron,Full sun,19-34°C,35-65%,High,Stake young trees firmly; established trees are generally wind tolerant. Drought tolerant; toxic sap; prune to control size.
Jatropha,Windy,Chhattisgarh,2 times/week,05-Aug,Compost/NPK 10-10-10,15g/plant/month (Full dose - same as normal growing schedule),Low,Medium,Medium,Iron,Full sun,21-36°C,35-65%,High,Stake young trees firmly; established trees are generally wind tolerant. Drought tolerant; toxic sap; prune to control size.
Plumeria,Summer,Tamil Nadu,2-3 times/week,01-Mar,High phosphorus NPK 10-30-10,20g/plant/month (Full dose - active growth period),Low,High,Medium,Magnesium,Full sun,18-32°C,45-65%,Medium,Deadhead spent blooms to encourage continuous flowering; water in early morning. Allow soil to dry between waterings; reduce watering in winter dormancy.
Plumeria,Summer,Kerala,2-3 times/week,01-Mar,High phosphorus NPK 10-30-10,20g/plant/month (Full dose - active growth period),Low,High,Medium,Magnesium,Full sun,17-31°C,55-75%,Medium,Deadhead spent blooms to encourage continuous flowering; water in early morning. Allow soil to dry between waterings; reduce watering in winter dormancy.
Plumeria,Summer,Karnataka,2-3 times/week,01-Mar,High phosphorus NPK 10-30-10,20g/plant/month (Full dose - active growth period),Low,High,Medium,Magnesium,Full sun,17-31°C,45-65%,Medium,Deadhead spent blooms to encourage continuous flowering; water in early morning. Allow soil to dry between waterings; reduce watering in winter dormancy.
Plumeria,Summer,Maharashtra,2-3 times/week,01-Mar,High phosphorus NPK 10-30-10,20g/plant/month (Full dose - active growth period),Low,High,Medium,Magnesium,Full sun,19-33°C,40-60%,Medium,Deadhead spent blooms to encourage continuous flowering; water in early morning. Allow soil to dry between waterings; reduce watering in winter dormancy.
Plumeria,Summer,Goa,2-3 times/week,01-Mar,High phosphorus NPK 10-30-10,20g/plant/month (Full dose - active growth period),Low,High,Medium,Magnesium,Full sun,18-32°C,50-70%,Medium,Deadhead spent blooms to encourage continuous flowering; water in early morning. Allow soil to dry between waterings; reduce watering in winter dormancy.
Plumeria,Autumn,Tamil Nadu,2 times/week,01-Feb,High phosphorus NPK 10-30-10,20g/plant/month (Full dose - transitional growing season),Low,High,Medium,Magnesium,Full sun,18-32°C,45-65%,Medium,Good blooming/growing season for many varieties; maintain regular watering. Allow soil to dry between waterings; reduce watering in winter dormancy.
Plumeria,Autumn,Kerala,2 times/week,01-Feb,High phosphorus NPK 10-30-10,20g/plant/month (Full dose - transitional growing season),Low,High,Medium,Magnesium,Full sun,17-31°C,55-75%,Medium,Good blooming/growing season for many varieties; maintain regular watering. Allow soil to dry between waterings; reduce watering in winter dormancy.
Plumeria,Autumn,Karnataka,2 times/week,01-Feb,High phosphorus NPK 10-30-10,20g/plant/month (Full dose - transitional growing season),Low,High,Medium,Magnesium,Full sun,17-31°C,45-65%,Medium,Good blooming/growing season for many varieties; maintain regular watering. Allow soil to dry between waterings; reduce watering in winter dormancy.
Plumeria,Autumn,Maharashtra,2 times/week,01-Feb,High phosphorus NPK 10-30-10,20g/plant/month (Full dose - transitional growing season),Low,High,Medium,Magnesium,Full sun,19-33°C,40-60%,Medium,Good blooming/growing season for many varieties; maintain regular watering. Allow soil to dry between waterings; reduce watering in winter dormancy.
Plumeria,Autumn,Goa,2 times/week,01-Feb,High phosphorus NPK 10-30-10,20g/plant/month (Full dose - transitional growing season),Low,High,Medium,Magnesium,Full sun,18-32°C,50-70%,Medium,Good blooming/growing season for many varieties; maintain regular watering. Allow soil to dry between waterings; reduce watering in winter dormancy.
Plumeria,Monsoon,Tamil Nadu,"Reduce - rely on rainfall, ensure drainage",0.5-1,High phosphorus NPK 10-30-10,10g/plant/month (Half dose or skip - avoid fertilizing before/during heavy rain (nutrient leaching)),Low,High,Medium,Magnesium,Full sun,18-32°C,45-65%,Medium,Ensure excess water drains away; watch for fungal disease on flowers/foliage. Allow soil to dry between waterings; reduce watering in winter dormancy.
Plumeria,Monsoon,Kerala,"Reduce - rely on rainfall, ensure drainage",0.5-1,High phosphorus NPK 10-30-10,10g/plant/month (Half dose or skip - avoid fertilizing before/during heavy rain (nutrient leaching)),Low,High,Medium,Magnesium,Full sun,17-31°C,55-75%,Medium,Ensure excess water drains away; watch for fungal disease on flowers/foliage. Allow soil to dry between waterings; reduce watering in winter dormancy.
Plumeria,Monsoon,Karnataka,"Reduce - rely on rainfall, ensure drainage",0.5-1,High phosphorus NPK 10-30-10,10g/plant/month (Half dose or skip - avoid fertilizing before/during heavy rain (nutrient leaching)),Low,High,Medium,Magnesium,Full sun,17-31°C,45-65%,Medium,Ensure excess water drains away; watch for fungal disease on flowers/foliage. Allow soil to dry between waterings; reduce watering in winter dormancy.
Plumeria,Monsoon,Maharashtra,"Reduce - rely on rainfall, ensure drainage",0.5-1,High phosphorus NPK 10-30-10,10g/plant/month (Half dose or skip - avoid fertilizing before/during heavy rain (nutrient leaching)),Low,High,Medium,Magnesium,Full sun,19-33°C,40-60%,Medium,Ensure excess water drains away; watch for fungal disease on flowers/foliage. Allow soil to dry between waterings; reduce watering in winter dormancy.
Plumeria,Monsoon,Goa,"Reduce - rely on rainfall, ensure drainage",0.5-1,High phosphorus NPK 10-30-10,10g/plant/month (Half dose or skip - avoid fertilizing before/during heavy rain (nutrient leaching)),Low,High,Medium,Magnesium,Full sun,18-32°C,50-70%,Medium,Ensure excess water drains away; watch for fungal disease on flowers/foliage. Allow soil to dry between waterings; reduce watering in winter dormancy.
Plumeria,Winter,Tamil Nadu,1-2 times/week,0.5-1.5,High phosphorus NPK 10-30-10,10g/plant/month (Half dose - reduced growth/dormancy),Low,High,Medium,Magnesium,Full sun,18-32°C,45-65%,Medium,Reduce watering for dormant types; cold-hardy bloomers continue flowering with regular care. Allow soil to dry between waterings; reduce watering in winter dormancy.
Plumeria,Winter,Kerala,1-2 times/week,0.5-1.5,High phosphorus NPK 10-30-10,10g/plant/month (Half dose - reduced growth/dormancy),Low,High,Medium,Magnesium,Full sun,17-31°C,55-75%,Medium,Reduce watering for dormant types; cold-hardy bloomers continue flowering with regular care. Allow soil to dry between waterings; reduce watering in winter dormancy.
Plumeria,Winter,Karnataka,1-2 times/week,0.5-1.5,High phosphorus NPK 10-30-10,10g/plant/month (Half dose - reduced growth/dormancy),Low,High,Medium,Magnesium,Full sun,17-31°C,45-65%,Medium,Reduce watering for dormant types; cold-hardy bloomers continue flowering with regular care. Allow soil to dry between waterings; reduce watering in winter dormancy.
Plumeria,Winter,Maharashtra,1-2 times/week,0.5-1.5,High phosphorus NPK 10-30-10,10g/plant/month (Half dose - reduced growth/dormancy),Low,High,Medium,Magnesium,Full sun,19-33°C,40-60%,Medium,Reduce watering for dormant types; cold-hardy bloomers continue flowering with regular care. Allow soil to dry between waterings; reduce watering in winter dormancy.
Plumeria,Winter,Goa,1-2 times/week,0.5-1.5,High phosphorus NPK 10-30-10,10g/plant/month (Half dose - reduced growth/dormancy),Low,High,Medium,Magnesium,Full sun,18-32°C,50-70%,Medium,Reduce watering for dormant types; cold-hardy bloomers continue flowering with regular care. Allow soil to dry between waterings; reduce watering in winter dormancy.
Plumeria,Windy,Tamil Nadu,3 times/week,1.5-3,High phosphorus NPK 10-30-10,20g/plant/month (Full dose - same as normal growing schedule),Low,High,Medium,Magnesium,Full sun,18-32°C,45-65%,Medium,Stake tall stems and place in a sheltered spot to prevent stem breakage and bloom damage. Allow soil to dry between waterings; reduce watering in winter dormancy.
Plumeria,Windy,Kerala,3 times/week,1.5-3,High phosphorus NPK 10-30-10,20g/plant/month (Full dose - same as normal growing schedule),Low,High,Medium,Magnesium,Full sun,17-31°C,55-75%,Medium,Stake tall stems and place in a sheltered spot to prevent stem breakage and bloom damage. Allow soil to dry between waterings; reduce watering in winter dormancy.
Plumeria,Windy,Karnataka,3 times/week,1.5-3,High phosphorus NPK 10-30-10,20g/plant/month (Full dose - same as normal growing schedule),Low,High,Medium,Magnesium,Full sun,17-31°C,45-65%,Medium,Stake tall stems and place in a sheltered spot to prevent stem breakage and bloom damage. Allow soil to dry between waterings; reduce watering in winter dormancy.
Plumeria,Windy,Maharashtra,3 times/week,1.5-3,High phosphorus NPK 10-30-10,20g/plant/month (Full dose - same as normal growing schedule),Low,High,Medium,Magnesium,Full sun,19-33°C,40-60%,Medium,Stake tall stems and place in a sheltered spot to prevent stem breakage and bloom damage. Allow soil to dry between waterings; reduce watering in winter dormancy.
Plumeria,Windy,Goa,3 times/week,1.5-3,High phosphorus NPK 10-30-10,20g/plant/month (Full dose - same as normal growing schedule),Low,High,Medium,Magnesium,Full sun,18-32°C,50-70%,Medium,Stake tall stems and place in a sheltered spot to prevent stem breakage and bloom damage. Allow soil to dry between waterings; reduce watering in winter dormancy.
Ixora,Summer,Tamil Nadu,2-3 times/week,01-Mar,Acidic NPK 20-10-10,15g/plant/month (Full dose - active growth period),High,Medium,Medium,Iron (prevents chlorosis),Full sun to partial shade,20-33°C,55-75%,Low,Deadhead spent blooms to encourage continuous flowering; water in early morning. Prefers acidic soil; prune to maintain shape; consistent moisture.
Ixora,Summer,Kerala,2-3 times/week,01-Mar,Acidic NPK 20-10-10,15g/plant/month (Full dose - active growth period),High,Medium,Medium,Iron (prevents chlorosis),Full sun to partial shade,19-32°C,65-85%,Low,Deadhead spent blooms to encourage continuous flowering; water in early morning. Prefers acidic soil; prune to maintain shape; consistent moisture.
Ixora,Summer,Karnataka,2-3 times/week,01-Mar,Acidic NPK 20-10-10,15g/plant/month (Full dose - active growth period),High,Medium,Medium,Iron (prevents chlorosis),Full sun to partial shade,19-32°C,55-75%,Low,Deadhead spent blooms to encourage continuous flowering; water in early morning. Prefers acidic soil; prune to maintain shape; consistent moisture.
Ixora,Summer,West Bengal,2-3 times/week,01-Mar,Acidic NPK 20-10-10,15g/plant/month (Full dose - active growth period),High,Medium,Medium,Iron (prevents chlorosis),Full sun to partial shade,20-33°C,60-80%,Low,Deadhead spent blooms to encourage continuous flowering; water in early morning. Prefers acidic soil; prune to maintain shape; consistent moisture.
Ixora,Summer,Maharashtra,2-3 times/week,01-Mar,Acidic NPK 20-10-10,15g/plant/month (Full dose - active growth period),High,Medium,Medium,Iron (prevents chlorosis),Full sun to partial shade,21-34°C,50-70%,Low,Deadhead spent blooms to encourage continuous flowering; water in early morning. Prefers acidic soil; prune to maintain shape; consistent moisture.
Ixora,Autumn,Tamil Nadu,2 times/week,01-Feb,Acidic NPK 20-10-10,15g/plant/month (Full dose - transitional growing season),High,Medium,Medium,Iron (prevents chlorosis),Full sun to partial shade,20-33°C,55-75%,Low,Good blooming/growing season for many varieties; maintain regular watering. Prefers acidic soil; prune to maintain shape; consistent moisture.
Ixora,Autumn,Kerala,2 times/week,01-Feb,Acidic NPK 20-10-10,15g/plant/month (Full dose - transitional growing season),High,Medium,Medium,Iron (prevents chlorosis),Full sun to partial shade,19-32°C,65-85%,Low,Good blooming/growing season for many varieties; maintain regular watering. Prefers acidic soil; prune to maintain shape; consistent moisture.
Ixora,Autumn,Karnataka,2 times/week,01-Feb,Acidic NPK 20-10-10,15g/plant/month (Full dose - transitional growing season),High,Medium,Medium,Iron (prevents chlorosis),Full sun to partial shade,19-32°C,55-75%,Low,Good blooming/growing season for many varieties; maintain regular watering. Prefers acidic soil; prune to maintain shape; consistent moisture.
Ixora,Autumn,West Bengal,2 times/week,01-Feb,Acidic NPK 20-10-10,15g/plant/month (Full dose - transitional growing season),High,Medium,Medium,Iron (prevents chlorosis),Full sun to partial shade,20-33°C,60-80%,Low,Good blooming/growing season for many varieties; maintain regular watering. Prefers acidic soil; prune to maintain shape; consistent moisture.
Ixora,Autumn,Maharashtra,2 times/week,01-Feb,Acidic NPK 20-10-10,15g/plant/month (Full dose - transitional growing season),High,Medium,Medium,Iron (prevents chlorosis),Full sun to partial shade,21-34°C,50-70%,Low,Good blooming/growing season for many varieties; maintain regular watering. Prefers acidic soil; prune to maintain shape; consistent moisture.
Ixora,Monsoon,Tamil Nadu,"Reduce - rely on rainfall, ensure drainage",0.5-1,Acidic NPK 20-10-10,7.5g/plant/month (Half dose or skip - avoid fertilizing before/during heavy rain (nutrient leaching)),High,Medium,Medium,Iron (prevents chlorosis),Full sun to partial shade,20-33°C,55-75%,Low,Ensure excess water drains away; watch for fungal disease on flowers/foliage. Prefers acidic soil; prune to maintain shape; consistent moisture.
Ixora,Monsoon,Kerala,"Reduce - rely on rainfall, ensure drainage",0.5-1,Acidic NPK 20-10-10,7.5g/plant/month (Half dose or skip - avoid fertilizing before/during heavy rain (nutrient leaching)),High,Medium,Medium,Iron (prevents chlorosis),Full sun to partial shade,19-32°C,65-85%,Low,Ensure excess water drains away; watch for fungal disease on flowers/foliage. Prefers acidic soil; prune to maintain shape; consistent moisture.
Ixora,Monsoon,Karnataka,"Reduce - rely on rainfall, ensure drainage",0.5-1,Acidic NPK 20-10-10,7.5g/plant/month (Half dose or skip - avoid fertilizing before/during heavy rain (nutrient leaching)),High,Medium,Medium,Iron (prevents chlorosis),Full sun to partial shade,19-32°C,55-75%,Low,Ensure excess water drains away; watch for fungal disease on flowers/foliage. Prefers acidic soil; prune to maintain shape; consistent moisture.
Ixora,Monsoon,West Bengal,"Reduce - rely on rainfall, ensure drainage",0.5-1,Acidic NPK 20-10-10,7.5g/plant/month (Half dose or skip - avoid fertilizing before/during heavy rain (nutrient leaching)),High,Medium,Medium,Iron (prevents chlorosis),Full sun to partial shade,20-33°C,60-80%,Low,Ensure excess water drains away; watch for fungal disease on flowers/foliage. Prefers acidic soil; prune to maintain shape; consistent moisture.
Ixora,Monsoon,Maharashtra,"Reduce - rely on rainfall, ensure drainage",0.5-1,Acidic NPK 20-10-10,7.5g/plant/month (Half dose or skip - avoid fertilizing before/during heavy rain (nutrient leaching)),High,Medium,Medium,Iron (prevents chlorosis),Full sun to partial shade,21-34°C,50-70%,Low,Ensure excess water drains away; watch for fungal disease on flowers/foliage. Prefers acidic soil; prune to maintain shape; consistent moisture.
Ixora,Winter,Tamil Nadu,1-2 times/week,0.5-1.5,Acidic NPK 20-10-10,7.5g/plant/month (Half dose - reduced growth/dormancy),High,Medium,Medium,Iron (prevents chlorosis),Full sun to partial shade,20-33°C,55-75%,Low,Reduce watering for dormant types; cold-hardy bloomers continue flowering with regular care. Prefers acidic soil; prune to maintain shape; consistent moisture.
Ixora,Winter,Kerala,1-2 times/week,0.5-1.5,Acidic NPK 20-10-10,7.5g/plant/month (Half dose - reduced growth/dormancy),High,Medium,Medium,Iron (prevents chlorosis),Full sun to partial shade,19-32°C,65-85%,Low,Reduce watering for dormant types; cold-hardy bloomers continue flowering with regular care. Prefers acidic soil; prune to maintain shape; consistent moisture.
Ixora,Winter,Karnataka,1-2 times/week,0.5-1.5,Acidic NPK 20-10-10,7.5g/plant/month (Half dose - reduced growth/dormancy),High,Medium,Medium,Iron (prevents chlorosis),Full sun to partial shade,19-32°C,55-75%,Low,Reduce watering for dormant types; cold-hardy bloomers continue flowering with regular care. Prefers acidic soil; prune to maintain shape; consistent moisture.
Ixora,Winter,West Bengal,1-2 times/week,0.5-1.5,Acidic NPK 20-10-10,7.5g/plant/month (Half dose - reduced growth/dormancy),High,Medium,Medium,Iron (prevents chlorosis),Full sun to partial shade,20-33°C,60-80%,Low,Reduce watering for dormant types; cold-hardy bloomers continue flowering with regular care. Prefers acidic soil; prune to maintain shape; consistent moisture.
Ixora,Winter,Maharashtra,1-2 times/week,0.5-1.5,Acidic NPK 20-10-10,7.5g/plant/month (Half dose - reduced growth/dormancy),High,Medium,Medium,Iron (prevents chlorosis),Full sun to partial shade,21-34°C,50-70%,Low,Reduce watering for dormant types; cold-hardy bloomers continue flowering with regular care. Prefers acidic soil; prune to maintain shape; consistent moisture.
Ixora,Windy,Tamil Nadu,3 times/week,1.5-3,Acidic NPK 20-10-10,15g/plant/month (Full dose - same as normal growing schedule),High,Medium,Medium,Iron (prevents chlorosis),Full sun to partial shade,20-33°C,55-75%,Low,Stake tall stems and place in a sheltered spot to prevent stem breakage and bloom damage. Prefers acidic soil; prune to maintain shape; consistent moisture.
Ixora,Windy,Kerala,3 times/week,1.5-3,Acidic NPK 20-10-10,15g/plant/month (Full dose - same as normal growing schedule),High,Medium,Medium,Iron (prevents chlorosis),Full sun to partial shade,19-32°C,65-85%,Low,Stake tall stems and place in a sheltered spot to prevent stem breakage and bloom damage. Prefers acidic soil; prune to maintain shape; consistent moisture.
Ixora,Windy,Karnataka,3 times/week,1.5-3,Acidic NPK 20-10-10,15g/plant/month (Full dose - same as normal growing schedule),High,Medium,Medium,Iron (prevents chlorosis),Full sun to partial shade,19-32°C,55-75%,Low,Stake tall stems and place in a sheltered spot to prevent stem breakage and bloom damage. Prefers acidic soil; prune to maintain shape; consistent moisture.
Ixora,Windy,West Bengal,3 times/week,1.5-3,Acidic NPK 20-10-10,15g/plant/month (Full dose - same as normal growing schedule),High,Medium,Medium,Iron (prevents chlorosis),Full sun to partial shade,20-33°C,60-80%,Low,Stake tall stems and place in a sheltered spot to prevent stem breakage and bloom damage. Prefers acidic soil; prune to maintain shape; consistent moisture.
Ixora,Windy,Maharashtra,3 times/week,1.5-3,Acidic NPK 20-10-10,15g/plant/month (Full dose - same as normal growing schedule),High,Medium,Medium,Iron (prevents chlorosis),Full sun to partial shade,21-34°C,50-70%,Low,Stake tall stems and place in a sheltered spot to prevent stem breakage and bloom damage. Prefers acidic soil; prune to maintain shape; consistent moisture.
Lantana,Summer,Tamil Nadu,2-3 times/week,01-Mar,NPK 10-10-10,10g/plant/month (Full dose - active growth period),Low,Medium,Medium,Iron,Full sun,18-32°C,35-65%,High,Deadhead spent blooms to encourage continuous flowering; water in early morning. Drought tolerant; prune to control spread; attracts pollinators.
Lantana,Summer,Karnataka,2-3 times/week,01-Mar,NPK 10-10-10,10g/plant/month (Full dose - active growth period),Low,Medium,Medium,Iron,Full sun,17-31°C,35-65%,High,Deadhead spent blooms to encourage continuous flowering; water in early morning. Drought tolerant; prune to control spread; attracts pollinators.
Lantana,Summer,Kerala,2-3 times/week,01-Mar,NPK 10-10-10,10g/plant/month (Full dose - active growth period),Low,Medium,Medium,Iron,Full sun,17-31°C,45-75%,High,Deadhead spent blooms to encourage continuous flowering; water in early morning. Drought tolerant; prune to control spread; attracts pollinators.
Lantana,Summer,Maharashtra,2-3 times/week,01-Mar,NPK 10-10-10,10g/plant/month (Full dose - active growth period),Low,Medium,Medium,Iron,Full sun,19-33°C,30-60%,High,Deadhead spent blooms to encourage continuous flowering; water in early morning. Drought tolerant; prune to control spread; attracts pollinators.
Lantana,Summer,West Bengal,2-3 times/week,01-Mar,NPK 10-10-10,10g/plant/month (Full dose - active growth period),Low,Medium,Medium,Iron,Full sun,18-32°C,40-70%,High,Deadhead spent blooms to encourage continuous flowering; water in early morning. Drought tolerant; prune to control spread; attracts pollinators.
Lantana,Autumn,Tamil Nadu,2 times/week,01-Feb,NPK 10-10-10,10g/plant/month (Full dose - transitional growing season),Low,Medium,Medium,Iron,Full sun,18-32°C,35-65%,High,Good blooming/growing season for many varieties; maintain regular watering. Drought tolerant; prune to control spread; attracts pollinators.
Lantana,Autumn,Karnataka,2 times/week,01-Feb,NPK 10-10-10,10g/plant/month (Full dose - transitional growing season),Low,Medium,Medium,Iron,Full sun,17-31°C,35-65%,High,Good blooming/growing season for many varieties; maintain regular watering. Drought tolerant; prune to control spread; attracts pollinators.
Lantana,Autumn,Kerala,2 times/week,01-Feb,NPK 10-10-10,10g/plant/month (Full dose - transitional growing season),Low,Medium,Medium,Iron,Full sun,17-31°C,45-75%,High,Good blooming/growing season for many varieties; maintain regular watering. Drought tolerant; prune to control spread; attracts pollinators.
Lantana,Autumn,Maharashtra,2 times/week,01-Feb,NPK 10-10-10,10g/plant/month (Full dose - transitional growing season),Low,Medium,Medium,Iron,Full sun,19-33°C,30-60%,High,Good blooming/growing season for many varieties; maintain regular watering. Drought tolerant; prune to control spread; attracts pollinators.
Lantana,Autumn,West Bengal,2 times/week,01-Feb,NPK 10-10-10,10g/plant/month (Full dose - transitional growing season),Low,Medium,Medium,Iron,Full sun,18-32°C,40-70%,High,Good blooming/growing season for many varieties; maintain regular watering. Drought tolerant; prune to control spread; attracts pollinators.
Lantana,Monsoon,Tamil Nadu,"Reduce - rely on rainfall, ensure drainage",0.5-1,NPK 10-10-10,5g/plant/month (Half dose or skip - avoid fertilizing before/during heavy rain (nutrient leaching)),Low,Medium,Medium,Iron,Full sun,18-32°C,35-65%,High,Ensure excess water drains away; watch for fungal disease on flowers/foliage. Drought tolerant; prune to control spread; attracts pollinators.
Lantana,Monsoon,Karnataka,"Reduce - rely on rainfall, ensure drainage",0.5-1,NPK 10-10-10,5g/plant/month (Half dose or skip - avoid fertilizing before/during heavy rain (nutrient leaching)),Low,Medium,Medium,Iron,Full sun,17-31°C,35-65%,High,Ensure excess water drains away; watch for fungal disease on flowers/foliage. Drought tolerant; prune to control spread; attracts pollinators.
Lantana,Monsoon,Kerala,"Reduce - rely on rainfall, ensure drainage",0.5-1,NPK 10-10-10,5g/plant/month (Half dose or skip - avoid fertilizing before/during heavy rain (nutrient leaching)),Low,Medium,Medium,Iron,Full sun,17-31°C,45-75%,High,Ensure excess water drains away; watch for fungal disease on flowers/foliage. Drought tolerant; prune to control spread; attracts pollinators.
Lantana,Monsoon,Maharashtra,"Reduce - rely on rainfall, ensure drainage",0.5-1,NPK 10-10-10,5g/plant/month (Half dose or skip - avoid fertilizing before/during heavy rain (nutrient leaching)),Low,Medium,Medium,Iron,Full sun,19-33°C,30-60%,High,Ensure excess water drains away; watch for fungal disease on flowers/foliage. Drought tolerant; prune to control spread; attracts pollinators.
Lantana,Monsoon,West Bengal,"Reduce - rely on rainfall, ensure drainage",0.5-1,NPK 10-10-10,5g/plant/month (Half dose or skip - avoid fertilizing before/during heavy rain (nutrient leaching)),Low,Medium,Medium,Iron,Full sun,18-32°C,40-70%,High,Ensure excess water drains away; watch for fungal disease on flowers/foliage. Drought tolerant; prune to control spread; attracts pollinators.
Lantana,Winter,Tamil Nadu,1-2 times/week,0.5-1.5,NPK 10-10-10,5g/plant/month (Half dose - reduced growth/dormancy),Low,Medium,Medium,Iron,Full sun,18-32°C,35-65%,High,Reduce watering for dormant types; cold-hardy bloomers continue flowering with regular care. Drought tolerant; prune to control spread; attracts pollinators.
Lantana,Winter,Karnataka,1-2 times/week,0.5-1.5,NPK 10-10-10,5g/plant/month (Half dose - reduced growth/dormancy),Low,Medium,Medium,Iron,Full sun,17-31°C,35-65%,High,Reduce watering for dormant types; cold-hardy bloomers continue flowering with regular care. Drought tolerant; prune to control spread; attracts pollinators.
Lantana,Winter,Kerala,1-2 times/week,0.5-1.5,NPK 10-10-10,5g/plant/month (Half dose - reduced growth/dormancy),Low,Medium,Medium,Iron,Full sun,17-31°C,45-75%,High,Reduce watering for dormant types; cold-hardy bloomers continue flowering with regular care. Drought tolerant; prune to control spread; attracts pollinators.
Lantana,Winter,Maharashtra,1-2 times/week,0.5-1.5,NPK 10-10-10,5g/plant/month (Half dose - reduced growth/dormancy),Low,Medium,Medium,Iron,Full sun,19-33°C,30-60%,High,Reduce watering for dormant types; cold-hardy bloomers continue flowering with regular care. Drought tolerant; prune to control spread; attracts pollinators.
Lantana,Winter,West Bengal,1-2 times/week,0.5-1.5,NPK 10-10-10,5g/plant/month (Half dose - reduced growth/dormancy),Low,Medium,Medium,Iron,Full sun,18-32°C,40-70%,High,Reduce watering for dormant types; cold-hardy bloomers continue flowering with regular care. Drought tolerant; prune to control spread; attracts pollinators.
Lantana,Windy,Tamil Nadu,3 times/week,1.5-3,NPK 10-10-10,10g/plant/month (Full dose - same as normal growing schedule),Low,Medium,Medium,Iron,Full sun,18-32°C,35-65%,High,Stake tall stems and place in a sheltered spot to prevent stem breakage and bloom damage. Drought tolerant; prune to control spread; attracts pollinators.
Lantana,Windy,Karnataka,3 times/week,1.5-3,NPK 10-10-10,10g/plant/month (Full dose - same as normal growing schedule),Low,Medium,Medium,Iron,Full sun,17-31°C,35-65%,High,Stake tall stems and place in a sheltered spot to prevent stem breakage and bloom damage. Drought tolerant; prune to control spread; attracts pollinators.
Lantana,Windy,Kerala,3 times/week,1.5-3,NPK 10-10-10,10g/plant/month (Full dose - same as normal growing schedule),Low,Medium,Medium,Iron,Full sun,17-31°C,45-75%,High,Stake tall stems and place in a sheltered spot to prevent stem breakage and bloom damage. Drought tolerant; prune to control spread; attracts pollinators.
Lantana,Windy,Maharashtra,3 times/week,1.5-3,NPK 10-10-10,10g/plant/month (Full dose - same as normal growing schedule),Low,Medium,Medium,Iron,Full sun,19-33°C,30-60%,High,Stake tall stems and place in a sheltered spot to prevent stem breakage and bloom damage. Drought tolerant; prune to control spread; attracts pollinators.
Lantana,Windy,West Bengal,3 times/week,1.5-3,NPK 10-10-10,10g/plant/month (Full dose - same as normal growing schedule),Low,Medium,Medium,Iron,Full sun,18-32°C,40-70%,High,Stake tall stems and place in a sheltered spot to prevent stem breakage and bloom damage. Drought tolerant; prune to control spread; attracts pollinators.
Tulsi,Summer,Uttar Pradesh,Daily/alternate days,0.5-1,Organic compost/NPK 10-10-10,10g/plant/month (Full dose - active growth period),Medium,Low,Medium,Iron,Full sun to partial shade,22-37°C,35-65%,Low,Harvest regularly to encourage bushy growth; provide light afternoon shade in extreme heat. Pinch flowering tops to encourage leaf growth; avoid waterlogging.
Tulsi,Summer,Madhya Pradesh,Daily/alternate days,0.5-1,Organic compost/NPK 10-10-10,10g/plant/month (Full dose - active growth period),Medium,Low,Medium,Iron,Full sun to partial shade,22-37°C,35-65%,Low,Harvest regularly to encourage bushy growth; provide light afternoon shade in extreme heat. Pinch flowering tops to encourage leaf growth; avoid waterlogging.
Tulsi,Summer,Tamil Nadu,Daily/alternate days,0.5-1,Organic compost/NPK 10-10-10,10g/plant/month (Full dose - active growth period),Medium,Low,Medium,Iron,Full sun to partial shade,20-35°C,45-75%,Low,Harvest regularly to encourage bushy growth; provide light afternoon shade in extreme heat. Pinch flowering tops to encourage leaf growth; avoid waterlogging.
Tulsi,Summer,Karnataka,Daily/alternate days,0.5-1,Organic compost/NPK 10-10-10,10g/plant/month (Full dose - active growth period),Medium,Low,Medium,Iron,Full sun to partial shade,19-34°C,45-75%,Low,Harvest regularly to encourage bushy growth; provide light afternoon shade in extreme heat. Pinch flowering tops to encourage leaf growth; avoid waterlogging.
Tulsi,Summer,West Bengal,Daily/alternate days,0.5-1,Organic compost/NPK 10-10-10,10g/plant/month (Full dose - active growth period),Medium,Low,Medium,Iron,Full sun to partial shade,20-35°C,50-80%,Low,Harvest regularly to encourage bushy growth; provide light afternoon shade in extreme heat. Pinch flowering tops to encourage leaf growth; avoid waterlogging.
Tulsi,Autumn,Uttar Pradesh,2-3 times/week,0.4-0.7,Organic compost/NPK 10-10-10,10g/plant/month (Full dose - transitional growing season),Medium,Low,Medium,Iron,Full sun to partial shade,22-37°C,35-65%,Low,Continue regular harvesting; growth remains active in mild temperatures. Pinch flowering tops to encourage leaf growth; avoid waterlogging.
Tulsi,Autumn,Madhya Pradesh,2-3 times/week,0.4-0.7,Organic compost/NPK 10-10-10,10g/plant/month (Full dose - transitional growing season),Medium,Low,Medium,Iron,Full sun to partial shade,22-37°C,35-65%,Low,Continue regular harvesting; growth remains active in mild temperatures. Pinch flowering tops to encourage leaf growth; avoid waterlogging.
Tulsi,Autumn,Tamil Nadu,2-3 times/week,0.4-0.7,Organic compost/NPK 10-10-10,10g/plant/month (Full dose - transitional growing season),Medium,Low,Medium,Iron,Full sun to partial shade,20-35°C,45-75%,Low,Continue regular harvesting; growth remains active in mild temperatures. Pinch flowering tops to encourage leaf growth; avoid waterlogging.
Tulsi,Autumn,Karnataka,2-3 times/week,0.4-0.7,Organic compost/NPK 10-10-10,10g/plant/month (Full dose - transitional growing season),Medium,Low,Medium,Iron,Full sun to partial shade,19-34°C,45-75%,Low,Continue regular harvesting; growth remains active in mild temperatures. Pinch flowering tops to encourage leaf growth; avoid waterlogging.
Tulsi,Autumn,West Bengal,2-3 times/week,0.4-0.7,Organic compost/NPK 10-10-10,10g/plant/month (Full dose - transitional growing season),Medium,Low,Medium,Iron,Full sun to partial shade,20-35°C,50-80%,Low,Continue regular harvesting; growth remains active in mild temperatures. Pinch flowering tops to encourage leaf growth; avoid waterlogging.
Tulsi,Monsoon,Uttar Pradesh,As needed - only if no rain,0.2-0.4,Organic compost/NPK 10-10-10,5g/plant/month (Half dose or skip - avoid fertilizing before/during heavy rain (nutrient leaching)),Medium,Low,Medium,Iron,Full sun to partial shade,22-37°C,35-65%,Low,Ensure good drainage to prevent root rot and fungal leaf spots; avoid waterlogged pots. Pinch flowering tops to encourage leaf growth; avoid waterlogging.
Tulsi,Monsoon,Madhya Pradesh,As needed - only if no rain,0.2-0.4,Organic compost/NPK 10-10-10,5g/plant/month (Half dose or skip - avoid fertilizing before/during heavy rain (nutrient leaching)),Medium,Low,Medium,Iron,Full sun to partial shade,22-37°C,35-65%,Low,Ensure good drainage to prevent root rot and fungal leaf spots; avoid waterlogged pots. Pinch flowering tops to encourage leaf growth; avoid waterlogging.
Tulsi,Monsoon,Tamil Nadu,As needed - only if no rain,0.2-0.4,Organic compost/NPK 10-10-10,5g/plant/month (Half dose or skip - avoid fertilizing before/during heavy rain (nutrient leaching)),Medium,Low,Medium,Iron,Full sun to partial shade,20-35°C,45-75%,Low,Ensure good drainage to prevent root rot and fungal leaf spots; avoid waterlogged pots. Pinch flowering tops to encourage leaf growth; avoid waterlogging.
Tulsi,Monsoon,Karnataka,As needed - only if no rain,0.2-0.4,Organic compost/NPK 10-10-10,5g/plant/month (Half dose or skip - avoid fertilizing before/during heavy rain (nutrient leaching)),Medium,Low,Medium,Iron,Full sun to partial shade,19-34°C,45-75%,Low,Ensure good drainage to prevent root rot and fungal leaf spots; avoid waterlogged pots. Pinch flowering tops to encourage leaf growth; avoid waterlogging.
Tulsi,Monsoon,West Bengal,As needed - only if no rain,0.2-0.4,Organic compost/NPK 10-10-10,5g/plant/month (Half dose or skip - avoid fertilizing before/during heavy rain (nutrient leaching)),Medium,Low,Medium,Iron,Full sun to partial shade,20-35°C,50-80%,Low,Ensure good drainage to prevent root rot and fungal leaf spots; avoid waterlogged pots. Pinch flowering tops to encourage leaf growth; avoid waterlogging.
Tulsi,Winter,Uttar Pradesh,2 times/week,0.3-0.5,Organic compost/NPK 10-10-10,5g/plant/month (Half dose - reduced growth/dormancy),Medium,Low,Medium,Iron,Full sun to partial shade,22-37°C,35-65%,Low,Protect from frost/cold drafts; move containers indoors or to a sheltered spot if needed. Pinch flowering tops to encourage leaf growth; avoid waterlogging.
Tulsi,Winter,Madhya Pradesh,2 times/week,0.3-0.5,Organic compost/NPK 10-10-10,5g/plant/month (Half dose - reduced growth/dormancy),Medium,Low,Medium,Iron,Full sun to partial shade,22-37°C,35-65%,Low,Protect from frost/cold drafts; move containers indoors or to a sheltered spot if needed. Pinch flowering tops to encourage leaf growth; avoid waterlogging.
Tulsi,Winter,Tamil Nadu,2 times/week,0.3-0.5,Organic compost/NPK 10-10-10,5g/plant/month (Half dose - reduced growth/dormancy),Medium,Low,Medium,Iron,Full sun to partial shade,20-35°C,45-75%,Low,Protect from frost/cold drafts; move containers indoors or to a sheltered spot if needed. Pinch flowering tops to encourage leaf growth; avoid waterlogging.
Tulsi,Winter,Karnataka,2 times/week,0.3-0.5,Organic compost/NPK 10-10-10,5g/plant/month (Half dose - reduced growth/dormancy),Medium,Low,Medium,Iron,Full sun to partial shade,19-34°C,45-75%,Low,Protect from frost/cold drafts; move containers indoors or to a sheltered spot if needed. Pinch flowering tops to encourage leaf growth; avoid waterlogging.
Tulsi,Winter,West Bengal,2 times/week,0.3-0.5,Organic compost/NPK 10-10-10,5g/plant/month (Half dose - reduced growth/dormancy),Medium,Low,Medium,Iron,Full sun to partial shade,20-35°C,50-80%,Low,Protect from frost/cold drafts; move containers indoors or to a sheltered spot if needed. Pinch flowering tops to encourage leaf growth; avoid waterlogging.
Tulsi,Windy,Uttar Pradesh,Daily/alternate days,0.6-1,Organic compost/NPK 10-10-10,10g/plant/month (Full dose - same as normal growing schedule),Medium,Low,Medium,Iron,Full sun to partial shade,22-37°C,35-65%,Low,Stake or shelter tender stems; increase watering slightly as wind dries soil faster. Pinch flowering tops to encourage leaf growth; avoid waterlogging.
Tulsi,Windy,Madhya Pradesh,Daily/alternate days,0.6-1,Organic compost/NPK 10-10-10,10g/plant/month (Full dose - same as normal growing schedule),Medium,Low,Medium,Iron,Full sun to partial shade,22-37°C,35-65%,Low,Stake or shelter tender stems; increase watering slightly as wind dries soil faster. Pinch flowering tops to encourage leaf growth; avoid waterlogging.
Tulsi,Windy,Tamil Nadu,Daily/alternate days,0.6-1,Organic compost/NPK 10-10-10,10g/plant/month (Full dose - same as normal growing schedule),Medium,Low,Medium,Iron,Full sun to partial shade,20-35°C,45-75%,Low,Stake or shelter tender stems; increase watering slightly as wind dries soil faster. Pinch flowering tops to encourage leaf growth; avoid waterlogging.
Tulsi,Windy,Karnataka,Daily/alternate days,0.6-1,Organic compost/NPK 10-10-10,10g/plant/month (Full dose - same as normal growing schedule),Medium,Low,Medium,Iron,Full sun to partial shade,19-34°C,45-75%,Low,Stake or shelter tender stems; increase watering slightly as wind dries soil faster. Pinch flowering tops to encourage leaf growth; avoid waterlogging.
Tulsi,Windy,West Bengal,Daily/alternate days,0.6-1,Organic compost/NPK 10-10-10,10g/plant/month (Full dose - same as normal growing schedule),Medium,Low,Medium,Iron,Full sun to partial shade,20-35°C,50-80%,Low,Stake or shelter tender stems; increase watering slightly as wind dries soil faster. Pinch flowering tops to encourage leaf growth; avoid waterlogging.
Brahmi,Summer,Kerala,Daily/alternate days,0.5-1,Organic compost,10g/plant/month (Full dose - active growth period),Medium,Low,Low,Iron,Partial shade,19-29°C,75-95%,Low,"Harvest regularly to encourage bushy growth; provide light afternoon shade in extreme heat. Keep soil consistently moist; thrives in humid, marshy conditions."
Brahmi,Summer,Tamil Nadu,Daily/alternate days,0.5-1,Organic compost,10g/plant/month (Full dose - active growth period),Medium,Low,Low,Iron,Partial shade,20-30°C,65-85%,Low,"Harvest regularly to encourage bushy growth; provide light afternoon shade in extreme heat. Keep soil consistently moist; thrives in humid, marshy conditions."
Brahmi,Summer,Karnataka,Daily/alternate days,0.5-1,Organic compost,10g/plant/month (Full dose - active growth period),Medium,Low,Low,Iron,Partial shade,19-29°C,65-85%,Low,"Harvest regularly to encourage bushy growth; provide light afternoon shade in extreme heat. Keep soil consistently moist; thrives in humid, marshy conditions."
Brahmi,Summer,Uttar Pradesh,Daily/alternate days,0.5-1,Organic compost,10g/plant/month (Full dose - active growth period),Medium,Low,Low,Iron,Partial shade,22-32°C,55-75%,Low,"Harvest regularly to encourage bushy growth; provide light afternoon shade in extreme heat. Keep soil consistently moist; thrives in humid, marshy conditions."
Brahmi,Summer,Madhya Pradesh,Daily/alternate days,0.5-1,Organic compost,10g/plant/month (Full dose - active growth period),Medium,Low,Low,Iron,Partial shade,22-32°C,55-75%,Low,"Harvest regularly to encourage bushy growth; provide light afternoon shade in extreme heat. Keep soil consistently moist; thrives in humid, marshy conditions."
Brahmi,Autumn,Kerala,2-3 times/week,0.4-0.7,Organic compost,10g/plant/month (Full dose - transitional growing season),Medium,Low,Low,Iron,Partial shade,19-29°C,75-95%,Low,"Continue regular harvesting; growth remains active in mild temperatures. Keep soil consistently moist; thrives in humid, marshy conditions."
Brahmi,Autumn,Tamil Nadu,2-3 times/week,0.4-0.7,Organic compost,10g/plant/month (Full dose - transitional growing season),Medium,Low,Low,Iron,Partial shade,20-30°C,65-85%,Low,"Continue regular harvesting; growth remains active in mild temperatures. Keep soil consistently moist; thrives in humid, marshy conditions."
Brahmi,Autumn,Karnataka,2-3 times/week,0.4-0.7,Organic compost,10g/plant/month (Full dose - transitional growing season),Medium,Low,Low,Iron,Partial shade,19-29°C,65-85%,Low,"Continue regular harvesting; growth remains active in mild temperatures. Keep soil consistently moist; thrives in humid, marshy conditions."
Brahmi,Autumn,Uttar Pradesh,2-3 times/week,0.4-0.7,Organic compost,10g/plant/month (Full dose - transitional growing season),Medium,Low,Low,Iron,Partial shade,22-32°C,55-75%,Low,"Continue regular harvesting; growth remains active in mild temperatures. Keep soil consistently moist; thrives in humid, marshy conditions."
Brahmi,Autumn,Madhya Pradesh,2-3 times/week,0.4-0.7,Organic compost,10g/plant/month (Full dose - transitional growing season),Medium,Low,Low,Iron,Partial shade,22-32°C,55-75%,Low,"Continue regular harvesting; growth remains active in mild temperatures. Keep soil consistently moist; thrives in humid, marshy conditions."
Brahmi,Monsoon,Kerala,As needed - only if no rain,0.2-0.4,Organic compost,5g/plant/month (Half dose or skip - avoid fertilizing before/during heavy rain (nutrient leaching)),Medium,Low,Low,Iron,Partial shade,19-29°C,75-95%,Low,"Ensure good drainage to prevent root rot and fungal leaf spots; avoid waterlogged pots. Keep soil consistently moist; thrives in humid, marshy conditions."
Brahmi,Monsoon,Tamil Nadu,As needed - only if no rain,0.2-0.4,Organic compost,5g/plant/month (Half dose or skip - avoid fertilizing before/during heavy rain (nutrient leaching)),Medium,Low,Low,Iron,Partial shade,20-30°C,65-85%,Low,"Ensure good drainage to prevent root rot and fungal leaf spots; avoid waterlogged pots. Keep soil consistently moist; thrives in humid, marshy conditions."
Brahmi,Monsoon,Karnataka,As needed - only if no rain,0.2-0.4,Organic compost,5g/plant/month (Half dose or skip - avoid fertilizing before/during heavy rain (nutrient leaching)),Medium,Low,Low,Iron,Partial shade,19-29°C,65-85%,Low,"Ensure good drainage to prevent root rot and fungal leaf spots; avoid waterlogged pots. Keep soil consistently moist; thrives in humid, marshy conditions."
Brahmi,Monsoon,Uttar Pradesh,As needed - only if no rain,0.2-0.4,Organic compost,5g/plant/month (Half dose or skip - avoid fertilizing before/during heavy rain (nutrient leaching)),Medium,Low,Low,Iron,Partial shade,22-32°C,55-75%,Low,"Ensure good drainage to prevent root rot and fungal leaf spots; avoid waterlogged pots. Keep soil consistently moist; thrives in humid, marshy conditions."
Brahmi,Monsoon,Madhya Pradesh,As needed - only if no rain,0.2-0.4,Organic compost,5g/plant/month (Half dose or skip - avoid fertilizing before/during heavy rain (nutrient leaching)),Medium,Low,Low,Iron,Partial shade,22-32°C,55-75%,Low,"Ensure good drainage to prevent root rot and fungal leaf spots; avoid waterlogged pots. Keep soil consistently moist; thrives in humid, marshy conditions."
Brahmi,Winter,Kerala,2 times/week,0.3-0.5,Organic compost,5g/plant/month (Half dose - reduced growth/dormancy),Medium,Low,Low,Iron,Partial shade,19-29°C,75-95%,Low,"Protect from frost/cold drafts; move containers indoors or to a sheltered spot if needed. Keep soil consistently moist; thrives in humid, marshy conditions."
Brahmi,Winter,Tamil Nadu,2 times/week,0.3-0.5,Organic compost,5g/plant/month (Half dose - reduced growth/dormancy),Medium,Low,Low,Iron,Partial shade,20-30°C,65-85%,Low,"Protect from frost/cold drafts; move containers indoors or to a sheltered spot if needed. Keep soil consistently moist; thrives in humid, marshy conditions."
Brahmi,Winter,Karnataka,2 times/week,0.3-0.5,Organic compost,5g/plant/month (Half dose - reduced growth/dormancy),Medium,Low,Low,Iron,Partial shade,19-29°C,65-85%,Low,"Protect from frost/cold drafts; move containers indoors or to a sheltered spot if needed. Keep soil consistently moist; thrives in humid, marshy conditions."
Brahmi,Winter,Uttar Pradesh,2 times/week,0.3-0.5,Organic compost,5g/plant/month (Half dose - reduced growth/dormancy),Medium,Low,Low,Iron,Partial shade,22-32°C,55-75%,Low,"Protect from frost/cold drafts; move containers indoors or to a sheltered spot if needed. Keep soil consistently moist; thrives in humid, marshy conditions."
Brahmi,Winter,Madhya Pradesh,2 times/week,0.3-0.5,Organic compost,5g/plant/month (Half dose - reduced growth/dormancy),Medium,Low,Low,Iron,Partial shade,22-32°C,55-75%,Low,"Protect from frost/cold drafts; move containers indoors or to a sheltered spot if needed. Keep soil consistently moist; thrives in humid, marshy conditions."
Brahmi,Windy,Kerala,Daily/alternate days,0.6-1,Organic compost,10g/plant/month (Full dose - same as normal growing schedule),Medium,Low,Low,Iron,Partial shade,19-29°C,75-95%,Low,"Stake or shelter tender stems; increase watering slightly as wind dries soil faster. Keep soil consistently moist; thrives in humid, marshy conditions."
Brahmi,Windy,Tamil Nadu,Daily/alternate days,0.6-1,Organic compost,10g/plant/month (Full dose - same as normal growing schedule),Medium,Low,Low,Iron,Partial shade,20-30°C,65-85%,Low,"Stake or shelter tender stems; increase watering slightly as wind dries soil faster. Keep soil consistently moist; thrives in humid, marshy conditions."
Brahmi,Windy,Karnataka,Daily/alternate days,0.6-1,Organic compost,10g/plant/month (Full dose - same as normal growing schedule),Medium,Low,Low,Iron,Partial shade,19-29°C,65-85%,Low,"Stake or shelter tender stems; increase watering slightly as wind dries soil faster. Keep soil consistently moist; thrives in humid, marshy conditions."
Brahmi,Windy,Uttar Pradesh,Daily/alternate days,0.6-1,Organic compost,10g/plant/month (Full dose - same as normal growing schedule),Medium,Low,Low,Iron,Partial shade,22-32°C,55-75%,Low,"Stake or shelter tender stems; increase watering slightly as wind dries soil faster. Keep soil consistently moist; thrives in humid, marshy conditions."
Brahmi,Windy,Madhya Pradesh,Daily/alternate days,0.6-1,Organic compost,10g/plant/month (Full dose - same as normal growing schedule),Medium,Low,Low,Iron,Partial shade,22-32°C,55-75%,Low,"Stake or shelter tender stems; increase watering slightly as wind dries soil faster. Keep soil consistently moist; thrives in humid, marshy conditions."
Moon Cactus,Summer,Delhi,1-2 times/week,0.3-0.5,Cactus fertilizer (low N),5g/plant/2 months (Full dose - active growth period),Low,Medium,Medium,Calcium,Bright indirect light,21-30°C,20-40%,Low,Provide full sun; water deeply then let soil dry completely before next watering. Grafted plant; avoid direct hot sun; let soil dry fully between waterings.
Moon Cactus,Summer,Maharashtra,1-2 times/week,0.3-0.5,Cactus fertilizer (low N),5g/plant/2 months (Full dose - active growth period),Low,Medium,Medium,Calcium,Bright indirect light,19-28°C,30-50%,Low,Provide full sun; water deeply then let soil dry completely before next watering. Grafted plant; avoid direct hot sun; let soil dry fully between waterings.
Moon Cactus,Summer,Karnataka,1-2 times/week,0.3-0.5,Cactus fertilizer (low N),5g/plant/2 months (Full dose - active growth period),Low,Medium,Medium,Calcium,Bright indirect light,17-26°C,35-55%,Low,Provide full sun; water deeply then let soil dry completely before next watering. Grafted plant; avoid direct hot sun; let soil dry fully between waterings.
Moon Cactus,Summer,West Bengal,1-2 times/week,0.3-0.5,Cactus fertilizer (low N),5g/plant/2 months (Full dose - active growth period),Low,Medium,Medium,Calcium,Bright indirect light,18-27°C,40-60%,Low,Provide full sun; water deeply then let soil dry completely before next watering. Grafted plant; avoid direct hot sun; let soil dry fully between waterings.
Moon Cactus,Summer,Tamil Nadu,1-2 times/week,0.3-0.5,Cactus fertilizer (low N),5g/plant/2 months (Full dose - active growth period),Low,Medium,Medium,Calcium,Bright indirect light,18-27°C,35-55%,Low,Provide full sun; water deeply then let soil dry completely before next watering. Grafted plant; avoid direct hot sun; let soil dry fully between waterings.
Moon Cactus,Autumn,Delhi,1-2 times/month,0.2-0.3,Cactus fertilizer (low N),5g/plant/2 months (Full dose - transitional growing season),Low,Medium,Medium,Calcium,Bright indirect light,21-30°C,20-40%,Low,Growth slows; begin tapering off watering frequency as temperatures drop. Grafted plant; avoid direct hot sun; let soil dry fully between waterings.
Moon Cactus,Autumn,Maharashtra,1-2 times/month,0.2-0.3,Cactus fertilizer (low N),5g/plant/2 months (Full dose - transitional growing season),Low,Medium,Medium,Calcium,Bright indirect light,19-28°C,30-50%,Low,Growth slows; begin tapering off watering frequency as temperatures drop. Grafted plant; avoid direct hot sun; let soil dry fully between waterings.
Moon Cactus,Autumn,Karnataka,1-2 times/month,0.2-0.3,Cactus fertilizer (low N),5g/plant/2 months (Full dose - transitional growing season),Low,Medium,Medium,Calcium,Bright indirect light,17-26°C,35-55%,Low,Growth slows; begin tapering off watering frequency as temperatures drop. Grafted plant; avoid direct hot sun; let soil dry fully between waterings.
Moon Cactus,Autumn,West Bengal,1-2 times/month,0.2-0.3,Cactus fertilizer (low N),5g/plant/2 months (Full dose - transitional growing season),Low,Medium,Medium,Calcium,Bright indirect light,18-27°C,40-60%,Low,Growth slows; begin tapering off watering frequency as temperatures drop. Grafted plant; avoid direct hot sun; let soil dry fully between waterings.
Moon Cactus,Autumn,Tamil Nadu,1-2 times/month,0.2-0.3,Cactus fertilizer (low N),5g/plant/2 months (Full dose - transitional growing season),Low,Medium,Medium,Calcium,Bright indirect light,18-27°C,35-55%,Low,Growth slows; begin tapering off watering frequency as temperatures drop. Grafted plant; avoid direct hot sun; let soil dry fully between waterings.
Moon Cactus,Monsoon,Delhi,Rarely - only if no rain for 2+ weeks,0.1-0.2,Cactus fertilizer (low N),2.5g/plant/2 months (Half dose or skip - avoid fertilizing before/during heavy rain (nutrient leaching)),Low,Medium,Medium,Calcium,Bright indirect light,21-30°C,20-40%,Low,Move under cover or ensure sharp drainage to prevent root rot from excess rain. Grafted plant; avoid direct hot sun; let soil dry fully between waterings.
Moon Cactus,Monsoon,Maharashtra,Rarely - only if no rain for 2+ weeks,0.1-0.2,Cactus fertilizer (low N),2.5g/plant/2 months (Half dose or skip - avoid fertilizing before/during heavy rain (nutrient leaching)),Low,Medium,Medium,Calcium,Bright indirect light,19-28°C,30-50%,Low,Move under cover or ensure sharp drainage to prevent root rot from excess rain. Grafted plant; avoid direct hot sun; let soil dry fully between waterings.
Moon Cactus,Monsoon,Karnataka,Rarely - only if no rain for 2+ weeks,0.1-0.2,Cactus fertilizer (low N),2.5g/plant/2 months (Half dose or skip - avoid fertilizing before/during heavy rain (nutrient leaching)),Low,Medium,Medium,Calcium,Bright indirect light,17-26°C,35-55%,Low,Move under cover or ensure sharp drainage to prevent root rot from excess rain. Grafted plant; avoid direct hot sun; let soil dry fully between waterings.
Moon Cactus,Monsoon,West Bengal,Rarely - only if no rain for 2+ weeks,0.1-0.2,Cactus fertilizer (low N),2.5g/plant/2 months (Half dose or skip - avoid fertilizing before/during heavy rain (nutrient leaching)),Low,Medium,Medium,Calcium,Bright indirect light,18-27°C,40-60%,Low,Move under cover or ensure sharp drainage to prevent root rot from excess rain. Grafted plant; avoid direct hot sun; let soil dry fully between waterings.
Moon Cactus,Monsoon,Tamil Nadu,Rarely - only if no rain for 2+ weeks,0.1-0.2,Cactus fertilizer (low N),2.5g/plant/2 months (Half dose or skip - avoid fertilizing before/during heavy rain (nutrient leaching)),Low,Medium,Medium,Calcium,Bright indirect light,18-27°C,35-55%,Low,Move under cover or ensure sharp drainage to prevent root rot from excess rain. Grafted plant; avoid direct hot sun; let soil dry fully between waterings.
Moon Cactus,Winter,Delhi,Once a month or less,0.1-0.2,Cactus fertilizer (low N),2.5g/plant/2 months (Half dose - reduced growth/dormancy),Low,Medium,Medium,Calcium,Bright indirect light,21-30°C,20-40%,Low,"Keep nearly dry and in a warm, bright spot; avoid cold, wet soil which causes rot. Grafted plant; avoid direct hot sun; let soil dry fully between waterings."
Moon Cactus,Winter,Maharashtra,Once a month or less,0.1-0.2,Cactus fertilizer (low N),2.5g/plant/2 months (Half dose - reduced growth/dormancy),Low,Medium,Medium,Calcium,Bright indirect light,19-28°C,30-50%,Low,"Keep nearly dry and in a warm, bright spot; avoid cold, wet soil which causes rot. Grafted plant; avoid direct hot sun; let soil dry fully between waterings."
Moon Cactus,Winter,Karnataka,Once a month or less,0.1-0.2,Cactus fertilizer (low N),2.5g/plant/2 months (Half dose - reduced growth/dormancy),Low,Medium,Medium,Calcium,Bright indirect light,17-26°C,35-55%,Low,"Keep nearly dry and in a warm, bright spot; avoid cold, wet soil which causes rot. Grafted plant; avoid direct hot sun; let soil dry fully between waterings."
Moon Cactus,Winter,West Bengal,Once a month or less,0.1-0.2,Cactus fertilizer (low N),2.5g/plant/2 months (Half dose - reduced growth/dormancy),Low,Medium,Medium,Calcium,Bright indirect light,18-27°C,40-60%,Low,"Keep nearly dry and in a warm, bright spot; avoid cold, wet soil which causes rot. Grafted plant; avoid direct hot sun; let soil dry fully between waterings."
Moon Cactus,Winter,Tamil Nadu,Once a month or less,0.1-0.2,Cactus fertilizer (low N),2.5g/plant/2 months (Half dose - reduced growth/dormancy),Low,Medium,Medium,Calcium,Bright indirect light,18-27°C,35-55%,Low,"Keep nearly dry and in a warm, bright spot; avoid cold, wet soil which causes rot. Grafted plant; avoid direct hot sun; let soil dry fully between waterings."
Moon Cactus,Windy,Delhi,1-2 times/week,0.3-0.5,Cactus fertilizer (low N),5g/plant/2 months (Full dose - same as normal growing schedule),Low,Medium,Medium,Calcium,Bright indirect light,21-30°C,20-40%,Low,Naturally wind hardy; no special protection needed; ensure pot/planting is stable. Grafted plant; avoid direct hot sun; let soil dry fully between waterings.
Moon Cactus,Windy,Maharashtra,1-2 times/week,0.3-0.5,Cactus fertilizer (low N),5g/plant/2 months (Full dose - same as normal growing schedule),Low,Medium,Medium,Calcium,Bright indirect light,19-28°C,30-50%,Low,Naturally wind hardy; no special protection needed; ensure pot/planting is stable. Grafted plant; avoid direct hot sun; let soil dry fully between waterings.
Moon Cactus,Windy,Karnataka,1-2 times/week,0.3-0.5,Cactus fertilizer (low N),5g/plant/2 months (Full dose - same as normal growing schedule),Low,Medium,Medium,Calcium,Bright indirect light,17-26°C,35-55%,Low,Naturally wind hardy; no special protection needed; ensure pot/planting is stable. Grafted plant; avoid direct hot sun; let soil dry fully between waterings.
Moon Cactus,Windy,West Bengal,1-2 times/week,0.3-0.5,Cactus fertilizer (low N),5g/plant/2 months (Full dose - same as normal growing schedule),Low,Medium,Medium,Calcium,Bright indirect light,18-27°C,40-60%,Low,Naturally wind hardy; no special protection needed; ensure pot/planting is stable. Grafted plant; avoid direct hot sun; let soil dry fully between waterings.
Moon Cactus,Windy,Tamil Nadu,1-2 times/week,0.3-0.5,Cactus fertilizer (low N),5g/plant/2 months (Full dose - same as normal growing schedule),Low,Medium,Medium,Calcium,Bright indirect light,18-27°C,35-55%,Low,Naturally wind hardy; no special protection needed; ensure pot/planting is stable. Grafted plant; avoid direct hot sun; let soil dry fully between waterings.
Opuntia Prickly Pear,Summer,Delhi,1-2 times/week,0.3-0.5,Cactus fertilizer (low N),10g/plant/2 months (Full dose - active growth period),Low,Medium,Medium,Calcium,Full sun,21-38°C,10-30%,High,Provide full sun; water deeply then let soil dry completely before next watering. Extremely drought tolerant; well-draining soil essential; handle with gloves.
Opuntia Prickly Pear,Summer,Maharashtra,1-2 times/week,0.3-0.5,Cactus fertilizer (low N),10g/plant/2 months (Full dose - active growth period),Low,Medium,Medium,Calcium,Full sun,19-36°C,20-40%,High,Provide full sun; water deeply then let soil dry completely before next watering. Extremely drought tolerant; well-draining soil essential; handle with gloves.
Opuntia Prickly Pear,Summer,Karnataka,1-2 times/week,0.3-0.5,Cactus fertilizer (low N),10g/plant/2 months (Full dose - active growth period),Low,Medium,Medium,Calcium,Full sun,17-34°C,25-45%,High,Provide full sun; water deeply then let soil dry completely before next watering. Extremely drought tolerant; well-draining soil essential; handle with gloves.
Opuntia Prickly Pear,Summer,West Bengal,1-2 times/week,0.3-0.5,Cactus fertilizer (low N),10g/plant/2 months (Full dose - active growth period),Low,Medium,Medium,Calcium,Full sun,18-35°C,30-50%,High,Provide full sun; water deeply then let soil dry completely before next watering. Extremely drought tolerant; well-draining soil essential; handle with gloves.
Opuntia Prickly Pear,Summer,Tamil Nadu,1-2 times/week,0.3-0.5,Cactus fertilizer (low N),10g/plant/2 months (Full dose - active growth period),Low,Medium,Medium,Calcium,Full sun,18-35°C,25-45%,High,Provide full sun; water deeply then let soil dry completely before next watering. Extremely drought tolerant; well-draining soil essential; handle with gloves.
Opuntia Prickly Pear,Autumn,Delhi,1-2 times/month,0.2-0.3,Cactus fertilizer (low N),10g/plant/2 months (Full dose - transitional growing season),Low,Medium,Medium,Calcium,Full sun,21-38°C,10-30%,High,Growth slows; begin tapering off watering frequency as temperatures drop. Extremely drought tolerant; well-draining soil essential; handle with gloves.
Opuntia Prickly Pear,Autumn,Maharashtra,1-2 times/month,0.2-0.3,Cactus fertilizer (low N),10g/plant/2 months (Full dose - transitional growing season),Low,Medium,Medium,Calcium,Full sun,19-36°C,20-40%,High,Growth slows; begin tapering off watering frequency as temperatures drop. Extremely drought tolerant; well-draining soil essential; handle with gloves.
Opuntia Prickly Pear,Autumn,Karnataka,1-2 times/month,0.2-0.3,Cactus fertilizer (low N),10g/plant/2 months (Full dose - transitional growing season),Low,Medium,Medium,Calcium,Full sun,17-34°C,25-45%,High,Growth slows; begin tapering off watering frequency as temperatures drop. Extremely drought tolerant; well-draining soil essential; handle with gloves.
Opuntia Prickly Pear,Autumn,West Bengal,1-2 times/month,0.2-0.3,Cactus fertilizer (low N),10g/plant/2 months (Full dose - transitional growing season),Low,Medium,Medium,Calcium,Full sun,18-35°C,30-50%,High,Growth slows; begin tapering off watering frequency as temperatures drop. Extremely drought tolerant; well-draining soil essential; handle with gloves.
Opuntia Prickly Pear,Autumn,Tamil Nadu,1-2 times/month,0.2-0.3,Cactus fertilizer (low N),10g/plant/2 months (Full dose - transitional growing season),Low,Medium,Medium,Calcium,Full sun,18-35°C,25-45%,High,Growth slows; begin tapering off watering frequency as temperatures drop. Extremely drought tolerant; well-draining soil essential; handle with gloves.
Opuntia Prickly Pear,Monsoon,Delhi,Rarely - only if no rain for 2+ weeks,0.1-0.2,Cactus fertilizer (low N),5g/plant/2 months (Half dose or skip - avoid fertilizing before/during heavy rain (nutrient leaching)),Low,Medium,Medium,Calcium,Full sun,21-38°C,10-30%,High,Move under cover or ensure sharp drainage to prevent root rot from excess rain. Extremely drought tolerant; well-draining soil essential; handle with gloves.
Opuntia Prickly Pear,Monsoon,Maharashtra,Rarely - only if no rain for 2+ weeks,0.1-0.2,Cactus fertilizer (low N),5g/plant/2 months (Half dose or skip - avoid fertilizing before/during heavy rain (nutrient leaching)),Low,Medium,Medium,Calcium,Full sun,19-36°C,20-40%,High,Move under cover or ensure sharp drainage to prevent root rot from excess rain. Extremely drought tolerant; well-draining soil essential; handle with gloves.
Opuntia Prickly Pear,Monsoon,Karnataka,Rarely - only if no rain for 2+ weeks,0.1-0.2,Cactus fertilizer (low N),5g/plant/2 months (Half dose or skip - avoid fertilizing before/during heavy rain (nutrient leaching)),Low,Medium,Medium,Calcium,Full sun,17-34°C,25-45%,High,Move under cover or ensure sharp drainage to prevent root rot from excess rain. Extremely drought tolerant; well-draining soil essential; handle with gloves.
Opuntia Prickly Pear,Monsoon,West Bengal,Rarely - only if no rain for 2+ weeks,0.1-0.2,Cactus fertilizer (low N),5g/plant/2 months (Half dose or skip - avoid fertilizing before/during heavy rain (nutrient leaching)),Low,Medium,Medium,Calcium,Full sun,18-35°C,30-50%,High,Move under cover or ensure sharp drainage to prevent root rot from excess rain. Extremely drought tolerant; well-draining soil essential; handle with gloves.
Opuntia Prickly Pear,Monsoon,Tamil Nadu,Rarely - only if no rain for 2+ weeks,0.1-0.2,Cactus fertilizer (low N),5g/plant/2 months (Half dose or skip - avoid fertilizing before/during heavy rain (nutrient leaching)),Low,Medium,Medium,Calcium,Full sun,18-35°C,25-45%,High,Move under cover or ensure sharp drainage to prevent root rot from excess rain. Extremely drought tolerant; well-draining soil essential; handle with gloves.
Opuntia Prickly Pear,Winter,Delhi,Once a month or less,0.1-0.2,Cactus fertilizer (low N),5g/plant/2 months (Half dose - reduced growth/dormancy),Low,Medium,Medium,Calcium,Full sun,21-38°C,10-30%,High,"Keep nearly dry and in a warm, bright spot; avoid cold, wet soil which causes rot. Extremely drought tolerant; well-draining soil essential; handle with gloves."
Opuntia Prickly Pear,Winter,Maharashtra,Once a month or less,0.1-0.2,Cactus fertilizer (low N),5g/plant/2 months (Half dose - reduced growth/dormancy),Low,Medium,Medium,Calcium,Full sun,19-36°C,20-40%,High,"Keep nearly dry and in a warm, bright spot; avoid cold, wet soil which causes rot. Extremely drought tolerant; well-draining soil essential; handle with gloves."
Opuntia Prickly Pear,Winter,Karnataka,Once a month or less,0.1-0.2,Cactus fertilizer (low N),5g/plant/2 months (Half dose - reduced growth/dormancy),Low,Medium,Medium,Calcium,Full sun,17-34°C,25-45%,High,"Keep nearly dry and in a warm, bright spot; avoid cold, wet soil which causes rot. Extremely drought tolerant; well-draining soil essential; handle with gloves."
Opuntia Prickly Pear,Winter,West Bengal,Once a month or less,0.1-0.2,Cactus fertilizer (low N),5g/plant/2 months (Half dose - reduced growth/dormancy),Low,Medium,Medium,Calcium,Full sun,18-35°C,30-50%,High,"Keep nearly dry and in a warm, bright spot; avoid cold, wet soil which causes rot. Extremely drought tolerant; well-draining soil essential; handle with gloves."
Opuntia Prickly Pear,Winter,Tamil Nadu,Once a month or less,0.1-0.2,Cactus fertilizer (low N),5g/plant/2 months (Half dose - reduced growth/dormancy),Low,Medium,Medium,Calcium,Full sun,18-35°C,25-45%,High,"Keep nearly dry and in a warm, bright spot; avoid cold, wet soil which causes rot. Extremely drought tolerant; well-draining soil essential; handle with gloves."
Opuntia Prickly Pear,Windy,Delhi,1-2 times/week,0.3-0.5,Cactus fertilizer (low N),10g/plant/2 months (Full dose - same as normal growing schedule),Low,Medium,Medium,Calcium,Full sun,21-38°C,10-30%,High,Naturally wind hardy; no special protection needed; ensure pot/planting is stable. Extremely drought tolerant; well-draining soil essential; handle with gloves.
Opuntia Prickly Pear,Windy,Maharashtra,1-2 times/week,0.3-0.5,Cactus fertilizer (low N),10g/plant/2 months (Full dose - same as normal growing schedule),Low,Medium,Medium,Calcium,Full sun,19-36°C,20-40%,High,Naturally wind hardy; no special protection needed; ensure pot/planting is stable. Extremely drought tolerant; well-draining soil essential; handle with gloves.
Opuntia Prickly Pear,Windy,Karnataka,1-2 times/week,0.3-0.5,Cactus fertilizer (low N),10g/plant/2 months (Full dose - same as normal growing schedule),Low,Medium,Medium,Calcium,Full sun,17-34°C,25-45%,High,Naturally wind hardy; no special protection needed; ensure pot/planting is stable. Extremely drought tolerant; well-draining soil essential; handle with gloves.
Opuntia Prickly Pear,Windy,West Bengal,1-2 times/week,0.3-0.5,Cactus fertilizer (low N),10g/plant/2 months (Full dose - same as normal growing schedule),Low,Medium,Medium,Calcium,Full sun,18-35°C,30-50%,High,Naturally wind hardy; no special protection needed; ensure pot/planting is stable. Extremely drought tolerant; well-draining soil essential; handle with gloves.
Opuntia Prickly Pear,Windy,Tamil Nadu,1-2 times/week,0.3-0.5,Cactus fertilizer (low N),10g/plant/2 months (Full dose - same as normal growing schedule),Low,Medium,Medium,Calcium,Full sun,18-35°C,25-45%,High,Naturally wind hardy; no special protection needed; ensure pot/planting is stable. Extremely drought tolerant; well-draining soil essential; handle with gloves.
Papaya,Summer,Andhra Pradesh,2-3 times/week,05-Oct,NPK 14-14-14,100g/plant/month (Full dose - active growth period),High,Medium,High,"Boron, Zinc",Full sun,23-36°C,55-75%,Low,Mulch to retain soil moisture; water at the base to avoid leaf diseases. Needs well-drained soil; avoid waterlogging (root rot prone); support young plants from wind.
Papaya,Summer,Tamil Nadu,2-3 times/week,05-Oct,NPK 14-14-14,100g/plant/month (Full dose - active growth period),High,Medium,High,"Boron, Zinc",Full sun,22-35°C,55-75%,Low,Mulch to retain soil moisture; water at the base to avoid leaf diseases. Needs well-drained soil; avoid waterlogging (root rot prone); support young plants from wind.
Papaya,Summer,Karnataka,2-3 times/week,05-Oct,NPK 14-14-14,100g/plant/month (Full dose - active growth period),High,Medium,High,"Boron, Zinc",Full sun,21-34°C,55-75%,Low,Mulch to retain soil moisture; water at the base to avoid leaf diseases. Needs well-drained soil; avoid waterlogging (root rot prone); support young plants from wind.
Papaya,Summer,Gujarat,2-3 times/week,05-Oct,NPK 14-14-14,100g/plant/month (Full dose - active growth period),High,Medium,High,"Boron, Zinc",Full sun,24-37°C,40-60%,Low,Mulch to retain soil moisture; water at the base to avoid leaf diseases. Needs well-drained soil; avoid waterlogging (root rot prone); support young plants from wind.
Papaya,Summer,West Bengal,2-3 times/week,05-Oct,NPK 14-14-14,100g/plant/month (Full dose - active growth period),High,Medium,High,"Boron, Zinc",Full sun,22-35°C,60-80%,Low,Mulch to retain soil moisture; water at the base to avoid leaf diseases. Needs well-drained soil; avoid waterlogging (root rot prone); support young plants from wind.
Papaya,Autumn,Andhra Pradesh,1-2 times/week,03-Jun,NPK 14-14-14,100g/plant/month (Full dose - transitional growing season),High,Medium,High,"Boron, Zinc",Full sun,23-36°C,55-75%,Low,Good growing period; maintain consistent watering as fruiting/harvest continues. Needs well-drained soil; avoid waterlogging (root rot prone); support young plants from wind.
Papaya,Autumn,Tamil Nadu,1-2 times/week,03-Jun,NPK 14-14-14,100g/plant/month (Full dose - transitional growing season),High,Medium,High,"Boron, Zinc",Full sun,22-35°C,55-75%,Low,Good growing period; maintain consistent watering as fruiting/harvest continues. Needs well-drained soil; avoid waterlogging (root rot prone); support young plants from wind.
Papaya,Autumn,Karnataka,1-2 times/week,03-Jun,NPK 14-14-14,100g/plant/month (Full dose - transitional growing season),High,Medium,High,"Boron, Zinc",Full sun,21-34°C,55-75%,Low,Good growing period; maintain consistent watering as fruiting/harvest continues. Needs well-drained soil; avoid waterlogging (root rot prone); support young plants from wind.
Papaya,Autumn,Gujarat,1-2 times/week,03-Jun,NPK 14-14-14,100g/plant/month (Full dose - transitional growing season),High,Medium,High,"Boron, Zinc",Full sun,24-37°C,40-60%,Low,Good growing period; maintain consistent watering as fruiting/harvest continues. Needs well-drained soil; avoid waterlogging (root rot prone); support young plants from wind.
Papaya,Autumn,West Bengal,1-2 times/week,03-Jun,NPK 14-14-14,100g/plant/month (Full dose - transitional growing season),High,Medium,High,"Boron, Zinc",Full sun,22-35°C,60-80%,Low,Good growing period; maintain consistent watering as fruiting/harvest continues. Needs well-drained soil; avoid waterlogging (root rot prone); support young plants from wind.
Papaya,Monsoon,Andhra Pradesh,Minimal - rainfall usually sufficient,01-Feb,NPK 14-14-14,50g/plant/month (Half dose or skip - avoid fertilizing before/during heavy rain (nutrient leaching)),High,Medium,High,"Boron, Zinc",Full sun,23-36°C,55-75%,Low,Ensure raised beds/good drainage; watch for fungal disease and pest pressure. Needs well-drained soil; avoid waterlogging (root rot prone); support young plants from wind.
Papaya,Monsoon,Tamil Nadu,Minimal - rainfall usually sufficient,01-Feb,NPK 14-14-14,50g/plant/month (Half dose or skip - avoid fertilizing before/during heavy rain (nutrient leaching)),High,Medium,High,"Boron, Zinc",Full sun,22-35°C,55-75%,Low,Ensure raised beds/good drainage; watch for fungal disease and pest pressure. Needs well-drained soil; avoid waterlogging (root rot prone); support young plants from wind.
Papaya,Monsoon,Karnataka,Minimal - rainfall usually sufficient,01-Feb,NPK 14-14-14,50g/plant/month (Half dose or skip - avoid fertilizing before/during heavy rain (nutrient leaching)),High,Medium,High,"Boron, Zinc",Full sun,21-34°C,55-75%,Low,Ensure raised beds/good drainage; watch for fungal disease and pest pressure. Needs well-drained soil; avoid waterlogging (root rot prone); support young plants from wind.
Papaya,Monsoon,Gujarat,Minimal - rainfall usually sufficient,01-Feb,NPK 14-14-14,50g/plant/month (Half dose or skip - avoid fertilizing before/during heavy rain (nutrient leaching)),High,Medium,High,"Boron, Zinc",Full sun,24-37°C,40-60%,Low,Ensure raised beds/good drainage; watch for fungal disease and pest pressure. Needs well-drained soil; avoid waterlogging (root rot prone); support young plants from wind.
Papaya,Monsoon,West Bengal,Minimal - rainfall usually sufficient,01-Feb,NPK 14-14-14,50g/plant/month (Half dose or skip - avoid fertilizing before/during heavy rain (nutrient leaching)),High,Medium,High,"Boron, Zinc",Full sun,22-35°C,60-80%,Low,Ensure raised beds/good drainage; watch for fungal disease and pest pressure. Needs well-drained soil; avoid waterlogging (root rot prone); support young plants from wind.
Papaya,Winter,Andhra Pradesh,1 time/week,02-Apr,NPK 14-14-14,50g/plant/month (Half dose - reduced growth/dormancy),High,Medium,High,"Boron, Zinc",Full sun,23-36°C,55-75%,Low,Protect from frost; reduce watering frequency as growth slows in cool weather. Needs well-drained soil; avoid waterlogging (root rot prone); support young plants from wind.
Papaya,Winter,Tamil Nadu,1 time/week,02-Apr,NPK 14-14-14,50g/plant/month (Half dose - reduced growth/dormancy),High,Medium,High,"Boron, Zinc",Full sun,22-35°C,55-75%,Low,Protect from frost; reduce watering frequency as growth slows in cool weather. Needs well-drained soil; avoid waterlogging (root rot prone); support young plants from wind.
Papaya,Winter,Karnataka,1 time/week,02-Apr,NPK 14-14-14,50g/plant/month (Half dose - reduced growth/dormancy),High,Medium,High,"Boron, Zinc",Full sun,21-34°C,55-75%,Low,Protect from frost; reduce watering frequency as growth slows in cool weather. Needs well-drained soil; avoid waterlogging (root rot prone); support young plants from wind.
Papaya,Winter,Gujarat,1 time/week,02-Apr,NPK 14-14-14,50g/plant/month (Half dose - reduced growth/dormancy),High,Medium,High,"Boron, Zinc",Full sun,24-37°C,40-60%,Low,Protect from frost; reduce watering frequency as growth slows in cool weather. Needs well-drained soil; avoid waterlogging (root rot prone); support young plants from wind.
Papaya,Winter,West Bengal,1 time/week,02-Apr,NPK 14-14-14,50g/plant/month (Half dose - reduced growth/dormancy),High,Medium,High,"Boron, Zinc",Full sun,22-35°C,60-80%,Low,Protect from frost; reduce watering frequency as growth slows in cool weather. Needs well-drained soil; avoid waterlogging (root rot prone); support young plants from wind.
Papaya,Windy,Andhra Pradesh,2 times/week,06-Oct,NPK 14-14-14,100g/plant/month (Full dose - same as normal growing schedule),High,Medium,High,"Boron, Zinc",Full sun,23-36°C,55-75%,Low,Stake or cage plants for support; shield young seedlings from strong gusts. Needs well-drained soil; avoid waterlogging (root rot prone); support young plants from wind.
Papaya,Windy,Tamil Nadu,2 times/week,06-Oct,NPK 14-14-14,100g/plant/month (Full dose - same as normal growing schedule),High,Medium,High,"Boron, Zinc",Full sun,22-35°C,55-75%,Low,Stake or cage plants for support; shield young seedlings from strong gusts. Needs well-drained soil; avoid waterlogging (root rot prone); support young plants from wind.
Papaya,Windy,Karnataka,2 times/week,06-Oct,NPK 14-14-14,100g/plant/month (Full dose - same as normal growing schedule),High,Medium,High,"Boron, Zinc",Full sun,21-34°C,55-75%,Low,Stake or cage plants for support; shield young seedlings from strong gusts. Needs well-drained soil; avoid waterlogging (root rot prone); support young plants from wind.
Papaya,Windy,Gujarat,2 times/week,06-Oct,NPK 14-14-14,100g/plant/month (Full dose - same as normal growing schedule),High,Medium,High,"Boron, Zinc",Full sun,24-37°C,40-60%,Low,Stake or cage plants for support; shield young seedlings from strong gusts. Needs well-drained soil; avoid waterlogging (root rot prone); support young plants from wind.
Papaya,Windy,West Bengal,2 times/week,06-Oct,NPK 14-14-14,100g/plant/month (Full dose - same as normal growing schedule),High,Medium,High,"Boron, Zinc",Full sun,22-35°C,60-80%,Low,Stake or cage plants for support; shield young seedlings from strong gusts. Needs well-drained soil; avoid waterlogging (root rot prone); support young plants from wind.
Gymnocalycium,Summer,Delhi,1-2 times/week,0.3-0.5,Cactus fertilizer (low N),5g/plant/2 months (Full dose - active growth period),Low,Medium,Medium,Calcium,Bright indirect to full sun,21-31°C,20-40%,Low,Provide full sun; water deeply then let soil dry completely before next watering. Well-draining cactus mix; reduce watering drastically in winter.
Gymnocalycium,Summer,Maharashtra,1-2 times/week,0.3-0.5,Cactus fertilizer (low N),5g/plant/2 months (Full dose - active growth period),Low,Medium,Medium,Calcium,Bright indirect to full sun,19-29°C,30-50%,Low,Provide full sun; water deeply then let soil dry completely before next watering. Well-draining cactus mix; reduce watering drastically in winter.
Gymnocalycium,Summer,Karnataka,1-2 times/week,0.3-0.5,Cactus fertilizer (low N),5g/plant/2 months (Full dose - active growth period),Low,Medium,Medium,Calcium,Bright indirect to full sun,17-27°C,35-55%,Low,Provide full sun; water deeply then let soil dry completely before next watering. Well-draining cactus mix; reduce watering drastically in winter.
Gymnocalycium,Summer,West Bengal,1-2 times/week,0.3-0.5,Cactus fertilizer (low N),5g/plant/2 months (Full dose - active growth period),Low,Medium,Medium,Calcium,Bright indirect to full sun,18-28°C,40-60%,Low,Provide full sun; water deeply then let soil dry completely before next watering. Well-draining cactus mix; reduce watering drastically in winter.
Gymnocalycium,Summer,Tamil Nadu,1-2 times/week,0.3-0.5,Cactus fertilizer (low N),5g/plant/2 months (Full dose - active growth period),Low,Medium,Medium,Calcium,Bright indirect to full sun,18-28°C,35-55%,Low,Provide full sun; water deeply then let soil dry completely before next watering. Well-draining cactus mix; reduce watering drastically in winter.
Gymnocalycium,Autumn,Delhi,1-2 times/month,0.2-0.3,Cactus fertilizer (low N),5g/plant/2 months (Full dose - transitional growing season),Low,Medium,Medium,Calcium,Bright indirect to full sun,21-31°C,20-40%,Low,Growth slows; begin tapering off watering frequency as temperatures drop. Well-draining cactus mix; reduce watering drastically in winter.
Gymnocalycium,Autumn,Maharashtra,1-2 times/month,0.2-0.3,Cactus fertilizer (low N),5g/plant/2 months (Full dose - transitional growing season),Low,Medium,Medium,Calcium,Bright indirect to full sun,19-29°C,30-50%,Low,Growth slows; begin tapering off watering frequency as temperatures drop. Well-draining cactus mix; reduce watering drastically in winter.
Gymnocalycium,Autumn,Karnataka,1-2 times/month,0.2-0.3,Cactus fertilizer (low N),5g/plant/2 months (Full dose - transitional growing season),Low,Medium,Medium,Calcium,Bright indirect to full sun,17-27°C,35-55%,Low,Growth slows; begin tapering off watering frequency as temperatures drop. Well-draining cactus mix; reduce watering drastically in winter.
Gymnocalycium,Autumn,West Bengal,1-2 times/month,0.2-0.3,Cactus fertilizer (low N),5g/plant/2 months (Full dose - transitional growing season),Low,Medium,Medium,Calcium,Bright indirect to full sun,18-28°C,40-60%,Low,Growth slows; begin tapering off watering frequency as temperatures drop. Well-draining cactus mix; reduce watering drastically in winter.
Gymnocalycium,Autumn,Tamil Nadu,1-2 times/month,0.2-0.3,Cactus fertilizer (low N),5g/plant/2 months (Full dose - transitional growing season),Low,Medium,Medium,Calcium,Bright indirect to full sun,18-28°C,35-55%,Low,Growth slows; begin tapering off watering frequency as temperatures drop. Well-draining cactus mix; reduce watering drastically in winter.
Gymnocalycium,Monsoon,Delhi,Rarely - only if no rain for 2+ weeks,0.1-0.2,Cactus fertilizer (low N),2.5g/plant/2 months (Half dose or skip - avoid fertilizing before/during heavy rain (nutrient leaching)),Low,Medium,Medium,Calcium,Bright indirect to full sun,21-31°C,20-40%,Low,Move under cover or ensure sharp drainage to prevent root rot from excess rain. Well-draining cactus mix; reduce watering drastically in winter.
Gymnocalycium,Monsoon,Maharashtra,Rarely - only if no rain for 2+ weeks,0.1-0.2,Cactus fertilizer (low N),2.5g/plant/2 months (Half dose or skip - avoid fertilizing before/during heavy rain (nutrient leaching)),Low,Medium,Medium,Calcium,Bright indirect to full sun,19-29°C,30-50%,Low,Move under cover or ensure sharp drainage to prevent root rot from excess rain. Well-draining cactus mix; reduce watering drastically in winter.
Gymnocalycium,Monsoon,Karnataka,Rarely - only if no rain for 2+ weeks,0.1-0.2,Cactus fertilizer (low N),2.5g/plant/2 months (Half dose or skip - avoid fertilizing before/during heavy rain (nutrient leaching)),Low,Medium,Medium,Calcium,Bright indirect to full sun,17-27°C,35-55%,Low,Move under cover or ensure sharp drainage to prevent root rot from excess rain. Well-draining cactus mix; reduce watering drastically in winter.
Gymnocalycium,Monsoon,West Bengal,Rarely - only if no rain for 2+ weeks,0.1-0.2,Cactus fertilizer (low N),2.5g/plant/2 months (Half dose or skip - avoid fertilizing before/during heavy rain (nutrient leaching)),Low,Medium,Medium,Calcium,Bright indirect to full sun,18-28°C,40-60%,Low,Move under cover or ensure sharp drainage to prevent root rot from excess rain. Well-draining cactus mix; reduce watering drastically in winter.
Gymnocalycium,Monsoon,Tamil Nadu,Rarely - only if no rain for 2+ weeks,0.1-0.2,Cactus fertilizer (low N),2.5g/plant/2 months (Half dose or skip - avoid fertilizing before/during heavy rain (nutrient leaching)),Low,Medium,Medium,Calcium,Bright indirect to full sun,18-28°C,35-55%,Low,Move under cover or ensure sharp drainage to prevent root rot from excess rain. Well-draining cactus mix; reduce watering drastically in winter.
Gymnocalycium,Winter,Delhi,Once a month or less,0.1-0.2,Cactus fertilizer (low N),2.5g/plant/2 months (Half dose - reduced growth/dormancy),Low,Medium,Medium,Calcium,Bright indirect to full sun,21-31°C,20-40%,Low,"Keep nearly dry and in a warm, bright spot; avoid cold, wet soil which causes rot. Well-draining cactus mix; reduce watering drastically in winter."
Gymnocalycium,Winter,Maharashtra,Once a month or less,0.1-0.2,Cactus fertilizer (low N),2.5g/plant/2 months (Half dose - reduced growth/dormancy),Low,Medium,Medium,Calcium,Bright indirect to full sun,19-29°C,30-50%,Low,"Keep nearly dry and in a warm, bright spot; avoid cold, wet soil which causes rot. Well-draining cactus mix; reduce watering drastically in winter."
Gymnocalycium,Winter,Karnataka,Once a month or less,0.1-0.2,Cactus fertilizer (low N),2.5g/plant/2 months (Half dose - reduced growth/dormancy),Low,Medium,Medium,Calcium,Bright indirect to full sun,17-27°C,35-55%,Low,"Keep nearly dry and in a warm, bright spot; avoid cold, wet soil which causes rot. Well-draining cactus mix; reduce watering drastically in winter."
Gymnocalycium,Winter,West Bengal,Once a month or less,0.1-0.2,Cactus fertilizer (low N),2.5g/plant/2 months (Half dose - reduced growth/dormancy),Low,Medium,Medium,Calcium,Bright indirect to full sun,18-28°C,40-60%,Low,"Keep nearly dry and in a warm, bright spot; avoid cold, wet soil which causes rot. Well-draining cactus mix; reduce watering drastically in winter."
Gymnocalycium,Winter,Tamil Nadu,Once a month or less,0.1-0.2,Cactus fertilizer (low N),2.5g/plant/2 months (Half dose - reduced growth/dormancy),Low,Medium,Medium,Calcium,Bright indirect to full sun,18-28°C,35-55%,Low,"Keep nearly dry and in a warm, bright spot; avoid cold, wet soil which causes rot. Well-draining cactus mix; reduce watering drastically in winter."
Gymnocalycium,Windy,Delhi,1-2 times/week,0.3-0.5,Cactus fertilizer (low N),5g/plant/2 months (Full dose - same as normal growing schedule),Low,Medium,Medium,Calcium,Bright indirect to full sun,21-31°C,20-40%,Low,Naturally wind hardy; no special protection needed; ensure pot/planting is stable. Well-draining cactus mix; reduce watering drastically in winter.
Gymnocalycium,Windy,Maharashtra,1-2 times/week,0.3-0.5,Cactus fertilizer (low N),5g/plant/2 months (Full dose - same as normal growing schedule),Low,Medium,Medium,Calcium,Bright indirect to full sun,19-29°C,30-50%,Low,Naturally wind hardy; no special protection needed; ensure pot/planting is stable. Well-draining cactus mix; reduce watering drastically in winter.
Gymnocalycium,Windy,Karnataka,1-2 times/week,0.3-0.5,Cactus fertilizer (low N),5g/plant/2 months (Full dose - same as normal growing schedule),Low,Medium,Medium,Calcium,Bright indirect to full sun,17-27°C,35-55%,Low,Naturally wind hardy; no special protection needed; ensure pot/planting is stable. Well-draining cactus mix; reduce watering drastically in winter.
Gymnocalycium,Windy,West Bengal,1-2 times/week,0.3-0.5,Cactus fertilizer (low N),5g/plant/2 months (Full dose - same as normal growing schedule),Low,Medium,Medium,Calcium,Bright indirect to full sun,18-28°C,40-60%,Low,Naturally wind hardy; no special protection needed; ensure pot/planting is stable. Well-draining cactus mix; reduce watering drastically in winter.
Gymnocalycium,Windy,Tamil Nadu,1-2 times/week,0.3-0.5,Cactus fertilizer (low N),5g/plant/2 months (Full dose - same as normal growing schedule),Low,Medium,Medium,Calcium,Bright indirect to full sun,18-28°C,35-55%,Low,Naturally wind hardy; no special protection needed; ensure pot/planting is stable. Well-draining cactus mix; reduce watering drastically in winter.
Tomato Plant,Summer,Andhra Pradesh,Daily/alternate days,01-Feb,NPK 19-19-19 or tomato special,15g/plant/2 weeks (Full dose - active growth period),Medium,High,High,"Calcium, Magnesium, Boron",Full sun (6-8 hrs),19-30°C,55-75%,Low,Mulch to retain soil moisture; water at the base to avoid leaf diseases. Stake or cage for support; prune suckers; consistent watering prevents blossom end rot.
Tomato Plant,Summer,Karnataka,Daily/alternate days,01-Feb,NPK 19-19-19 or tomato special,15g/plant/2 weeks (Full dose - active growth period),Medium,High,High,"Calcium, Magnesium, Boron",Full sun (6-8 hrs),17-28°C,55-75%,Low,Mulch to retain soil moisture; water at the base to avoid leaf diseases. Stake or cage for support; prune suckers; consistent watering prevents blossom end rot.
Tomato Plant,Summer,Madhya Pradesh,Daily/alternate days,01-Feb,NPK 19-19-19 or tomato special,15g/plant/2 weeks (Full dose - active growth period),Medium,High,High,"Calcium, Magnesium, Boron",Full sun (6-8 hrs),20-31°C,45-65%,Low,Mulch to retain soil moisture; water at the base to avoid leaf diseases. Stake or cage for support; prune suckers; consistent watering prevents blossom end rot.
Tomato Plant,Summer,Maharashtra,Daily/alternate days,01-Feb,NPK 19-19-19 or tomato special,15g/plant/2 weeks (Full dose - active growth period),Medium,High,High,"Calcium, Magnesium, Boron",Full sun (6-8 hrs),19-30°C,50-70%,Low,Mulch to retain soil moisture; water at the base to avoid leaf diseases. Stake or cage for support; prune suckers; consistent watering prevents blossom end rot.
Tomato Plant,Summer,Odisha,Daily/alternate days,01-Feb,NPK 19-19-19 or tomato special,15g/plant/2 weeks (Full dose - active growth period),Medium,High,High,"Calcium, Magnesium, Boron",Full sun (6-8 hrs),19-30°C,58-78%,Low,Mulch to retain soil moisture; water at the base to avoid leaf diseases. Stake or cage for support; prune suckers; consistent watering prevents blossom end rot.
Tomato Plant,Autumn,Andhra Pradesh,Alternate days,1-1.5,NPK 19-19-19 or tomato special,15g/plant/2 weeks (Full dose - transitional growing season),Medium,High,High,"Calcium, Magnesium, Boron",Full sun (6-8 hrs),19-30°C,55-75%,Low,Good growing period; maintain consistent watering as fruiting/harvest continues. Stake or cage for support; prune suckers; consistent watering prevents blossom end rot.
Tomato Plant,Autumn,Karnataka,Alternate days,1-1.5,NPK 19-19-19 or tomato special,15g/plant/2 weeks (Full dose - transitional growing season),Medium,High,High,"Calcium, Magnesium, Boron",Full sun (6-8 hrs),17-28°C,55-75%,Low,Good growing period; maintain consistent watering as fruiting/harvest continues. Stake or cage for support; prune suckers; consistent watering prevents blossom end rot.
Tomato Plant,Autumn,Madhya Pradesh,Alternate days,1-1.5,NPK 19-19-19 or tomato special,15g/plant/2 weeks (Full dose - transitional growing season),Medium,High,High,"Calcium, Magnesium, Boron",Full sun (6-8 hrs),20-31°C,45-65%,Low,Good growing period; maintain consistent watering as fruiting/harvest continues. Stake or cage for support; prune suckers; consistent watering prevents blossom end rot.
Tomato Plant,Autumn,Maharashtra,Alternate days,1-1.5,NPK 19-19-19 or tomato special,15g/plant/2 weeks (Full dose - transitional growing season),Medium,High,High,"Calcium, Magnesium, Boron",Full sun (6-8 hrs),19-30°C,50-70%,Low,Good growing period; maintain consistent watering as fruiting/harvest continues. Stake or cage for support; prune suckers; consistent watering prevents blossom end rot.
Tomato Plant,Autumn,Odisha,Alternate days,1-1.5,NPK 19-19-19 or tomato special,15g/plant/2 weeks (Full dose - transitional growing season),Medium,High,High,"Calcium, Magnesium, Boron",Full sun (6-8 hrs),19-30°C,58-78%,Low,Good growing period; maintain consistent watering as fruiting/harvest continues. Stake or cage for support; prune suckers; consistent watering prevents blossom end rot.
Tomato Plant,Monsoon,Andhra Pradesh,Reduce - watch waterlogging/fungal disease,0.5-1,NPK 19-19-19 or tomato special,7.5g/plant/2 weeks (Half dose or skip - avoid fertilizing before/during heavy rain (nutrient leaching)),Medium,High,High,"Calcium, Magnesium, Boron",Full sun (6-8 hrs),19-30°C,55-75%,Low,Ensure raised beds/good drainage; watch for fungal disease and pest pressure. Stake or cage for support; prune suckers; consistent watering prevents blossom end rot.
Tomato Plant,Monsoon,Karnataka,Reduce - watch waterlogging/fungal disease,0.5-1,NPK 19-19-19 or tomato special,7.5g/plant/2 weeks (Half dose or skip - avoid fertilizing before/during heavy rain (nutrient leaching)),Medium,High,High,"Calcium, Magnesium, Boron",Full sun (6-8 hrs),17-28°C,55-75%,Low,Ensure raised beds/good drainage; watch for fungal disease and pest pressure. Stake or cage for support; prune suckers; consistent watering prevents blossom end rot.
Tomato Plant,Monsoon,Madhya Pradesh,Reduce - watch waterlogging/fungal disease,0.5-1,NPK 19-19-19 or tomato special,7.5g/plant/2 weeks (Half dose or skip - avoid fertilizing before/during heavy rain (nutrient leaching)),Medium,High,High,"Calcium, Magnesium, Boron",Full sun (6-8 hrs),20-31°C,45-65%,Low,Ensure raised beds/good drainage; watch for fungal disease and pest pressure. Stake or cage for support; prune suckers; consistent watering prevents blossom end rot.
Tomato Plant,Monsoon,Maharashtra,Reduce - watch waterlogging/fungal disease,0.5-1,NPK 19-19-19 or tomato special,7.5g/plant/2 weeks (Half dose or skip - avoid fertilizing before/during heavy rain (nutrient leaching)),Medium,High,High,"Calcium, Magnesium, Boron",Full sun (6-8 hrs),19-30°C,50-70%,Low,Ensure raised beds/good drainage; watch for fungal disease and pest pressure. Stake or cage for support; prune suckers; consistent watering prevents blossom end rot.
Tomato Plant,Monsoon,Odisha,Reduce - watch waterlogging/fungal disease,0.5-1,NPK 19-19-19 or tomato special,7.5g/plant/2 weeks (Half dose or skip - avoid fertilizing before/during heavy rain (nutrient leaching)),Medium,High,High,"Calcium, Magnesium, Boron",Full sun (6-8 hrs),19-30°C,58-78%,Low,Ensure raised beds/good drainage; watch for fungal disease and pest pressure. Stake or cage for support; prune suckers; consistent watering prevents blossom end rot.
Tomato Plant,Winter,Andhra Pradesh,2-3 times/week,0.5-1,NPK 19-19-19 or tomato special,7.5g/plant/2 weeks (Half dose - reduced growth/dormancy),Medium,High,High,"Calcium, Magnesium, Boron",Full sun (6-8 hrs),19-30°C,55-75%,Low,Protect from frost; reduce watering frequency as growth slows in cool weather. Stake or cage for support; prune suckers; consistent watering prevents blossom end rot.
Tomato Plant,Winter,Karnataka,2-3 times/week,0.5-1,NPK 19-19-19 or tomato special,7.5g/plant/2 weeks (Half dose - reduced growth/dormancy),Medium,High,High,"Calcium, Magnesium, Boron",Full sun (6-8 hrs),17-28°C,55-75%,Low,Protect from frost; reduce watering frequency as growth slows in cool weather. Stake or cage for support; prune suckers; consistent watering prevents blossom end rot.
Tomato Plant,Winter,Madhya Pradesh,2-3 times/week,0.5-1,NPK 19-19-19 or tomato special,7.5g/plant/2 weeks (Half dose - reduced growth/dormancy),Medium,High,High,"Calcium, Magnesium, Boron",Full sun (6-8 hrs),20-31°C,45-65%,Low,Protect from frost; reduce watering frequency as growth slows in cool weather. Stake or cage for support; prune suckers; consistent watering prevents blossom end rot.
Tomato Plant,Winter,Maharashtra,2-3 times/week,0.5-1,NPK 19-19-19 or tomato special,7.5g/plant/2 weeks (Half dose - reduced growth/dormancy),Medium,High,High,"Calcium, Magnesium, Boron",Full sun (6-8 hrs),19-30°C,50-70%,Low,Protect from frost; reduce watering frequency as growth slows in cool weather. Stake or cage for support; prune suckers; consistent watering prevents blossom end rot.
Tomato Plant,Winter,Odisha,2-3 times/week,0.5-1,NPK 19-19-19 or tomato special,7.5g/plant/2 weeks (Half dose - reduced growth/dormancy),Medium,High,High,"Calcium, Magnesium, Boron",Full sun (6-8 hrs),19-30°C,58-78%,Low,Protect from frost; reduce watering frequency as growth slows in cool weather. Stake or cage for support; prune suckers; consistent watering prevents blossom end rot.
Tomato Plant,Windy,Andhra Pradesh,Daily,1.5-2.5,NPK 19-19-19 or tomato special,15g/plant/2 weeks (Full dose - same as normal growing schedule),Medium,High,High,"Calcium, Magnesium, Boron",Full sun (6-8 hrs),19-30°C,55-75%,Low,Stake or cage plants for support; shield young seedlings from strong gusts. Stake or cage for support; prune suckers; consistent watering prevents blossom end rot.
Tomato Plant,Windy,Karnataka,Daily,1.5-2.5,NPK 19-19-19 or tomato special,15g/plant/2 weeks (Full dose - same as normal growing schedule),Medium,High,High,"Calcium, Magnesium, Boron",Full sun (6-8 hrs),17-28°C,55-75%,Low,Stake or cage plants for support; shield young seedlings from strong gusts. Stake or cage for support; prune suckers; consistent watering prevents blossom end rot.
Tomato Plant,Windy,Madhya Pradesh,Daily,1.5-2.5,NPK 19-19-19 or tomato special,15g/plant/2 weeks (Full dose - same as normal growing schedule),Medium,High,High,"Calcium, Magnesium, Boron",Full sun (6-8 hrs),20-31°C,45-65%,Low,Stake or cage plants for support; shield young seedlings from strong gusts. Stake or cage for support; prune suckers; consistent watering prevents blossom end rot.
Tomato Plant,Windy,Maharashtra,Daily,1.5-2.5,NPK 19-19-19 or tomato special,15g/plant/2 weeks (Full dose - same as normal growing schedule),Medium,High,High,"Calcium, Magnesium, Boron",Full sun (6-8 hrs),19-30°C,50-70%,Low,Stake or cage plants for support; shield young seedlings from strong gusts. Stake or cage for support; prune suckers; consistent watering prevents blossom end rot.
Tomato Plant,Windy,Odisha,Daily,1.5-2.5,NPK 19-19-19 or tomato special,15g/plant/2 weeks (Full dose - same as normal growing schedule),Medium,High,High,"Calcium, Magnesium, Boron",Full sun (6-8 hrs),19-30°C,58-78%,Low,Stake or cage plants for support; shield young seedlings from strong gusts. Stake or cage for support; prune suckers; consistent watering prevents blossom end rot.
Chili Plant,Summer,Andhra Pradesh,Daily/alternate days,01-Feb,NPK 19-19-19,10g/plant/2 weeks (Full dose - active growth period),Medium,High,High,"Calcium, Magnesium",Full sun,21-33°C,45-65%,Low,Mulch to retain soil moisture; water at the base to avoid leaf diseases. Avoid overwatering; consistent moisture during flowering/fruiting for best yield.
Chili Plant,Summer,Telangana,Daily/alternate days,01-Feb,NPK 19-19-19,10g/plant/2 weeks (Full dose - active growth period),Medium,High,High,"Calcium, Magnesium",Full sun,21-33°C,40-60%,Low,Mulch to retain soil moisture; water at the base to avoid leaf diseases. Avoid overwatering; consistent moisture during flowering/fruiting for best yield.
Chili Plant,Summer,Karnataka,Daily/alternate days,01-Feb,NPK 19-19-19,10g/plant/2 weeks (Full dose - active growth period),Medium,High,High,"Calcium, Magnesium",Full sun,19-31°C,45-65%,Low,Mulch to retain soil moisture; water at the base to avoid leaf diseases. Avoid overwatering; consistent moisture during flowering/fruiting for best yield.
Chili Plant,Summer,Maharashtra,Daily/alternate days,01-Feb,NPK 19-19-19,10g/plant/2 weeks (Full dose - active growth period),Medium,High,High,"Calcium, Magnesium",Full sun,21-33°C,40-60%,Low,Mulch to retain soil moisture; water at the base to avoid leaf diseases. Avoid overwatering; consistent moisture during flowering/fruiting for best yield.
Chili Plant,Summer,Madhya Pradesh,Daily/alternate days,01-Feb,NPK 19-19-19,10g/plant/2 weeks (Full dose - active growth period),Medium,High,High,"Calcium, Magnesium",Full sun,22-34°C,35-55%,Low,Mulch to retain soil moisture; water at the base to avoid leaf diseases. Avoid overwatering; consistent moisture during flowering/fruiting for best yield.
Chili Plant,Autumn,Andhra Pradesh,Alternate days,1-1.5,NPK 19-19-19,10g/plant/2 weeks (Full dose - transitional growing season),Medium,High,High,"Calcium, Magnesium",Full sun,21-33°C,45-65%,Low,Good growing period; maintain consistent watering as fruiting/harvest continues. Avoid overwatering; consistent moisture during flowering/fruiting for best yield.
Chili Plant,Autumn,Telangana,Alternate days,1-1.5,NPK 19-19-19,10g/plant/2 weeks (Full dose - transitional growing season),Medium,High,High,"Calcium, Magnesium",Full sun,21-33°C,40-60%,Low,Good growing period; maintain consistent watering as fruiting/harvest continues. Avoid overwatering; consistent moisture during flowering/fruiting for best yield.
Chili Plant,Autumn,Karnataka,Alternate days,1-1.5,NPK 19-19-19,10g/plant/2 weeks (Full dose - transitional growing season),Medium,High,High,"Calcium, Magnesium",Full sun,19-31°C,45-65%,Low,Good growing period; maintain consistent watering as fruiting/harvest continues. Avoid overwatering; consistent moisture during flowering/fruiting for best yield.
Chili Plant,Autumn,Maharashtra,Alternate days,1-1.5,NPK 19-19-19,10g/plant/2 weeks (Full dose - transitional growing season),Medium,High,High,"Calcium, Magnesium",Full sun,21-33°C,40-60%,Low,Good growing period; maintain consistent watering as fruiting/harvest continues. Avoid overwatering; consistent moisture during flowering/fruiting for best yield.
Chili Plant,Autumn,Madhya Pradesh,Alternate days,1-1.5,NPK 19-19-19,10g/plant/2 weeks (Full dose - transitional growing season),Medium,High,High,"Calcium, Magnesium",Full sun,22-34°C,35-55%,Low,Good growing period; maintain consistent watering as fruiting/harvest continues. Avoid overwatering; consistent moisture during flowering/fruiting for best yield.
Chili Plant,Monsoon,Andhra Pradesh,Reduce - watch waterlogging/fungal disease,0.5-1,NPK 19-19-19,5g/plant/2 weeks (Half dose or skip - avoid fertilizing before/during heavy rain (nutrient leaching)),Medium,High,High,"Calcium, Magnesium",Full sun,21-33°C,45-65%,Low,Ensure raised beds/good drainage; watch for fungal disease and pest pressure. Avoid overwatering; consistent moisture during flowering/fruiting for best yield.
Chili Plant,Monsoon,Telangana,Reduce - watch waterlogging/fungal disease,0.5-1,NPK 19-19-19,5g/plant/2 weeks (Half dose or skip - avoid fertilizing before/during heavy rain (nutrient leaching)),Medium,High,High,"Calcium, Magnesium",Full sun,21-33°C,40-60%,Low,Ensure raised beds/good drainage; watch for fungal disease and pest pressure. Avoid overwatering; consistent moisture during flowering/fruiting for best yield.
Chili Plant,Monsoon,Karnataka,Reduce - watch waterlogging/fungal disease,0.5-1,NPK 19-19-19,5g/plant/2 weeks (Half dose or skip - avoid fertilizing before/during heavy rain (nutrient leaching)),Medium,High,High,"Calcium, Magnesium",Full sun,19-31°C,45-65%,Low,Ensure raised beds/good drainage; watch for fungal disease and pest pressure. Avoid overwatering; consistent moisture during flowering/fruiting for best yield.
Chili Plant,Monsoon,Maharashtra,Reduce - watch waterlogging/fungal disease,0.5-1,NPK 19-19-19,5g/plant/2 weeks (Half dose or skip - avoid fertilizing before/during heavy rain (nutrient leaching)),Medium,High,High,"Calcium, Magnesium",Full sun,21-33°C,40-60%,Low,Ensure raised beds/good drainage; watch for fungal disease and pest pressure. Avoid overwatering; consistent moisture during flowering/fruiting for best yield.
Chili Plant,Monsoon,Madhya Pradesh,Reduce - watch waterlogging/fungal disease,0.5-1,NPK 19-19-19,5g/plant/2 weeks (Half dose or skip - avoid fertilizing before/during heavy rain (nutrient leaching)),Medium,High,High,"Calcium, Magnesium",Full sun,22-34°C,35-55%,Low,Ensure raised beds/good drainage; watch for fungal disease and pest pressure. Avoid overwatering; consistent moisture during flowering/fruiting for best yield.
Chili Plant,Winter,Andhra Pradesh,2-3 times/week,0.5-1,NPK 19-19-19,5g/plant/2 weeks (Half dose - reduced growth/dormancy),Medium,High,High,"Calcium, Magnesium",Full sun,21-33°C,45-65%,Low,Protect from frost; reduce watering frequency as growth slows in cool weather. Avoid overwatering; consistent moisture during flowering/fruiting for best yield.
Chili Plant,Winter,Telangana,2-3 times/week,0.5-1,NPK 19-19-19,5g/plant/2 weeks (Half dose - reduced growth/dormancy),Medium,High,High,"Calcium, Magnesium",Full sun,21-33°C,40-60%,Low,Protect from frost; reduce watering frequency as growth slows in cool weather. Avoid overwatering; consistent moisture during flowering/fruiting for best yield.
Chili Plant,Winter,Karnataka,2-3 times/week,0.5-1,NPK 19-19-19,5g/plant/2 weeks (Half dose - reduced growth/dormancy),Medium,High,High,"Calcium, Magnesium",Full sun,19-31°C,45-65%,Low,Protect from frost; reduce watering frequency as growth slows in cool weather. Avoid overwatering; consistent moisture during flowering/fruiting for best yield.
Chili Plant,Winter,Maharashtra,2-3 times/week,0.5-1,NPK 19-19-19,5g/plant/2 weeks (Half dose - reduced growth/dormancy),Medium,High,High,"Calcium, Magnesium",Full sun,21-33°C,40-60%,Low,Protect from frost; reduce watering frequency as growth slows in cool weather. Avoid overwatering; consistent moisture during flowering/fruiting for best yield.
Chili Plant,Winter,Madhya Pradesh,2-3 times/week,0.5-1,NPK 19-19-19,5g/plant/2 weeks (Half dose - reduced growth/dormancy),Medium,High,High,"Calcium, Magnesium",Full sun,22-34°C,35-55%,Low,Protect from frost; reduce watering frequency as growth slows in cool weather. Avoid overwatering; consistent moisture during flowering/fruiting for best yield.
Chili Plant,Windy,Andhra Pradesh,Daily,1.5-2.5,NPK 19-19-19,10g/plant/2 weeks (Full dose - same as normal growing schedule),Medium,High,High,"Calcium, Magnesium",Full sun,21-33°C,45-65%,Low,Stake or cage plants for support; shield young seedlings from strong gusts. Avoid overwatering; consistent moisture during flowering/fruiting for best yield.
Chili Plant,Windy,Telangana,Daily,1.5-2.5,NPK 19-19-19,10g/plant/2 weeks (Full dose - same as normal growing schedule),Medium,High,High,"Calcium, Magnesium",Full sun,21-33°C,40-60%,Low,Stake or cage plants for support; shield young seedlings from strong gusts. Avoid overwatering; consistent moisture during flowering/fruiting for best yield.
Chili Plant,Windy,Karnataka,Daily,1.5-2.5,NPK 19-19-19,10g/plant/2 weeks (Full dose - same as normal growing schedule),Medium,High,High,"Calcium, Magnesium",Full sun,19-31°C,45-65%,Low,Stake or cage plants for support; shield young seedlings from strong gusts. Avoid overwatering; consistent moisture during flowering/fruiting for best yield.
Chili Plant,Windy,Maharashtra,Daily,1.5-2.5,NPK 19-19-19,10g/plant/2 weeks (Full dose - same as normal growing schedule),Medium,High,High,"Calcium, Magnesium",Full sun,21-33°C,40-60%,Low,Stake or cage plants for support; shield young seedlings from strong gusts. Avoid overwatering; consistent moisture during flowering/fruiting for best yield.
Chili Plant,Windy,Madhya Pradesh,Daily,1.5-2.5,NPK 19-19-19,10g/plant/2 weeks (Full dose - same as normal growing schedule),Medium,High,High,"Calcium, Magnesium",Full sun,22-34°C,35-55%,Low,Stake or cage plants for support; shield young seedlings from strong gusts. Avoid overwatering; consistent moisture during flowering/fruiting for best yield.
Spinach Plant,Summer,Uttar Pradesh,Daily/alternate days,01-Feb,NPK 20-10-10,10g/plant/2 weeks (Full dose - active growth period),High,Low,Medium,Iron,Full sun to partial shade,Oct-24,35-55%,Low,Mulch to retain soil moisture; water at the base to avoid leaf diseases. Fast growing leafy green; harvest outer leaves; bolts in heat.
Spinach Plant,Summer,West Bengal,Daily/alternate days,01-Feb,NPK 20-10-10,10g/plant/2 weeks (Full dose - active growth period),High,Low,Medium,Iron,Full sun to partial shade,Oct-24,50-70%,Low,Mulch to retain soil moisture; water at the base to avoid leaf diseases. Fast growing leafy green; harvest outer leaves; bolts in heat.
Spinach Plant,Summer,Bihar,Daily/alternate days,01-Feb,NPK 20-10-10,10g/plant/2 weeks (Full dose - active growth period),High,Low,Medium,Iron,Full sun to partial shade,Oct-24,45-65%,Low,Mulch to retain soil moisture; water at the base to avoid leaf diseases. Fast growing leafy green; harvest outer leaves; bolts in heat.
Spinach Plant,Summer,Punjab,Daily/alternate days,01-Feb,NPK 20-10-10,10g/plant/2 weeks (Full dose - active growth period),High,Low,Medium,Iron,Full sun to partial shade,Oct-24,35-55%,Low,Mulch to retain soil moisture; water at the base to avoid leaf diseases. Fast growing leafy green; harvest outer leaves; bolts in heat.
Spinach Plant,Summer,Haryana,Daily/alternate days,01-Feb,NPK 20-10-10,10g/plant/2 weeks (Full dose - active growth period),High,Low,Medium,Iron,Full sun to partial shade,Oct-24,32-52%,Low,Mulch to retain soil moisture; water at the base to avoid leaf diseases. Fast growing leafy green; harvest outer leaves; bolts in heat.
Spinach Plant,Autumn,Uttar Pradesh,Alternate days,1-1.5,NPK 20-10-10,10g/plant/2 weeks (Full dose - transitional growing season),High,Low,Medium,Iron,Full sun to partial shade,Oct-24,35-55%,Low,Good growing period; maintain consistent watering as fruiting/harvest continues. Fast growing leafy green; harvest outer leaves; bolts in heat.
Spinach Plant,Autumn,West Bengal,Alternate days,1-1.5,NPK 20-10-10,10g/plant/2 weeks (Full dose - transitional growing season),High,Low,Medium,Iron,Full sun to partial shade,Oct-24,50-70%,Low,Good growing period; maintain consistent watering as fruiting/harvest continues. Fast growing leafy green; harvest outer leaves; bolts in heat.
Spinach Plant,Autumn,Bihar,Alternate days,1-1.5,NPK 20-10-10,10g/plant/2 weeks (Full dose - transitional growing season),High,Low,Medium,Iron,Full sun to partial shade,Oct-24,45-65%,Low,Good growing period; maintain consistent watering as fruiting/harvest continues. Fast growing leafy green; harvest outer leaves; bolts in heat.
Spinach Plant,Autumn,Punjab,Alternate days,1-1.5,NPK 20-10-10,10g/plant/2 weeks (Full dose - transitional growing season),High,Low,Medium,Iron,Full sun to partial shade,Oct-24,35-55%,Low,Good growing period; maintain consistent watering as fruiting/harvest continues. Fast growing leafy green; harvest outer leaves; bolts in heat.
Spinach Plant,Autumn,Haryana,Alternate days,1-1.5,NPK 20-10-10,10g/plant/2 weeks (Full dose - transitional growing season),High,Low,Medium,Iron,Full sun to partial shade,Oct-24,32-52%,Low,Good growing period; maintain consistent watering as fruiting/harvest continues. Fast growing leafy green; harvest outer leaves; bolts in heat.
Spinach Plant,Monsoon,Uttar Pradesh,Reduce - watch waterlogging/fungal disease,0.5-1,NPK 20-10-10,5g/plant/2 weeks (Half dose or skip - avoid fertilizing before/during heavy rain (nutrient leaching)),High,Low,Medium,Iron,Full sun to partial shade,Oct-24,35-55%,Low,Ensure raised beds/good drainage; watch for fungal disease and pest pressure. Fast growing leafy green; harvest outer leaves; bolts in heat.
Spinach Plant,Monsoon,West Bengal,Reduce - watch waterlogging/fungal disease,0.5-1,NPK 20-10-10,5g/plant/2 weeks (Half dose or skip - avoid fertilizing before/during heavy rain (nutrient leaching)),High,Low,Medium,Iron,Full sun to partial shade,Oct-24,50-70%,Low,Ensure raised beds/good drainage; watch for fungal disease and pest pressure. Fast growing leafy green; harvest outer leaves; bolts in heat.
Spinach Plant,Monsoon,Bihar,Reduce - watch waterlogging/fungal disease,0.5-1,NPK 20-10-10,5g/plant/2 weeks (Half dose or skip - avoid fertilizing before/during heavy rain (nutrient leaching)),High,Low,Medium,Iron,Full sun to partial shade,Oct-24,45-65%,Low,Ensure raised beds/good drainage; watch for fungal disease and pest pressure. Fast growing leafy green; harvest outer leaves; bolts in heat.
Spinach Plant,Monsoon,Punjab,Reduce - watch waterlogging/fungal disease,0.5-1,NPK 20-10-10,5g/plant/2 weeks (Half dose or skip - avoid fertilizing before/during heavy rain (nutrient leaching)),High,Low,Medium,Iron,Full sun to partial shade,Oct-24,35-55%,Low,Ensure raised beds/good drainage; watch for fungal disease and pest pressure. Fast growing leafy green; harvest outer leaves; bolts in heat.
Spinach Plant,Monsoon,Haryana,Reduce - watch waterlogging/fungal disease,0.5-1,NPK 20-10-10,5g/plant/2 weeks (Half dose or skip - avoid fertilizing before/during heavy rain (nutrient leaching)),High,Low,Medium,Iron,Full sun to partial shade,Oct-24,32-52%,Low,Ensure raised beds/good drainage; watch for fungal disease and pest pressure. Fast growing leafy green; harvest outer leaves; bolts in heat.
Spinach Plant,Winter,Uttar Pradesh,Alternate days,1-1.5,NPK 20-10-10,5g/plant/2 weeks (Half dose - reduced growth/dormancy),High,Low,Medium,Iron,Full sun to partial shade,Oct-24,35-55%,Low,Protect from frost; reduce watering frequency as growth slows in cool weather. Fast growing leafy green; harvest outer leaves; bolts in heat.
Spinach Plant,Winter,West Bengal,Alternate days,1-1.5,NPK 20-10-10,5g/plant/2 weeks (Half dose - reduced growth/dormancy),High,Low,Medium,Iron,Full sun to partial shade,Oct-24,50-70%,Low,Protect from frost; reduce watering frequency as growth slows in cool weather. Fast growing leafy green; harvest outer leaves; bolts in heat.
Spinach Plant,Winter,Bihar,Alternate days,1-1.5,NPK 20-10-10,5g/plant/2 weeks (Half dose - reduced growth/dormancy),High,Low,Medium,Iron,Full sun to partial shade,Oct-24,45-65%,Low,Protect from frost; reduce watering frequency as growth slows in cool weather. Fast growing leafy green; harvest outer leaves; bolts in heat.
Spinach Plant,Winter,Punjab,Alternate days,1-1.5,NPK 20-10-10,5g/plant/2 weeks (Half dose - reduced growth/dormancy),High,Low,Medium,Iron,Full sun to partial shade,Oct-24,35-55%,Low,Protect from frost; reduce watering frequency as growth slows in cool weather. Fast growing leafy green; harvest outer leaves; bolts in heat.
Spinach Plant,Winter,Haryana,Alternate days,1-1.5,NPK 20-10-10,5g/plant/2 weeks (Half dose - reduced growth/dormancy),High,Low,Medium,Iron,Full sun to partial shade,Oct-24,32-52%,Low,Protect from frost; reduce watering frequency as growth slows in cool weather. Fast growing leafy green; harvest outer leaves; bolts in heat.
Spinach Plant,Windy,Uttar Pradesh,Daily,1.5-2.5,NPK 20-10-10,10g/plant/2 weeks (Full dose - same as normal growing schedule),High,Low,Medium,Iron,Full sun to partial shade,Oct-24,35-55%,Low,Stake or cage plants for support; shield young seedlings from strong gusts. Fast growing leafy green; harvest outer leaves; bolts in heat.
Spinach Plant,Windy,West Bengal,Daily,1.5-2.5,NPK 20-10-10,10g/plant/2 weeks (Full dose - same as normal growing schedule),High,Low,Medium,Iron,Full sun to partial shade,Oct-24,50-70%,Low,Stake or cage plants for support; shield young seedlings from strong gusts. Fast growing leafy green; harvest outer leaves; bolts in heat.
Spinach Plant,Windy,Bihar,Daily,1.5-2.5,NPK 20-10-10,10g/plant/2 weeks (Full dose - same as normal growing schedule),High,Low,Medium,Iron,Full sun to partial shade,Oct-24,45-65%,Low,Stake or cage plants for support; shield young seedlings from strong gusts. Fast growing leafy green; harvest outer leaves; bolts in heat.
Spinach Plant,Windy,Punjab,Daily,1.5-2.5,NPK 20-10-10,10g/plant/2 weeks (Full dose - same as normal growing schedule),High,Low,Medium,Iron,Full sun to partial shade,Oct-24,35-55%,Low,Stake or cage plants for support; shield young seedlings from strong gusts. Fast growing leafy green; harvest outer leaves; bolts in heat.
Spinach Plant,Windy,Haryana,Daily,1.5-2.5,NPK 20-10-10,10g/plant/2 weeks (Full dose - same as normal growing schedule),High,Low,Medium,Iron,Full sun to partial shade,Oct-24,32-52%,Low,Stake or cage plants for support; shield young seedlings from strong gusts. Fast growing leafy green; harvest outer leaves; bolts in heat.
Coriander Plant,Summer,Rajasthan,Daily/alternate days,0.5-1,NPK 10-10-10,5g/plant/2 weeks (Full dose - active growth period),Medium,Low,Low,Iron,Full sun to partial shade,19-31°C,25-45%,Low,Harvest regularly to encourage bushy growth; provide light afternoon shade in extreme heat. Sow seeds directly; harvest leaves regularly to delay bolting.
Coriander Plant,Summer,Madhya Pradesh,Daily/alternate days,0.5-1,NPK 10-10-10,5g/plant/2 weeks (Full dose - active growth period),Medium,Low,Low,Iron,Full sun to partial shade,17-29°C,35-55%,Low,Harvest regularly to encourage bushy growth; provide light afternoon shade in extreme heat. Sow seeds directly; harvest leaves regularly to delay bolting.
Coriander Plant,Summer,Gujarat,Daily/alternate days,0.5-1,NPK 10-10-10,5g/plant/2 weeks (Full dose - active growth period),Medium,Low,Low,Iron,Full sun to partial shade,17-29°C,30-50%,Low,Harvest regularly to encourage bushy growth; provide light afternoon shade in extreme heat. Sow seeds directly; harvest leaves regularly to delay bolting.
Coriander Plant,Summer,Tamil Nadu,Daily/alternate days,0.5-1,NPK 10-10-10,5g/plant/2 weeks (Full dose - active growth period),Medium,Low,Low,Iron,Full sun to partial shade,15-27°C,45-65%,Low,Harvest regularly to encourage bushy growth; provide light afternoon shade in extreme heat. Sow seeds directly; harvest leaves regularly to delay bolting.
Coriander Plant,Summer,Punjab,Daily/alternate days,0.5-1,NPK 10-10-10,5g/plant/2 weeks (Full dose - active growth period),Medium,Low,Low,Iron,Full sun to partial shade,17-29°C,35-55%,Low,Harvest regularly to encourage bushy growth; provide light afternoon shade in extreme heat. Sow seeds directly; harvest leaves regularly to delay bolting.
Coriander Plant,Autumn,Rajasthan,2-3 times/week,0.4-0.7,NPK 10-10-10,5g/plant/2 weeks (Full dose - transitional growing season),Medium,Low,Low,Iron,Full sun to partial shade,19-31°C,25-45%,Low,Continue regular harvesting; growth remains active in mild temperatures. Sow seeds directly; harvest leaves regularly to delay bolting.
Coriander Plant,Autumn,Madhya Pradesh,2-3 times/week,0.4-0.7,NPK 10-10-10,5g/plant/2 weeks (Full dose - transitional growing season),Medium,Low,Low,Iron,Full sun to partial shade,17-29°C,35-55%,Low,Continue regular harvesting; growth remains active in mild temperatures. Sow seeds directly; harvest leaves regularly to delay bolting.
Coriander Plant,Autumn,Gujarat,2-3 times/week,0.4-0.7,NPK 10-10-10,5g/plant/2 weeks (Full dose - transitional growing season),Medium,Low,Low,Iron,Full sun to partial shade,17-29°C,30-50%,Low,Continue regular harvesting; growth remains active in mild temperatures. Sow seeds directly; harvest leaves regularly to delay bolting.
Coriander Plant,Autumn,Tamil Nadu,2-3 times/week,0.4-0.7,NPK 10-10-10,5g/plant/2 weeks (Full dose - transitional growing season),Medium,Low,Low,Iron,Full sun to partial shade,15-27°C,45-65%,Low,Continue regular harvesting; growth remains active in mild temperatures. Sow seeds directly; harvest leaves regularly to delay bolting.
Coriander Plant,Autumn,Punjab,2-3 times/week,0.4-0.7,NPK 10-10-10,5g/plant/2 weeks (Full dose - transitional growing season),Medium,Low,Low,Iron,Full sun to partial shade,17-29°C,35-55%,Low,Continue regular harvesting; growth remains active in mild temperatures. Sow seeds directly; harvest leaves regularly to delay bolting.
Coriander Plant,Monsoon,Rajasthan,As needed - only if no rain,0.2-0.4,NPK 10-10-10,2.5g/plant/2 weeks (Half dose or skip - avoid fertilizing before/during heavy rain (nutrient leaching)),Medium,Low,Low,Iron,Full sun to partial shade,19-31°C,25-45%,Low,Ensure good drainage to prevent root rot and fungal leaf spots; avoid waterlogged pots. Sow seeds directly; harvest leaves regularly to delay bolting.
Coriander Plant,Monsoon,Madhya Pradesh,As needed - only if no rain,0.2-0.4,NPK 10-10-10,2.5g/plant/2 weeks (Half dose or skip - avoid fertilizing before/during heavy rain (nutrient leaching)),Medium,Low,Low,Iron,Full sun to partial shade,17-29°C,35-55%,Low,Ensure good drainage to prevent root rot and fungal leaf spots; avoid waterlogged pots. Sow seeds directly; harvest leaves regularly to delay bolting.
Coriander Plant,Monsoon,Gujarat,As needed - only if no rain,0.2-0.4,NPK 10-10-10,2.5g/plant/2 weeks (Half dose or skip - avoid fertilizing before/during heavy rain (nutrient leaching)),Medium,Low,Low,Iron,Full sun to partial shade,17-29°C,30-50%,Low,Ensure good drainage to prevent root rot and fungal leaf spots; avoid waterlogged pots. Sow seeds directly; harvest leaves regularly to delay bolting.
Coriander Plant,Monsoon,Tamil Nadu,As needed - only if no rain,0.2-0.4,NPK 10-10-10,2.5g/plant/2 weeks (Half dose or skip - avoid fertilizing before/during heavy rain (nutrient leaching)),Medium,Low,Low,Iron,Full sun to partial shade,15-27°C,45-65%,Low,Ensure good drainage to prevent root rot and fungal leaf spots; avoid waterlogged pots. Sow seeds directly; harvest leaves regularly to delay bolting.
Coriander Plant,Monsoon,Punjab,As needed - only if no rain,0.2-0.4,NPK 10-10-10,2.5g/plant/2 weeks (Half dose or skip - avoid fertilizing before/during heavy rain (nutrient leaching)),Medium,Low,Low,Iron,Full sun to partial shade,17-29°C,35-55%,Low,Ensure good drainage to prevent root rot and fungal leaf spots; avoid waterlogged pots. Sow seeds directly; harvest leaves regularly to delay bolting.
Coriander Plant,Winter,Rajasthan,2-3 times/week,0.4-0.7,NPK 10-10-10,2.5g/plant/2 weeks (Half dose - reduced growth/dormancy),Medium,Low,Low,Iron,Full sun to partial shade,19-31°C,25-45%,Low,Protect from frost/cold drafts; move containers indoors or to a sheltered spot if needed. Sow seeds directly; harvest leaves regularly to delay bolting.
Coriander Plant,Winter,Madhya Pradesh,2-3 times/week,0.4-0.7,NPK 10-10-10,2.5g/plant/2 weeks (Half dose - reduced growth/dormancy),Medium,Low,Low,Iron,Full sun to partial shade,17-29°C,35-55%,Low,Protect from frost/cold drafts; move containers indoors or to a sheltered spot if needed. Sow seeds directly; harvest leaves regularly to delay bolting.
Coriander Plant,Winter,Gujarat,2-3 times/week,0.4-0.7,NPK 10-10-10,2.5g/plant/2 weeks (Half dose - reduced growth/dormancy),Medium,Low,Low,Iron,Full sun to partial shade,17-29°C,30-50%,Low,Protect from frost/cold drafts; move containers indoors or to a sheltered spot if needed. Sow seeds directly; harvest leaves regularly to delay bolting.
Coriander Plant,Winter,Tamil Nadu,2-3 times/week,0.4-0.7,NPK 10-10-10,2.5g/plant/2 weeks (Half dose - reduced growth/dormancy),Medium,Low,Low,Iron,Full sun to partial shade,15-27°C,45-65%,Low,Protect from frost/cold drafts; move containers indoors or to a sheltered spot if needed. Sow seeds directly; harvest leaves regularly to delay bolting.
Coriander Plant,Winter,Punjab,2-3 times/week,0.4-0.7,NPK 10-10-10,2.5g/plant/2 weeks (Half dose - reduced growth/dormancy),Medium,Low,Low,Iron,Full sun to partial shade,17-29°C,35-55%,Low,Protect from frost/cold drafts; move containers indoors or to a sheltered spot if needed. Sow seeds directly; harvest leaves regularly to delay bolting.
Coriander Plant,Windy,Rajasthan,Daily/alternate days,0.6-1,NPK 10-10-10,5g/plant/2 weeks (Full dose - same as normal growing schedule),Medium,Low,Low,Iron,Full sun to partial shade,19-31°C,25-45%,Low,Stake or shelter tender stems; increase watering slightly as wind dries soil faster. Sow seeds directly; harvest leaves regularly to delay bolting.
Coriander Plant,Windy,Madhya Pradesh,Daily/alternate days,0.6-1,NPK 10-10-10,5g/plant/2 weeks (Full dose - same as normal growing schedule),Medium,Low,Low,Iron,Full sun to partial shade,17-29°C,35-55%,Low,Stake or shelter tender stems; increase watering slightly as wind dries soil faster. Sow seeds directly; harvest leaves regularly to delay bolting.
Coriander Plant,Windy,Gujarat,Daily/alternate days,0.6-1,NPK 10-10-10,5g/plant/2 weeks (Full dose - same as normal growing schedule),Medium,Low,Low,Iron,Full sun to partial shade,17-29°C,30-50%,Low,Stake or shelter tender stems; increase watering slightly as wind dries soil faster. Sow seeds directly; harvest leaves regularly to delay bolting.
Coriander Plant,Windy,Tamil Nadu,Daily/alternate days,0.6-1,NPK 10-10-10,5g/plant/2 weeks (Full dose - same as normal growing schedule),Medium,Low,Low,Iron,Full sun to partial shade,15-27°C,45-65%,Low,Stake or shelter tender stems; increase watering slightly as wind dries soil faster. Sow seeds directly; harvest leaves regularly to delay bolting.
Coriander Plant,Windy,Punjab,Daily/alternate days,0.6-1,NPK 10-10-10,5g/plant/2 weeks (Full dose - same as normal growing schedule),Medium,Low,Low,Iron,Full sun to partial shade,17-29°C,35-55%,Low,Stake or shelter tender stems; increase watering slightly as wind dries soil faster. Sow seeds directly; harvest leaves regularly to delay bolting.
Mint Plant,Summer,Uttar Pradesh,Daily/alternate days,0.5-1,Organic compost/NPK 10-10-10,10g/plant/month (Full dose - active growth period),Medium,Low,Medium,Iron,Partial shade to full sun,20-32°C,45-65%,Low,Harvest regularly to encourage bushy growth; provide light afternoon shade in extreme heat. Invasive spreadergrow in containers; keep soil consistently moist.
Mint Plant,Summer,Punjab,Daily/alternate days,0.5-1,Organic compost/NPK 10-10-10,10g/plant/month (Full dose - active growth period),Medium,Low,Medium,Iron,Partial shade to full sun,20-32°C,45-65%,Low,Harvest regularly to encourage bushy growth; provide light afternoon shade in extreme heat. Invasive spreadergrow in containers; keep soil consistently moist.
Mint Plant,Summer,Bihar,Daily/alternate days,0.5-1,Organic compost/NPK 10-10-10,10g/plant/month (Full dose - active growth period),Medium,Low,Medium,Iron,Partial shade to full sun,19-31°C,55-75%,Low,Harvest regularly to encourage bushy growth; provide light afternoon shade in extreme heat. Invasive spreadergrow in containers; keep soil consistently moist.
Mint Plant,Summer,Madhya Pradesh,Daily/alternate days,0.5-1,Organic compost/NPK 10-10-10,10g/plant/month (Full dose - active growth period),Medium,Low,Medium,Iron,Partial shade to full sun,20-32°C,45-65%,Low,Harvest regularly to encourage bushy growth; provide light afternoon shade in extreme heat. Invasive spreadergrow in containers; keep soil consistently moist.
Mint Plant,Summer,Haryana,Daily/alternate days,0.5-1,Organic compost/NPK 10-10-10,10g/plant/month (Full dose - active growth period),Medium,Low,Medium,Iron,Partial shade to full sun,20-32°C,42-62%,Low,Harvest regularly to encourage bushy growth; provide light afternoon shade in extreme heat. Invasive spreadergrow in containers; keep soil consistently moist.
Mint Plant,Autumn,Uttar Pradesh,2-3 times/week,0.4-0.7,Organic compost/NPK 10-10-10,10g/plant/month (Full dose - transitional growing season),Medium,Low,Medium,Iron,Partial shade to full sun,20-32°C,45-65%,Low,Continue regular harvesting; growth remains active in mild temperatures. Invasive spreadergrow in containers; keep soil consistently moist.
Mint Plant,Autumn,Punjab,2-3 times/week,0.4-0.7,Organic compost/NPK 10-10-10,10g/plant/month (Full dose - transitional growing season),Medium,Low,Medium,Iron,Partial shade to full sun,20-32°C,45-65%,Low,Continue regular harvesting; growth remains active in mild temperatures. Invasive spreadergrow in containers; keep soil consistently moist.
Mint Plant,Autumn,Bihar,2-3 times/week,0.4-0.7,Organic compost/NPK 10-10-10,10g/plant/month (Full dose - transitional growing season),Medium,Low,Medium,Iron,Partial shade to full sun,19-31°C,55-75%,Low,Continue regular harvesting; growth remains active in mild temperatures. Invasive spreadergrow in containers; keep soil consistently moist.
Mint Plant,Autumn,Madhya Pradesh,2-3 times/week,0.4-0.7,Organic compost/NPK 10-10-10,10g/plant/month (Full dose - transitional growing season),Medium,Low,Medium,Iron,Partial shade to full sun,20-32°C,45-65%,Low,Continue regular harvesting; growth remains active in mild temperatures. Invasive spreadergrow in containers; keep soil consistently moist.
Mint Plant,Autumn,Haryana,2-3 times/week,0.4-0.7,Organic compost/NPK 10-10-10,10g/plant/month (Full dose - transitional growing season),Medium,Low,Medium,Iron,Partial shade to full sun,20-32°C,42-62%,Low,Continue regular harvesting; growth remains active in mild temperatures. Invasive spreadergrow in containers; keep soil consistently moist.
Mint Plant,Monsoon,Uttar Pradesh,As needed - only if no rain,0.2-0.4,Organic compost/NPK 10-10-10,5g/plant/month (Half dose or skip - avoid fertilizing before/during heavy rain (nutrient leaching)),Medium,Low,Medium,Iron,Partial shade to full sun,20-32°C,45-65%,Low,Ensure good drainage to prevent root rot and fungal leaf spots; avoid waterlogged pots. Invasive spreadergrow in containers; keep soil consistently moist.
Mint Plant,Monsoon,Punjab,As needed - only if no rain,0.2-0.4,Organic compost/NPK 10-10-10,5g/plant/month (Half dose or skip - avoid fertilizing before/during heavy rain (nutrient leaching)),Medium,Low,Medium,Iron,Partial shade to full sun,20-32°C,45-65%,Low,Ensure good drainage to prevent root rot and fungal leaf spots; avoid waterlogged pots. Invasive spreadergrow in containers; keep soil consistently moist.
Mint Plant,Monsoon,Bihar,As needed - only if no rain,0.2-0.4,Organic compost/NPK 10-10-10,5g/plant/month (Half dose or skip - avoid fertilizing before/during heavy rain (nutrient leaching)),Medium,Low,Medium,Iron,Partial shade to full sun,19-31°C,55-75%,Low,Ensure good drainage to prevent root rot and fungal leaf spots; avoid waterlogged pots. Invasive spreadergrow in containers; keep soil consistently moist.
Mint Plant,Monsoon,Madhya Pradesh,As needed - only if no rain,0.2-0.4,Organic compost/NPK 10-10-10,5g/plant/month (Half dose or skip - avoid fertilizing before/during heavy rain (nutrient leaching)),Medium,Low,Medium,Iron,Partial shade to full sun,20-32°C,45-65%,Low,Ensure good drainage to prevent root rot and fungal leaf spots; avoid waterlogged pots. Invasive spreadergrow in containers; keep soil consistently moist.
Mint Plant,Monsoon,Haryana,As needed - only if no rain,0.2-0.4,Organic compost/NPK 10-10-10,5g/plant/month (Half dose or skip - avoid fertilizing before/during heavy rain (nutrient leaching)),Medium,Low,Medium,Iron,Partial shade to full sun,20-32°C,42-62%,Low,Ensure good drainage to prevent root rot and fungal leaf spots; avoid waterlogged pots. Invasive spreadergrow in containers; keep soil consistently moist.
Mint Plant,Winter,Uttar Pradesh,2 times/week,0.3-0.5,Organic compost/NPK 10-10-10,5g/plant/month (Half dose - reduced growth/dormancy),Medium,Low,Medium,Iron,Partial shade to full sun,20-32°C,45-65%,Low,Protect from frost/cold drafts; move containers indoors or to a sheltered spot if needed. Invasive spreadergrow in containers; keep soil consistently moist.
Mint Plant,Winter,Punjab,2 times/week,0.3-0.5,Organic compost/NPK 10-10-10,5g/plant/month (Half dose - reduced growth/dormancy),Medium,Low,Medium,Iron,Partial shade to full sun,20-32°C,45-65%,Low,Protect from frost/cold drafts; move containers indoors or to a sheltered spot if needed. Invasive spreadergrow in containers; keep soil consistently moist.
Mint Plant,Winter,Bihar,2 times/week,0.3-0.5,Organic compost/NPK 10-10-10,5g/plant/month (Half dose - reduced growth/dormancy),Medium,Low,Medium,Iron,Partial shade to full sun,19-31°C,55-75%,Low,Protect from frost/cold drafts; move containers indoors or to a sheltered spot if needed. Invasive spreadergrow in containers; keep soil consistently moist.
Mint Plant,Winter,Madhya Pradesh,2 times/week,0.3-0.5,Organic compost/NPK 10-10-10,5g/plant/month (Half dose - reduced growth/dormancy),Medium,Low,Medium,Iron,Partial shade to full sun,20-32°C,45-65%,Low,Protect from frost/cold drafts; move containers indoors or to a sheltered spot if needed. Invasive spreadergrow in containers; keep soil consistently moist.
Mint Plant,Winter,Haryana,2 times/week,0.3-0.5,Organic compost/NPK 10-10-10,5g/plant/month (Half dose - reduced growth/dormancy),Medium,Low,Medium,Iron,Partial shade to full sun,20-32°C,42-62%,Low,Protect from frost/cold drafts; move containers indoors or to a sheltered spot if needed. Invasive spreadergrow in containers; keep soil consistently moist.
Mint Plant,Windy,Uttar Pradesh,Daily/alternate days,0.6-1,Organic compost/NPK 10-10-10,10g/plant/month (Full dose - same as normal growing schedule),Medium,Low,Medium,Iron,Partial shade to full sun,20-32°C,45-65%,Low,Stake or shelter tender stems; increase watering slightly as wind dries soil faster. Invasive spreadergrow in containers; keep soil consistently moist.
Mint Plant,Windy,Punjab,Daily/alternate days,0.6-1,Organic compost/NPK 10-10-10,10g/plant/month (Full dose - same as normal growing schedule),Medium,Low,Medium,Iron,Partial shade to full sun,20-32°C,45-65%,Low,Stake or shelter tender stems; increase watering slightly as wind dries soil faster. Invasive spreadergrow in containers; keep soil consistently moist.
Mint Plant,Windy,Bihar,Daily/alternate days,0.6-1,Organic compost/NPK 10-10-10,10g/plant/month (Full dose - same as normal growing schedule),Medium,Low,Medium,Iron,Partial shade to full sun,19-31°C,55-75%,Low,Stake or shelter tender stems; increase watering slightly as wind dries soil faster. Invasive spreadergrow in containers; keep soil consistently moist.
Mint Plant,Windy,Madhya Pradesh,Daily/alternate days,0.6-1,Organic compost/NPK 10-10-10,10g/plant/month (Full dose - same as normal growing schedule),Medium,Low,Medium,Iron,Partial shade to full sun,20-32°C,45-65%,Low,Stake or shelter tender stems; increase watering slightly as wind dries soil faster. Invasive spreadergrow in containers; keep soil consistently moist.
Mint Plant,Windy,Haryana,Daily/alternate days,0.6-1,Organic compost/NPK 10-10-10,10g/plant/month (Full dose - same as normal growing schedule),Medium,Low,Medium,Iron,Partial shade to full sun,20-32°C,42-62%,Low,Stake or shelter tender stems; increase watering slightly as wind dries soil faster. Invasive spreadergrow in containers; keep soil consistently moist.
Fenugreek Plant,Summer,Rajasthan,Daily/alternate days,0.5-1,NPK 10-10-10,5g/plant/2 weeks (Full dose - active growth period),Medium,Medium,Low,Iron,Full sun,19-31°C,25-45%,Low,Harvest regularly to encourage bushy growth; provide light afternoon shade in extreme heat. Fast-growing; harvest leaves young; nitrogen-fixing legume.
Fenugreek Plant,Summer,Madhya Pradesh,Daily/alternate days,0.5-1,NPK 10-10-10,5g/plant/2 weeks (Full dose - active growth period),Medium,Medium,Low,Iron,Full sun,17-29°C,35-55%,Low,Harvest regularly to encourage bushy growth; provide light afternoon shade in extreme heat. Fast-growing; harvest leaves young; nitrogen-fixing legume.
Fenugreek Plant,Summer,Gujarat,Daily/alternate days,0.5-1,NPK 10-10-10,5g/plant/2 weeks (Full dose - active growth period),Medium,Medium,Low,Iron,Full sun,17-29°C,30-50%,Low,Harvest regularly to encourage bushy growth; provide light afternoon shade in extreme heat. Fast-growing; harvest leaves young; nitrogen-fixing legume.
Fenugreek Plant,Summer,Punjab,Daily/alternate days,0.5-1,NPK 10-10-10,5g/plant/2 weeks (Full dose - active growth period),Medium,Medium,Low,Iron,Full sun,17-29°C,35-55%,Low,Harvest regularly to encourage bushy growth; provide light afternoon shade in extreme heat. Fast-growing; harvest leaves young; nitrogen-fixing legume.
Fenugreek Plant,Summer,Haryana,Daily/alternate days,0.5-1,NPK 10-10-10,5g/plant/2 weeks (Full dose - active growth period),Medium,Medium,Low,Iron,Full sun,17-29°C,32-52%,Low,Harvest regularly to encourage bushy growth; provide light afternoon shade in extreme heat. Fast-growing; harvest leaves young; nitrogen-fixing legume.
Fenugreek Plant,Autumn,Rajasthan,2-3 times/week,0.4-0.7,NPK 10-10-10,5g/plant/2 weeks (Full dose - transitional growing season),Medium,Medium,Low,Iron,Full sun,19-31°C,25-45%,Low,Continue regular harvesting; growth remains active in mild temperatures. Fast-growing; harvest leaves young; nitrogen-fixing legume.
Fenugreek Plant,Autumn,Madhya Pradesh,2-3 times/week,0.4-0.7,NPK 10-10-10,5g/plant/2 weeks (Full dose - transitional growing season),Medium,Medium,Low,Iron,Full sun,17-29°C,35-55%,Low,Continue regular harvesting; growth remains active in mild temperatures. Fast-growing; harvest leaves young; nitrogen-fixing legume.
Fenugreek Plant,Autumn,Gujarat,2-3 times/week,0.4-0.7,NPK 10-10-10,5g/plant/2 weeks (Full dose - transitional growing season),Medium,Medium,Low,Iron,Full sun,17-29°C,30-50%,Low,Continue regular harvesting; growth remains active in mild temperatures. Fast-growing; harvest leaves young; nitrogen-fixing legume.
Fenugreek Plant,Autumn,Punjab,2-3 times/week,0.4-0.7,NPK 10-10-10,5g/plant/2 weeks (Full dose - transitional growing season),Medium,Medium,Low,Iron,Full sun,17-29°C,35-55%,Low,Continue regular harvesting; growth remains active in mild temperatures. Fast-growing; harvest leaves young; nitrogen-fixing legume.
Fenugreek Plant,Autumn,Haryana,2-3 times/week,0.4-0.7,NPK 10-10-10,5g/plant/2 weeks (Full dose - transitional growing season),Medium,Medium,Low,Iron,Full sun,17-29°C,32-52%,Low,Continue regular harvesting; growth remains active in mild temperatures. Fast-growing; harvest leaves young; nitrogen-fixing legume.
Fenugreek Plant,Monsoon,Rajasthan,As needed - only if no rain,0.2-0.4,NPK 10-10-10,2.5g/plant/2 weeks (Half dose or skip - avoid fertilizing before/during heavy rain (nutrient leaching)),Medium,Medium,Low,Iron,Full sun,19-31°C,25-45%,Low,Ensure good drainage to prevent root rot and fungal leaf spots; avoid waterlogged pots. Fast-growing; harvest leaves young; nitrogen-fixing legume.
Fenugreek Plant,Monsoon,Madhya Pradesh,As needed - only if no rain,0.2-0.4,NPK 10-10-10,2.5g/plant/2 weeks (Half dose or skip - avoid fertilizing before/during heavy rain (nutrient leaching)),Medium,Medium,Low,Iron,Full sun,17-29°C,35-55%,Low,Ensure good drainage to prevent root rot and fungal leaf spots; avoid waterlogged pots. Fast-growing; harvest leaves young; nitrogen-fixing legume.
Fenugreek Plant,Monsoon,Gujarat,As needed - only if no rain,0.2-0.4,NPK 10-10-10,2.5g/plant/2 weeks (Half dose or skip - avoid fertilizing before/during heavy rain (nutrient leaching)),Medium,Medium,Low,Iron,Full sun,17-29°C,30-50%,Low,Ensure good drainage to prevent root rot and fungal leaf spots; avoid waterlogged pots. Fast-growing; harvest leaves young; nitrogen-fixing legume.
Fenugreek Plant,Monsoon,Punjab,As needed - only if no rain,0.2-0.4,NPK 10-10-10,2.5g/plant/2 weeks (Half dose or skip - avoid fertilizing before/during heavy rain (nutrient leaching)),Medium,Medium,Low,Iron,Full sun,17-29°C,35-55%,Low,Ensure good drainage to prevent root rot and fungal leaf spots; avoid waterlogged pots. Fast-growing; harvest leaves young; nitrogen-fixing legume.
Fenugreek Plant,Monsoon,Haryana,As needed - only if no rain,0.2-0.4,NPK 10-10-10,2.5g/plant/2 weeks (Half dose or skip - avoid fertilizing before/during heavy rain (nutrient leaching)),Medium,Medium,Low,Iron,Full sun,17-29°C,32-52%,Low,Ensure good drainage to prevent root rot and fungal leaf spots; avoid waterlogged pots. Fast-growing; harvest leaves young; nitrogen-fixing legume.
Fenugreek Plant,Winter,Rajasthan,2-3 times/week,0.4-0.7,NPK 10-10-10,2.5g/plant/2 weeks (Half dose - reduced growth/dormancy),Medium,Medium,Low,Iron,Full sun,19-31°C,25-45%,Low,Protect from frost/cold drafts; move containers indoors or to a sheltered spot if needed. Fast-growing; harvest leaves young; nitrogen-fixing legume.
Fenugreek Plant,Winter,Madhya Pradesh,2-3 times/week,0.4-0.7,NPK 10-10-10,2.5g/plant/2 weeks (Half dose - reduced growth/dormancy),Medium,Medium,Low,Iron,Full sun,17-29°C,35-55%,Low,Protect from frost/cold drafts; move containers indoors or to a sheltered spot if needed. Fast-growing; harvest leaves young; nitrogen-fixing legume.
Fenugreek Plant,Winter,Gujarat,2-3 times/week,0.4-0.7,NPK 10-10-10,2.5g/plant/2 weeks (Half dose - reduced growth/dormancy),Medium,Medium,Low,Iron,Full sun,17-29°C,30-50%,Low,Protect from frost/cold drafts; move containers indoors or to a sheltered spot if needed. Fast-growing; harvest leaves young; nitrogen-fixing legume.
Fenugreek Plant,Winter,Punjab,2-3 times/week,0.4-0.7,NPK 10-10-10,2.5g/plant/2 weeks (Half dose - reduced growth/dormancy),Medium,Medium,Low,Iron,Full sun,17-29°C,35-55%,Low,Protect from frost/cold drafts; move containers indoors or to a sheltered spot if needed. Fast-growing; harvest leaves young; nitrogen-fixing legume.
Fenugreek Plant,Winter,Haryana,2-3 times/week,0.4-0.7,NPK 10-10-10,2.5g/plant/2 weeks (Half dose - reduced growth/dormancy),Medium,Medium,Low,Iron,Full sun,17-29°C,32-52%,Low,Protect from frost/cold drafts; move containers indoors or to a sheltered spot if needed. Fast-growing; harvest leaves young; nitrogen-fixing legume.
Fenugreek Plant,Windy,Rajasthan,Daily/alternate days,0.6-1,NPK 10-10-10,5g/plant/2 weeks (Full dose - same as normal growing schedule),Medium,Medium,Low,Iron,Full sun,19-31°C,25-45%,Low,Stake or shelter tender stems; increase watering slightly as wind dries soil faster. Fast-growing; harvest leaves young; nitrogen-fixing legume.
Fenugreek Plant,Windy,Madhya Pradesh,Daily/alternate days,0.6-1,NPK 10-10-10,5g/plant/2 weeks (Full dose - same as normal growing schedule),Medium,Medium,Low,Iron,Full sun,17-29°C,35-55%,Low,Stake or shelter tender stems; increase watering slightly as wind dries soil faster. Fast-growing; harvest leaves young; nitrogen-fixing legume.
Fenugreek Plant,Windy,Gujarat,Daily/alternate days,0.6-1,NPK 10-10-10,5g/plant/2 weeks (Full dose - same as normal growing schedule),Medium,Medium,Low,Iron,Full sun,17-29°C,30-50%,Low,Stake or shelter tender stems; increase watering slightly as wind dries soil faster. Fast-growing; harvest leaves young; nitrogen-fixing legume.
Fenugreek Plant,Windy,Punjab,Daily/alternate days,0.6-1,NPK 10-10-10,5g/plant/2 weeks (Full dose - same as normal growing schedule),Medium,Medium,Low,Iron,Full sun,17-29°C,35-55%,Low,Stake or shelter tender stems; increase watering slightly as wind dries soil faster. Fast-growing; harvest leaves young; nitrogen-fixing legume.
Fenugreek Plant,Windy,Haryana,Daily/alternate days,0.6-1,NPK 10-10-10,5g/plant/2 weeks (Full dose - same as normal growing schedule),Medium,Medium,Low,Iron,Full sun,17-29°C,32-52%,Low,Stake or shelter tender stems; increase watering slightly as wind dries soil faster. Fast-growing; harvest leaves young; nitrogen-fixing legume.
Apple,Summer,Himachal Pradesh,2-3 times/week,Oct-20,NPK 12-12-17,100g/plant/season (Full dose - active growth period),Medium,Medium,High,"Boron, Zinc, Calcium",Full sun,-1-18(needs chill hours),40-60%,Medium,Mulch to retain soil moisture; water at the base to avoid leaf diseases. Requires winter chill hours; prune dormant season; thin fruit for size.
Apple,Summer,Jammu and Kashmir,2-3 times/week,Oct-20,NPK 12-12-17,100g/plant/season (Full dose - active growth period),Medium,Medium,High,"Boron, Zinc, Calcium",Full sun,-3-16(needs chill hours),35-55%,Medium,Mulch to retain soil moisture; water at the base to avoid leaf diseases. Requires winter chill hours; prune dormant season; thin fruit for size.
Apple,Summer,Uttarakhand,2-3 times/week,Oct-20,NPK 12-12-17,100g/plant/season (Full dose - active growth period),Medium,Medium,High,"Boron, Zinc, Calcium",Full sun,0-19(needs chill hours),40-60%,Medium,Mulch to retain soil moisture; water at the base to avoid leaf diseases. Requires winter chill hours; prune dormant season; thin fruit for size.
Apple,Summer,Arunachal Pradesh,2-3 times/week,Oct-20,NPK 12-12-17,100g/plant/season (Full dose - active growth period),Medium,Medium,High,"Boron, Zinc, Calcium",Full sun,0-19(needs chill hours),50-70%,Medium,Mulch to retain soil moisture; water at the base to avoid leaf diseases. Requires winter chill hours; prune dormant season; thin fruit for size.
Apple,Summer,Sikkim,2-3 times/week,Oct-20,NPK 12-12-17,100g/plant/season (Full dose - active growth period),Medium,Medium,High,"Boron, Zinc, Calcium",Full sun,0-19(needs chill hours),50-70%,Medium,Mulch to retain soil moisture; water at the base to avoid leaf diseases. Requires winter chill hours; prune dormant season; thin fruit for size.
Apple,Autumn,Himachal Pradesh,1-2 times/week,06-Dec,NPK 12-12-17,100g/plant/season (Full dose - transitional growing season),Medium,Medium,High,"Boron, Zinc, Calcium",Full sun,-1-18(needs chill hours),40-60%,Medium,Good growing period; maintain consistent watering as fruiting/harvest continues. Requires winter chill hours; prune dormant season; thin fruit for size.
Apple,Autumn,Jammu and Kashmir,1-2 times/week,06-Dec,NPK 12-12-17,100g/plant/season (Full dose - transitional growing season),Medium,Medium,High,"Boron, Zinc, Calcium",Full sun,-3-16(needs chill hours),35-55%,Medium,Good growing period; maintain consistent watering as fruiting/harvest continues. Requires winter chill hours; prune dormant season; thin fruit for size.
Apple,Autumn,Uttarakhand,1-2 times/week,06-Dec,NPK 12-12-17,100g/plant/season (Full dose - transitional growing season),Medium,Medium,High,"Boron, Zinc, Calcium",Full sun,0-19(needs chill hours),40-60%,Medium,Good growing period; maintain consistent watering as fruiting/harvest continues. Requires winter chill hours; prune dormant season; thin fruit for size.
Apple,Autumn,Arunachal Pradesh,1-2 times/week,06-Dec,NPK 12-12-17,100g/plant/season (Full dose - transitional growing season),Medium,Medium,High,"Boron, Zinc, Calcium",Full sun,0-19(needs chill hours),50-70%,Medium,Good growing period; maintain consistent watering as fruiting/harvest continues. Requires winter chill hours; prune dormant season; thin fruit for size.
Apple,Autumn,Sikkim,1-2 times/week,06-Dec,NPK 12-12-17,100g/plant/season (Full dose - transitional growing season),Medium,Medium,High,"Boron, Zinc, Calcium",Full sun,0-19(needs chill hours),50-70%,Medium,Good growing period; maintain consistent watering as fruiting/harvest continues. Requires winter chill hours; prune dormant season; thin fruit for size.
Apple,Monsoon,Himachal Pradesh,Minimal - rainfall usually sufficient,02-Apr,NPK 12-12-17,50g/plant/season (Half dose or skip - avoid fertilizing before/during heavy rain (nutrient leaching)),Medium,Medium,High,"Boron, Zinc, Calcium",Full sun,-1-18(needs chill hours),40-60%,Medium,Ensure raised beds/good drainage; watch for fungal disease and pest pressure. Requires winter chill hours; prune dormant season; thin fruit for size.
Apple,Monsoon,Jammu and Kashmir,Minimal - rainfall usually sufficient,02-Apr,NPK 12-12-17,50g/plant/season (Half dose or skip - avoid fertilizing before/during heavy rain (nutrient leaching)),Medium,Medium,High,"Boron, Zinc, Calcium",Full sun,-3-16(needs chill hours),35-55%,Medium,Ensure raised beds/good drainage; watch for fungal disease and pest pressure. Requires winter chill hours; prune dormant season; thin fruit for size.
Apple,Monsoon,Uttarakhand,Minimal - rainfall usually sufficient,02-Apr,NPK 12-12-17,50g/plant/season (Half dose or skip - avoid fertilizing before/during heavy rain (nutrient leaching)),Medium,Medium,High,"Boron, Zinc, Calcium",Full sun,0-19(needs chill hours),40-60%,Medium,Ensure raised beds/good drainage; watch for fungal disease and pest pressure. Requires winter chill hours; prune dormant season; thin fruit for size.
Apple,Monsoon,Arunachal Pradesh,Minimal - rainfall usually sufficient,02-Apr,NPK 12-12-17,50g/plant/season (Half dose or skip - avoid fertilizing before/during heavy rain (nutrient leaching)),Medium,Medium,High,"Boron, Zinc, Calcium",Full sun,0-19(needs chill hours),50-70%,Medium,Ensure raised beds/good drainage; watch for fungal disease and pest pressure. Requires winter chill hours; prune dormant season; thin fruit for size.
Apple,Monsoon,Sikkim,Minimal - rainfall usually sufficient,02-Apr,NPK 12-12-17,50g/plant/season (Half dose or skip - avoid fertilizing before/during heavy rain (nutrient leaching)),Medium,Medium,High,"Boron, Zinc, Calcium",Full sun,0-19(needs chill hours),50-70%,Medium,Ensure raised beds/good drainage; watch for fungal disease and pest pressure. Requires winter chill hours; prune dormant season; thin fruit for size.
Apple,Winter,Himachal Pradesh,1 time/week,04-Aug,NPK 12-12-17,50g/plant/season (Half dose - reduced growth/dormancy),Medium,Medium,High,"Boron, Zinc, Calcium",Full sun,-1-18(needs chill hours),40-60%,Medium,Protect from frost; reduce watering frequency as growth slows in cool weather. Requires winter chill hours; prune dormant season; thin fruit for size.
Apple,Winter,Jammu and Kashmir,1 time/week,04-Aug,NPK 12-12-17,50g/plant/season (Half dose - reduced growth/dormancy),Medium,Medium,High,"Boron, Zinc, Calcium",Full sun,-3-16(needs chill hours),35-55%,Medium,Protect from frost; reduce watering frequency as growth slows in cool weather. Requires winter chill hours; prune dormant season; thin fruit for size.
Apple,Winter,Uttarakhand,1 time/week,04-Aug,NPK 12-12-17,50g/plant/season (Half dose - reduced growth/dormancy),Medium,Medium,High,"Boron, Zinc, Calcium",Full sun,0-19(needs chill hours),40-60%,Medium,Protect from frost; reduce watering frequency as growth slows in cool weather. Requires winter chill hours; prune dormant season; thin fruit for size.
Apple,Winter,Arunachal Pradesh,1 time/week,04-Aug,NPK 12-12-17,50g/plant/season (Half dose - reduced growth/dormancy),Medium,Medium,High,"Boron, Zinc, Calcium",Full sun,0-19(needs chill hours),50-70%,Medium,Protect from frost; reduce watering frequency as growth slows in cool weather. Requires winter chill hours; prune dormant season; thin fruit for size.
Apple,Winter,Sikkim,1 time/week,04-Aug,NPK 12-12-17,50g/plant/season (Half dose - reduced growth/dormancy),Medium,Medium,High,"Boron, Zinc, Calcium",Full sun,0-19(needs chill hours),50-70%,Medium,Protect from frost; reduce watering frequency as growth slows in cool weather. Requires winter chill hours; prune dormant season; thin fruit for size.
Apple,Windy,Himachal Pradesh,2 times/week,Dec-18,NPK 12-12-17,100g/plant/season (Full dose - same as normal growing schedule),Medium,Medium,High,"Boron, Zinc, Calcium",Full sun,-1-18(needs chill hours),40-60%,Medium,Stake or cage plants for support; shield young seedlings from strong gusts. Requires winter chill hours; prune dormant season; thin fruit for size.
Apple,Windy,Jammu and Kashmir,2 times/week,Dec-18,NPK 12-12-17,100g/plant/season (Full dose - same as normal growing schedule),Medium,Medium,High,"Boron, Zinc, Calcium",Full sun,-3-16(needs chill hours),35-55%,Medium,Stake or cage plants for support; shield young seedlings from strong gusts. Requires winter chill hours; prune dormant season; thin fruit for size.
Apple,Windy,Uttarakhand,2 times/week,Dec-18,NPK 12-12-17,100g/plant/season (Full dose - same as normal growing schedule),Medium,Medium,High,"Boron, Zinc, Calcium",Full sun,0-19(needs chill hours),40-60%,Medium,Stake or cage plants for support; shield young seedlings from strong gusts. Requires winter chill hours; prune dormant season; thin fruit for size.
Apple,Windy,Arunachal Pradesh,2 times/week,Dec-18,NPK 12-12-17,100g/plant/season (Full dose - same as normal growing schedule),Medium,Medium,High,"Boron, Zinc, Calcium",Full sun,0-19(needs chill hours),50-70%,Medium,Stake or cage plants for support; shield young seedlings from strong gusts. Requires winter chill hours; prune dormant season; thin fruit for size.
Apple,Windy,Sikkim,2 times/week,Dec-18,NPK 12-12-17,100g/plant/season (Full dose - same as normal growing schedule),Medium,Medium,High,"Boron, Zinc, Calcium",Full sun,0-19(needs chill hours),50-70%,Medium,Stake or cage plants for support; shield young seedlings from strong gusts. Requires winter chill hours; prune dormant season; thin fruit for size.
Red Aglaonema,Summer,Delhi,2 times/week,0.4-1,Balanced liquid fertilizer,5ml/plant/month (Full dose - active growth period),Medium,Low,Medium,Manganese,Bright indirect light (low light tolerant),21-30°C,40-60%,Low,Keep out of direct harsh sun; increase humidity via misting or a pebble tray. Avoid direct sun (leaf scorch); toxic if ingested; let topsoil dry between waterings.
Red Aglaonema,Summer,Maharashtra,2 times/week,0.4-1,Balanced liquid fertilizer,5ml/plant/month (Full dose - active growth period),Medium,Low,Medium,Manganese,Bright indirect light (low light tolerant),19-28°C,50-70%,Low,Keep out of direct harsh sun; increase humidity via misting or a pebble tray. Avoid direct sun (leaf scorch); toxic if ingested; let topsoil dry between waterings.
Red Aglaonema,Summer,Karnataka,2 times/week,0.4-1,Balanced liquid fertilizer,5ml/plant/month (Full dose - active growth period),Medium,Low,Medium,Manganese,Bright indirect light (low light tolerant),17-26°C,55-75%,Low,Keep out of direct harsh sun; increase humidity via misting or a pebble tray. Avoid direct sun (leaf scorch); toxic if ingested; let topsoil dry between waterings.
Red Aglaonema,Summer,West Bengal,2 times/week,0.4-1,Balanced liquid fertilizer,5ml/plant/month (Full dose - active growth period),Medium,Low,Medium,Manganese,Bright indirect light (low light tolerant),18-27°C,60-80%,Low,Keep out of direct harsh sun; increase humidity via misting or a pebble tray. Avoid direct sun (leaf scorch); toxic if ingested; let topsoil dry between waterings.
Red Aglaonema,Summer,Tamil Nadu,2 times/week,0.4-1,Balanced liquid fertilizer,5ml/plant/month (Full dose - active growth period),Medium,Low,Medium,Manganese,Bright indirect light (low light tolerant),18-27°C,55-75%,Low,Keep out of direct harsh sun; increase humidity via misting or a pebble tray. Avoid direct sun (leaf scorch); toxic if ingested; let topsoil dry between waterings.
Red Aglaonema,Autumn,Delhi,1-2 times/week,0.3-0.8,Balanced liquid fertilizer,5ml/plant/month (Full dose - transitional growing season),Medium,Low,Medium,Manganese,Bright indirect light (low light tolerant),21-30°C,40-60%,Low,Reduce feeding as light levels drop; wipe leaves free of dust. Avoid direct sun (leaf scorch); toxic if ingested; let topsoil dry between waterings.
Red Aglaonema,Autumn,Maharashtra,1-2 times/week,0.3-0.8,Balanced liquid fertilizer,5ml/plant/month (Full dose - transitional growing season),Medium,Low,Medium,Manganese,Bright indirect light (low light tolerant),19-28°C,50-70%,Low,Reduce feeding as light levels drop; wipe leaves free of dust. Avoid direct sun (leaf scorch); toxic if ingested; let topsoil dry between waterings.
Red Aglaonema,Autumn,Karnataka,1-2 times/week,0.3-0.8,Balanced liquid fertilizer,5ml/plant/month (Full dose - transitional growing season),Medium,Low,Medium,Manganese,Bright indirect light (low light tolerant),17-26°C,55-75%,Low,Reduce feeding as light levels drop; wipe leaves free of dust. Avoid direct sun (leaf scorch); toxic if ingested; let topsoil dry between waterings.
Red Aglaonema,Autumn,West Bengal,1-2 times/week,0.3-0.8,Balanced liquid fertilizer,5ml/plant/month (Full dose - transitional growing season),Medium,Low,Medium,Manganese,Bright indirect light (low light tolerant),18-27°C,60-80%,Low,Reduce feeding as light levels drop; wipe leaves free of dust. Avoid direct sun (leaf scorch); toxic if ingested; let topsoil dry between waterings.
Red Aglaonema,Autumn,Tamil Nadu,1-2 times/week,0.3-0.8,Balanced liquid fertilizer,5ml/plant/month (Full dose - transitional growing season),Medium,Low,Medium,Manganese,Bright indirect light (low light tolerant),18-27°C,55-75%,Low,Reduce feeding as light levels drop; wipe leaves free of dust. Avoid direct sun (leaf scorch); toxic if ingested; let topsoil dry between waterings.
Red Aglaonema,Monsoon,Delhi,"1 time/week (reduce, ambient humidity high)",0.2-0.5,Balanced liquid fertilizer,2.5ml/plant/month (Half dose or skip - avoid fertilizing before/during heavy rain (nutrient leaching)),Medium,Low,Medium,Manganese,Bright indirect light (low light tolerant),21-30°C,40-60%,Low,Ensure good ventilation and drainage indoors to prevent fungal issues from high humidity. Avoid direct sun (leaf scorch); toxic if ingested; let topsoil dry between waterings.
Red Aglaonema,Monsoon,Maharashtra,"1 time/week (reduce, ambient humidity high)",0.2-0.5,Balanced liquid fertilizer,2.5ml/plant/month (Half dose or skip - avoid fertilizing before/during heavy rain (nutrient leaching)),Medium,Low,Medium,Manganese,Bright indirect light (low light tolerant),19-28°C,50-70%,Low,Ensure good ventilation and drainage indoors to prevent fungal issues from high humidity. Avoid direct sun (leaf scorch); toxic if ingested; let topsoil dry between waterings.
Red Aglaonema,Monsoon,Karnataka,"1 time/week (reduce, ambient humidity high)",0.2-0.5,Balanced liquid fertilizer,2.5ml/plant/month (Half dose or skip - avoid fertilizing before/during heavy rain (nutrient leaching)),Medium,Low,Medium,Manganese,Bright indirect light (low light tolerant),17-26°C,55-75%,Low,Ensure good ventilation and drainage indoors to prevent fungal issues from high humidity. Avoid direct sun (leaf scorch); toxic if ingested; let topsoil dry between waterings.
Red Aglaonema,Monsoon,West Bengal,"1 time/week (reduce, ambient humidity high)",0.2-0.5,Balanced liquid fertilizer,2.5ml/plant/month (Half dose or skip - avoid fertilizing before/during heavy rain (nutrient leaching)),Medium,Low,Medium,Manganese,Bright indirect light (low light tolerant),18-27°C,60-80%,Low,Ensure good ventilation and drainage indoors to prevent fungal issues from high humidity. Avoid direct sun (leaf scorch); toxic if ingested; let topsoil dry between waterings.
Red Aglaonema,Monsoon,Tamil Nadu,"1 time/week (reduce, ambient humidity high)",0.2-0.5,Balanced liquid fertilizer,2.5ml/plant/month (Half dose or skip - avoid fertilizing before/during heavy rain (nutrient leaching)),Medium,Low,Medium,Manganese,Bright indirect light (low light tolerant),18-27°C,55-75%,Low,Ensure good ventilation and drainage indoors to prevent fungal issues from high humidity. Avoid direct sun (leaf scorch); toxic if ingested; let topsoil dry between waterings.
Red Aglaonema,Winter,Delhi,1 time/week,0.2-0.5,Balanced liquid fertilizer,2.5ml/plant/month (Half dose - reduced growth/dormancy),Medium,Low,Medium,Manganese,Bright indirect light (low light tolerant),21-30°C,40-60%,Low,Keep away from cold drafts and heaters; reduce watering as growth slows. Avoid direct sun (leaf scorch); toxic if ingested; let topsoil dry between waterings.
Red Aglaonema,Winter,Maharashtra,1 time/week,0.2-0.5,Balanced liquid fertilizer,2.5ml/plant/month (Half dose - reduced growth/dormancy),Medium,Low,Medium,Manganese,Bright indirect light (low light tolerant),19-28°C,50-70%,Low,Keep away from cold drafts and heaters; reduce watering as growth slows. Avoid direct sun (leaf scorch); toxic if ingested; let topsoil dry between waterings.
Red Aglaonema,Winter,Karnataka,1 time/week,0.2-0.5,Balanced liquid fertilizer,2.5ml/plant/month (Half dose - reduced growth/dormancy),Medium,Low,Medium,Manganese,Bright indirect light (low light tolerant),17-26°C,55-75%,Low,Keep away from cold drafts and heaters; reduce watering as growth slows. Avoid direct sun (leaf scorch); toxic if ingested; let topsoil dry between waterings.
Red Aglaonema,Winter,West Bengal,1 time/week,0.2-0.5,Balanced liquid fertilizer,2.5ml/plant/month (Half dose - reduced growth/dormancy),Medium,Low,Medium,Manganese,Bright indirect light (low light tolerant),18-27°C,60-80%,Low,Keep away from cold drafts and heaters; reduce watering as growth slows. Avoid direct sun (leaf scorch); toxic if ingested; let topsoil dry between waterings.
Red Aglaonema,Winter,Tamil Nadu,1 time/week,0.2-0.5,Balanced liquid fertilizer,2.5ml/plant/month (Half dose - reduced growth/dormancy),Medium,Low,Medium,Manganese,Bright indirect light (low light tolerant),18-27°C,55-75%,Low,Keep away from cold drafts and heaters; reduce watering as growth slows. Avoid direct sun (leaf scorch); toxic if ingested; let topsoil dry between waterings.
Red Aglaonema,Windy,Delhi,2 times/week (keep away from drafts),0.4-1,Balanced liquid fertilizer,5ml/plant/month (Full dose - same as normal growing schedule),Medium,Low,Medium,Manganese,Bright indirect light (low light tolerant),21-30°C,40-60%,Low,Indoor plant - shield from drafts near open windows/AC vents rather than outdoor wind. Avoid direct sun (leaf scorch); toxic if ingested; let topsoil dry between waterings.
Red Aglaonema,Windy,Maharashtra,2 times/week (keep away from drafts),0.4-1,Balanced liquid fertilizer,5ml/plant/month (Full dose - same as normal growing schedule),Medium,Low,Medium,Manganese,Bright indirect light (low light tolerant),19-28°C,50-70%,Low,Indoor plant - shield from drafts near open windows/AC vents rather than outdoor wind. Avoid direct sun (leaf scorch); toxic if ingested; let topsoil dry between waterings.
Red Aglaonema,Windy,Karnataka,2 times/week (keep away from drafts),0.4-1,Balanced liquid fertilizer,5ml/plant/month (Full dose - same as normal growing schedule),Medium,Low,Medium,Manganese,Bright indirect light (low light tolerant),17-26°C,55-75%,Low,Indoor plant - shield from drafts near open windows/AC vents rather than outdoor wind. Avoid direct sun (leaf scorch); toxic if ingested; let topsoil dry between waterings.
Red Aglaonema,Windy,West Bengal,2 times/week (keep away from drafts),0.4-1,Balanced liquid fertilizer,5ml/plant/month (Full dose - same as normal growing schedule),Medium,Low,Medium,Manganese,Bright indirect light (low light tolerant),18-27°C,60-80%,Low,Indoor plant - shield from drafts near open windows/AC vents rather than outdoor wind. Avoid direct sun (leaf scorch); toxic if ingested; let topsoil dry between waterings.
Red Aglaonema,Windy,Tamil Nadu,2 times/week (keep away from drafts),0.4-1,Balanced liquid fertilizer,5ml/plant/month (Full dose - same as normal growing schedule),Medium,Low,Medium,Manganese,Bright indirect light (low light tolerant),18-27°C,55-75%,Low,Indoor plant - shield from drafts near open windows/AC vents rather than outdoor wind. Avoid direct sun (leaf scorch); toxic if ingested; let topsoil dry between waterings.
Agave,Summer,Delhi,1-2 times/week,0.3-0.5,Cactus/succulent fertilizer (low N),10g/plant/2 months (Full dose - active growth period),Low,Medium,Medium,Calcium,Full sun,18-41°C,10-30%,High,Provide full sun; water deeply then let soil dry completely before next watering. Extremely drought tolerant; well-draining soil; sharp leaf tipsplant away from walkways.
Agave,Summer,Maharashtra,1-2 times/week,0.3-0.5,Cactus/succulent fertilizer (low N),10g/plant/2 months (Full dose - active growth period),Low,Medium,Medium,Calcium,Full sun,16-39°C,20-40%,High,Provide full sun; water deeply then let soil dry completely before next watering. Extremely drought tolerant; well-draining soil; sharp leaf tipsplant away from walkways.
Agave,Summer,Karnataka,1-2 times/week,0.3-0.5,Cactus/succulent fertilizer (low N),10g/plant/2 months (Full dose - active growth period),Low,Medium,Medium,Calcium,Full sun,14-37°C,25-45%,High,Provide full sun; water deeply then let soil dry completely before next watering. Extremely drought tolerant; well-draining soil; sharp leaf tipsplant away from walkways.
Agave,Summer,West Bengal,1-2 times/week,0.3-0.5,Cactus/succulent fertilizer (low N),10g/plant/2 months (Full dose - active growth period),Low,Medium,Medium,Calcium,Full sun,15-38°C,30-50%,High,Provide full sun; water deeply then let soil dry completely before next watering. Extremely drought tolerant; well-draining soil; sharp leaf tipsplant away from walkways.
Agave,Summer,Tamil Nadu,1-2 times/week,0.3-0.5,Cactus/succulent fertilizer (low N),10g/plant/2 months (Full dose - active growth period),Low,Medium,Medium,Calcium,Full sun,15-38°C,25-45%,High,Provide full sun; water deeply then let soil dry completely before next watering. Extremely drought tolerant; well-draining soil; sharp leaf tipsplant away from walkways.
Agave,Autumn,Delhi,1-2 times/month,0.2-0.3,Cactus/succulent fertilizer (low N),10g/plant/2 months (Full dose - transitional growing season),Low,Medium,Medium,Calcium,Full sun,18-41°C,10-30%,High,Growth slows; begin tapering off watering frequency as temperatures drop. Extremely drought tolerant; well-draining soil; sharp leaf tipsplant away from walkways.
Agave,Autumn,Maharashtra,1-2 times/month,0.2-0.3,Cactus/succulent fertilizer (low N),10g/plant/2 months (Full dose - transitional growing season),Low,Medium,Medium,Calcium,Full sun,16-39°C,20-40%,High,Growth slows; begin tapering off watering frequency as temperatures drop. Extremely drought tolerant; well-draining soil; sharp leaf tipsplant away from walkways.
Agave,Autumn,Karnataka,1-2 times/month,0.2-0.3,Cactus/succulent fertilizer (low N),10g/plant/2 months (Full dose - transitional growing season),Low,Medium,Medium,Calcium,Full sun,14-37°C,25-45%,High,Growth slows; begin tapering off watering frequency as temperatures drop. Extremely drought tolerant; well-draining soil; sharp leaf tipsplant away from walkways.
Agave,Autumn,West Bengal,1-2 times/month,0.2-0.3,Cactus/succulent fertilizer (low N),10g/plant/2 months (Full dose - transitional growing season),Low,Medium,Medium,Calcium,Full sun,15-38°C,30-50%,High,Growth slows; begin tapering off watering frequency as temperatures drop. Extremely drought tolerant; well-draining soil; sharp leaf tipsplant away from walkways.
Agave,Autumn,Tamil Nadu,1-2 times/month,0.2-0.3,Cactus/succulent fertilizer (low N),10g/plant/2 months (Full dose - transitional growing season),Low,Medium,Medium,Calcium,Full sun,15-38°C,25-45%,High,Growth slows; begin tapering off watering frequency as temperatures drop. Extremely drought tolerant; well-draining soil; sharp leaf tipsplant away from walkways.
Agave,Monsoon,Delhi,Rarely - only if no rain for 2+ weeks,0.1-0.2,Cactus/succulent fertilizer (low N),5g/plant/2 months (Half dose or skip - avoid fertilizing before/during heavy rain (nutrient leaching)),Low,Medium,Medium,Calcium,Full sun,18-41°C,10-30%,High,Move under cover or ensure sharp drainage to prevent root rot from excess rain. Extremely drought tolerant; well-draining soil; sharp leaf tipsplant away from walkways.
Agave,Monsoon,Maharashtra,Rarely - only if no rain for 2+ weeks,0.1-0.2,Cactus/succulent fertilizer (low N),5g/plant/2 months (Half dose or skip - avoid fertilizing before/during heavy rain (nutrient leaching)),Low,Medium,Medium,Calcium,Full sun,16-39°C,20-40%,High,Move under cover or ensure sharp drainage to prevent root rot from excess rain. Extremely drought tolerant; well-draining soil; sharp leaf tipsplant away from walkways.
Agave,Monsoon,Karnataka,Rarely - only if no rain for 2+ weeks,0.1-0.2,Cactus/succulent fertilizer (low N),5g/plant/2 months (Half dose or skip - avoid fertilizing before/during heavy rain (nutrient leaching)),Low,Medium,Medium,Calcium,Full sun,14-37°C,25-45%,High,Move under cover or ensure sharp drainage to prevent root rot from excess rain. Extremely drought tolerant; well-draining soil; sharp leaf tipsplant away from walkways.
Agave,Monsoon,West Bengal,Rarely - only if no rain for 2+ weeks,0.1-0.2,Cactus/succulent fertilizer (low N),5g/plant/2 months (Half dose or skip - avoid fertilizing before/during heavy rain (nutrient leaching)),Low,Medium,Medium,Calcium,Full sun,15-38°C,30-50%,High,Move under cover or ensure sharp drainage to prevent root rot from excess rain. Extremely drought tolerant; well-draining soil; sharp leaf tipsplant away from walkways.
Agave,Monsoon,Tamil Nadu,Rarely - only if no rain for 2+ weeks,0.1-0.2,Cactus/succulent fertilizer (low N),5g/plant/2 months (Half dose or skip - avoid fertilizing before/during heavy rain (nutrient leaching)),Low,Medium,Medium,Calcium,Full sun,15-38°C,25-45%,High,Move under cover or ensure sharp drainage to prevent root rot from excess rain. Extremely drought tolerant; well-draining soil; sharp leaf tipsplant away from walkways.
Agave,Winter,Delhi,Once a month or less,0.1-0.2,Cactus/succulent fertilizer (low N),5g/plant/2 months (Half dose - reduced growth/dormancy),Low,Medium,Medium,Calcium,Full sun,18-41°C,10-30%,High,"Keep nearly dry and in a warm, bright spot; avoid cold, wet soil which causes rot. Extremely drought tolerant; well-draining soil; sharp leaf tipsplant away from walkways."
Agave,Winter,Maharashtra,Once a month or less,0.1-0.2,Cactus/succulent fertilizer (low N),5g/plant/2 months (Half dose - reduced growth/dormancy),Low,Medium,Medium,Calcium,Full sun,16-39°C,20-40%,High,"Keep nearly dry and in a warm, bright spot; avoid cold, wet soil which causes rot. Extremely drought tolerant; well-draining soil; sharp leaf tipsplant away from walkways."
Agave,Winter,Karnataka,Once a month or less,0.1-0.2,Cactus/succulent fertilizer (low N),5g/plant/2 months (Half dose - reduced growth/dormancy),Low,Medium,Medium,Calcium,Full sun,14-37°C,25-45%,High,"Keep nearly dry and in a warm, bright spot; avoid cold, wet soil which causes rot. Extremely drought tolerant; well-draining soil; sharp leaf tipsplant away from walkways."
Agave,Winter,West Bengal,Once a month or less,0.1-0.2,Cactus/succulent fertilizer (low N),5g/plant/2 months (Half dose - reduced growth/dormancy),Low,Medium,Medium,Calcium,Full sun,15-38°C,30-50%,High,"Keep nearly dry and in a warm, bright spot; avoid cold, wet soil which causes rot. Extremely drought tolerant; well-draining soil; sharp leaf tipsplant away from walkways."
Agave,Winter,Tamil Nadu,Once a month or less,0.1-0.2,Cactus/succulent fertilizer (low N),5g/plant/2 months (Half dose - reduced growth/dormancy),Low,Medium,Medium,Calcium,Full sun,15-38°C,25-45%,High,"Keep nearly dry and in a warm, bright spot; avoid cold, wet soil which causes rot. Extremely drought tolerant; well-draining soil; sharp leaf tipsplant away from walkways."
Agave,Windy,Delhi,1-2 times/week,0.3-0.5,Cactus/succulent fertilizer (low N),10g/plant/2 months (Full dose - same as normal growing schedule),Low,Medium,Medium,Calcium,Full sun,18-41°C,10-30%,High,Naturally wind hardy; no special protection needed; ensure pot/planting is stable. Extremely drought tolerant; well-draining soil; sharp leaf tipsplant away from walkways.
Agave,Windy,Maharashtra,1-2 times/week,0.3-0.5,Cactus/succulent fertilizer (low N),10g/plant/2 months (Full dose - same as normal growing schedule),Low,Medium,Medium,Calcium,Full sun,16-39°C,20-40%,High,Naturally wind hardy; no special protection needed; ensure pot/planting is stable. Extremely drought tolerant; well-draining soil; sharp leaf tipsplant away from walkways.
Agave,Windy,Karnataka,1-2 times/week,0.3-0.5,Cactus/succulent fertilizer (low N),10g/plant/2 months (Full dose - same as normal growing schedule),Low,Medium,Medium,Calcium,Full sun,14-37°C,25-45%,High,Naturally wind hardy; no special protection needed; ensure pot/planting is stable. Extremely drought tolerant; well-draining soil; sharp leaf tipsplant away from walkways.
Agave,Windy,West Bengal,1-2 times/week,0.3-0.5,Cactus/succulent fertilizer (low N),10g/plant/2 months (Full dose - same as normal growing schedule),Low,Medium,Medium,Calcium,Full sun,15-38°C,30-50%,High,Naturally wind hardy; no special protection needed; ensure pot/planting is stable. Extremely drought tolerant; well-draining soil; sharp leaf tipsplant away from walkways.
Agave,Windy,Tamil Nadu,1-2 times/week,0.3-0.5,Cactus/succulent fertilizer (low N),10g/plant/2 months (Full dose - same as normal growing schedule),Low,Medium,Medium,Calcium,Full sun,15-38°C,25-45%,High,Naturally wind hardy; no special protection needed; ensure pot/planting is stable. Extremely drought tolerant; well-draining soil; sharp leaf tipsplant away from walkways.
Anthurium,Summer,Delhi,2 times/week,0.4-1,Balanced liquid fertilizer (high P for bloom),5ml/plant/2 weeks (Full dose - active growth period),Medium,High,Medium,"Iron, Manganese",Bright indirect light,21-30°C,50-70%,Low,Keep out of direct harsh sun; increase humidity via misting or a pebble tray. High humidity needed; avoid direct sun; well-draining aroid mix.
Anthurium,Summer,Maharashtra,2 times/week,0.4-1,Balanced liquid fertilizer (high P for bloom),5ml/plant/2 weeks (Full dose - active growth period),Medium,High,Medium,"Iron, Manganese",Bright indirect light,19-28°C,60-80%,Low,Keep out of direct harsh sun; increase humidity via misting or a pebble tray. High humidity needed; avoid direct sun; well-draining aroid mix.
Anthurium,Summer,Karnataka,2 times/week,0.4-1,Balanced liquid fertilizer (high P for bloom),5ml/plant/2 weeks (Full dose - active growth period),Medium,High,Medium,"Iron, Manganese",Bright indirect light,17-26°C,65-85%,Low,Keep out of direct harsh sun; increase humidity via misting or a pebble tray. High humidity needed; avoid direct sun; well-draining aroid mix.
Anthurium,Summer,West Bengal,2 times/week,0.4-1,Balanced liquid fertilizer (high P for bloom),5ml/plant/2 weeks (Full dose - active growth period),Medium,High,Medium,"Iron, Manganese",Bright indirect light,18-27°C,70-90%,Low,Keep out of direct harsh sun; increase humidity via misting or a pebble tray. High humidity needed; avoid direct sun; well-draining aroid mix.
Anthurium,Summer,Tamil Nadu,2 times/week,0.4-1,Balanced liquid fertilizer (high P for bloom),5ml/plant/2 weeks (Full dose - active growth period),Medium,High,Medium,"Iron, Manganese",Bright indirect light,18-27°C,65-85%,Low,Keep out of direct harsh sun; increase humidity via misting or a pebble tray. High humidity needed; avoid direct sun; well-draining aroid mix.
Anthurium,Autumn,Delhi,1-2 times/week,0.3-0.8,Balanced liquid fertilizer (high P for bloom),5ml/plant/2 weeks (Full dose - transitional growing season),Medium,High,Medium,"Iron, Manganese",Bright indirect light,21-30°C,50-70%,Low,Reduce feeding as light levels drop; wipe leaves free of dust. High humidity needed; avoid direct sun; well-draining aroid mix.
Anthurium,Autumn,Maharashtra,1-2 times/week,0.3-0.8,Balanced liquid fertilizer (high P for bloom),5ml/plant/2 weeks (Full dose - transitional growing season),Medium,High,Medium,"Iron, Manganese",Bright indirect light,19-28°C,60-80%,Low,Reduce feeding as light levels drop; wipe leaves free of dust. High humidity needed; avoid direct sun; well-draining aroid mix.
Anthurium,Autumn,Karnataka,1-2 times/week,0.3-0.8,Balanced liquid fertilizer (high P for bloom),5ml/plant/2 weeks (Full dose - transitional growing season),Medium,High,Medium,"Iron, Manganese",Bright indirect light,17-26°C,65-85%,Low,Reduce feeding as light levels drop; wipe leaves free of dust. High humidity needed; avoid direct sun; well-draining aroid mix.
Anthurium,Autumn,West Bengal,1-2 times/week,0.3-0.8,Balanced liquid fertilizer (high P for bloom),5ml/plant/2 weeks (Full dose - transitional growing season),Medium,High,Medium,"Iron, Manganese",Bright indirect light,18-27°C,70-90%,Low,Reduce feeding as light levels drop; wipe leaves free of dust. High humidity needed; avoid direct sun; well-draining aroid mix.
Anthurium,Autumn,Tamil Nadu,1-2 times/week,0.3-0.8,Balanced liquid fertilizer (high P for bloom),5ml/plant/2 weeks (Full dose - transitional growing season),Medium,High,Medium,"Iron, Manganese",Bright indirect light,18-27°C,65-85%,Low,Reduce feeding as light levels drop; wipe leaves free of dust. High humidity needed; avoid direct sun; well-draining aroid mix.
Anthurium,Monsoon,Delhi,"1 time/week (reduce, ambient humidity high)",0.2-0.5,Balanced liquid fertilizer (high P for bloom),2.5ml/plant/2 weeks (Half dose or skip - avoid fertilizing before/during heavy rain (nutrient leaching)),Medium,High,Medium,"Iron, Manganese",Bright indirect light,21-30°C,50-70%,Low,Ensure good ventilation and drainage indoors to prevent fungal issues from high humidity. High humidity needed; avoid direct sun; well-draining aroid mix.
Anthurium,Monsoon,Maharashtra,"1 time/week (reduce, ambient humidity high)",0.2-0.5,Balanced liquid fertilizer (high P for bloom),2.5ml/plant/2 weeks (Half dose or skip - avoid fertilizing before/during heavy rain (nutrient leaching)),Medium,High,Medium,"Iron, Manganese",Bright indirect light,19-28°C,60-80%,Low,Ensure good ventilation and drainage indoors to prevent fungal issues from high humidity. High humidity needed; avoid direct sun; well-draining aroid mix.
Anthurium,Monsoon,Karnataka,"1 time/week (reduce, ambient humidity high)",0.2-0.5,Balanced liquid fertilizer (high P for bloom),2.5ml/plant/2 weeks (Half dose or skip - avoid fertilizing before/during heavy rain (nutrient leaching)),Medium,High,Medium,"Iron, Manganese",Bright indirect light,17-26°C,65-85%,Low,Ensure good ventilation and drainage indoors to prevent fungal issues from high humidity. High humidity needed; avoid direct sun; well-draining aroid mix.
Anthurium,Monsoon,West Bengal,"1 time/week (reduce, ambient humidity high)",0.2-0.5,Balanced liquid fertilizer (high P for bloom),2.5ml/plant/2 weeks (Half dose or skip - avoid fertilizing before/during heavy rain (nutrient leaching)),Medium,High,Medium,"Iron, Manganese",Bright indirect light,18-27°C,70-90%,Low,Ensure good ventilation and drainage indoors to prevent fungal issues from high humidity. High humidity needed; avoid direct sun; well-draining aroid mix.
Anthurium,Monsoon,Tamil Nadu,"1 time/week (reduce, ambient humidity high)",0.2-0.5,Balanced liquid fertilizer (high P for bloom),2.5ml/plant/2 weeks (Half dose or skip - avoid fertilizing before/during heavy rain (nutrient leaching)),Medium,High,Medium,"Iron, Manganese",Bright indirect light,18-27°C,65-85%,Low,Ensure good ventilation and drainage indoors to prevent fungal issues from high humidity. High humidity needed; avoid direct sun; well-draining aroid mix.
Anthurium,Winter,Delhi,1 time/week,0.2-0.5,Balanced liquid fertilizer (high P for bloom),2.5ml/plant/2 weeks (Half dose - reduced growth/dormancy),Medium,High,Medium,"Iron, Manganese",Bright indirect light,21-30°C,50-70%,Low,Keep away from cold drafts and heaters; reduce watering as growth slows. High humidity needed; avoid direct sun; well-draining aroid mix.
Anthurium,Winter,Maharashtra,1 time/week,0.2-0.5,Balanced liquid fertilizer (high P for bloom),2.5ml/plant/2 weeks (Half dose - reduced growth/dormancy),Medium,High,Medium,"Iron, Manganese",Bright indirect light,19-28°C,60-80%,Low,Keep away from cold drafts and heaters; reduce watering as growth slows. High humidity needed; avoid direct sun; well-draining aroid mix.
Anthurium,Winter,Karnataka,1 time/week,0.2-0.5,Balanced liquid fertilizer (high P for bloom),2.5ml/plant/2 weeks (Half dose - reduced growth/dormancy),Medium,High,Medium,"Iron, Manganese",Bright indirect light,17-26°C,65-85%,Low,Keep away from cold drafts and heaters; reduce watering as growth slows. High humidity needed; avoid direct sun; well-draining aroid mix.
Anthurium,Winter,West Bengal,1 time/week,0.2-0.5,Balanced liquid fertilizer (high P for bloom),2.5ml/plant/2 weeks (Half dose - reduced growth/dormancy),Medium,High,Medium,"Iron, Manganese",Bright indirect light,18-27°C,70-90%,Low,Keep away from cold drafts and heaters; reduce watering as growth slows. High humidity needed; avoid direct sun; well-draining aroid mix.
Anthurium,Winter,Tamil Nadu,1 time/week,0.2-0.5,Balanced liquid fertilizer (high P for bloom),2.5ml/plant/2 weeks (Half dose - reduced growth/dormancy),Medium,High,Medium,"Iron, Manganese",Bright indirect light,18-27°C,65-85%,Low,Keep away from cold drafts and heaters; reduce watering as growth slows. High humidity needed; avoid direct sun; well-draining aroid mix.
Anthurium,Windy,Delhi,2 times/week (keep away from drafts),0.4-1,Balanced liquid fertilizer (high P for bloom),5ml/plant/2 weeks (Full dose - same as normal growing schedule),Medium,High,Medium,"Iron, Manganese",Bright indirect light,21-30°C,50-70%,Low,Indoor plant - shield from drafts near open windows/AC vents rather than outdoor wind. High humidity needed; avoid direct sun; well-draining aroid mix.
Anthurium,Windy,Maharashtra,2 times/week (keep away from drafts),0.4-1,Balanced liquid fertilizer (high P for bloom),5ml/plant/2 weeks (Full dose - same as normal growing schedule),Medium,High,Medium,"Iron, Manganese",Bright indirect light,19-28°C,60-80%,Low,Indoor plant - shield from drafts near open windows/AC vents rather than outdoor wind. High humidity needed; avoid direct sun; well-draining aroid mix.
Anthurium,Windy,Karnataka,2 times/week (keep away from drafts),0.4-1,Balanced liquid fertilizer (high P for bloom),5ml/plant/2 weeks (Full dose - same as normal growing schedule),Medium,High,Medium,"Iron, Manganese",Bright indirect light,17-26°C,65-85%,Low,Indoor plant - shield from drafts near open windows/AC vents rather than outdoor wind. High humidity needed; avoid direct sun; well-draining aroid mix.
Anthurium,Windy,West Bengal,2 times/week (keep away from drafts),0.4-1,Balanced liquid fertilizer (high P for bloom),5ml/plant/2 weeks (Full dose - same as normal growing schedule),Medium,High,Medium,"Iron, Manganese",Bright indirect light,18-27°C,70-90%,Low,Indoor plant - shield from drafts near open windows/AC vents rather than outdoor wind. High humidity needed; avoid direct sun; well-draining aroid mix.
Anthurium,Windy,Tamil Nadu,2 times/week (keep away from drafts),0.4-1,Balanced liquid fertilizer (high P for bloom),5ml/plant/2 weeks (Full dose - same as normal growing schedule),Medium,High,Medium,"Iron, Manganese",Bright indirect light,18-27°C,65-85%,Low,Indoor plant - shield from drafts near open windows/AC vents rather than outdoor wind. High humidity needed; avoid direct sun; well-draining aroid mix.
Carnation,Summer,Karnataka,2-3 times/week,01-Mar,NPK 15-30-15 (bloom booster),10g/plant/2 weeks (Full dose - active growth period),Medium,High,Medium,"Calcium, Boron",Full sun,14-23°C,45-65%,Medium,Deadhead spent blooms to encourage continuous flowering; water in early morning. Pinch growing tips for bushier growth; stake tall varieties; deadhead spent blooms.
Carnation,Summer,Himachal Pradesh,2-3 times/week,01-Mar,NPK 15-30-15 (bloom booster),10g/plant/2 weeks (Full dose - active growth period),Medium,High,Medium,"Calcium, Boron",Full sun,9-18°C,40-60%,Medium,Deadhead spent blooms to encourage continuous flowering; water in early morning. Pinch growing tips for bushier growth; stake tall varieties; deadhead spent blooms.
Carnation,Summer,Maharashtra,2-3 times/week,01-Mar,NPK 15-30-15 (bloom booster),10g/plant/2 weeks (Full dose - active growth period),Medium,High,Medium,"Calcium, Boron",Full sun,16-25°C,40-60%,Medium,Deadhead spent blooms to encourage continuous flowering; water in early morning. Pinch growing tips for bushier growth; stake tall varieties; deadhead spent blooms.
Carnation,Summer,Tamil Nadu,2-3 times/week,01-Mar,NPK 15-30-15 (bloom booster),10g/plant/2 weeks (Full dose - active growth period),Medium,High,Medium,"Calcium, Boron",Full sun,15-24°C,45-65%,Medium,Deadhead spent blooms to encourage continuous flowering; water in early morning. Pinch growing tips for bushier growth; stake tall varieties; deadhead spent blooms.
Carnation,Summer,West Bengal,2-3 times/week,01-Mar,NPK 15-30-15 (bloom booster),10g/plant/2 weeks (Full dose - active growth period),Medium,High,Medium,"Calcium, Boron",Full sun,15-24°C,50-70%,Medium,Deadhead spent blooms to encourage continuous flowering; water in early morning. Pinch growing tips for bushier growth; stake tall varieties; deadhead spent blooms.
Carnation,Autumn,Karnataka,2 times/week,01-Feb,NPK 15-30-15 (bloom booster),10g/plant/2 weeks (Full dose - transitional growing season),Medium,High,Medium,"Calcium, Boron",Full sun,14-23°C,45-65%,Medium,Good blooming/growing season for many varieties; maintain regular watering. Pinch growing tips for bushier growth; stake tall varieties; deadhead spent blooms.
Carnation,Autumn,Himachal Pradesh,2 times/week,01-Feb,NPK 15-30-15 (bloom booster),10g/plant/2 weeks (Full dose - transitional growing season),Medium,High,Medium,"Calcium, Boron",Full sun,9-18°C,40-60%,Medium,Good blooming/growing season for many varieties; maintain regular watering. Pinch growing tips for bushier growth; stake tall varieties; deadhead spent blooms.
Carnation,Autumn,Maharashtra,2 times/week,01-Feb,NPK 15-30-15 (bloom booster),10g/plant/2 weeks (Full dose - transitional growing season),Medium,High,Medium,"Calcium, Boron",Full sun,16-25°C,40-60%,Medium,Good blooming/growing season for many varieties; maintain regular watering. Pinch growing tips for bushier growth; stake tall varieties; deadhead spent blooms.
Carnation,Autumn,Tamil Nadu,2 times/week,01-Feb,NPK 15-30-15 (bloom booster),10g/plant/2 weeks (Full dose - transitional growing season),Medium,High,Medium,"Calcium, Boron",Full sun,15-24°C,45-65%,Medium,Good blooming/growing season for many varieties; maintain regular watering. Pinch growing tips for bushier growth; stake tall varieties; deadhead spent blooms.
Carnation,Autumn,West Bengal,2 times/week,01-Feb,NPK 15-30-15 (bloom booster),10g/plant/2 weeks (Full dose - transitional growing season),Medium,High,Medium,"Calcium, Boron",Full sun,15-24°C,50-70%,Medium,Good blooming/growing season for many varieties; maintain regular watering. Pinch growing tips for bushier growth; stake tall varieties; deadhead spent blooms.
Carnation,Monsoon,Karnataka,"Reduce - rely on rainfall, ensure drainage",0.5-1,NPK 15-30-15 (bloom booster),5g/plant/2 weeks (Half dose or skip - avoid fertilizing before/during heavy rain (nutrient leaching)),Medium,High,Medium,"Calcium, Boron",Full sun,14-23°C,45-65%,Medium,Ensure excess water drains away; watch for fungal disease on flowers/foliage. Pinch growing tips for bushier growth; stake tall varieties; deadhead spent blooms.
Carnation,Monsoon,Himachal Pradesh,"Reduce - rely on rainfall, ensure drainage",0.5-1,NPK 15-30-15 (bloom booster),5g/plant/2 weeks (Half dose or skip - avoid fertilizing before/during heavy rain (nutrient leaching)),Medium,High,Medium,"Calcium, Boron",Full sun,9-18°C,40-60%,Medium,Ensure excess water drains away; watch for fungal disease on flowers/foliage. Pinch growing tips for bushier growth; stake tall varieties; deadhead spent blooms.
Carnation,Monsoon,Maharashtra,"Reduce - rely on rainfall, ensure drainage",0.5-1,NPK 15-30-15 (bloom booster),5g/plant/2 weeks (Half dose or skip - avoid fertilizing before/during heavy rain (nutrient leaching)),Medium,High,Medium,"Calcium, Boron",Full sun,16-25°C,40-60%,Medium,Ensure excess water drains away; watch for fungal disease on flowers/foliage. Pinch growing tips for bushier growth; stake tall varieties; deadhead spent blooms.
Carnation,Monsoon,Tamil Nadu,"Reduce - rely on rainfall, ensure drainage",0.5-1,NPK 15-30-15 (bloom booster),5g/plant/2 weeks (Half dose or skip - avoid fertilizing before/during heavy rain (nutrient leaching)),Medium,High,Medium,"Calcium, Boron",Full sun,15-24°C,45-65%,Medium,Ensure excess water drains away; watch for fungal disease on flowers/foliage. Pinch growing tips for bushier growth; stake tall varieties; deadhead spent blooms.
Carnation,Monsoon,West Bengal,"Reduce - rely on rainfall, ensure drainage",0.5-1,NPK 15-30-15 (bloom booster),5g/plant/2 weeks (Half dose or skip - avoid fertilizing before/during heavy rain (nutrient leaching)),Medium,High,Medium,"Calcium, Boron",Full sun,15-24°C,50-70%,Medium,Ensure excess water drains away; watch for fungal disease on flowers/foliage. Pinch growing tips for bushier growth; stake tall varieties; deadhead spent blooms.
Carnation,Winter,Karnataka,2 times/week,01-Feb,NPK 15-30-15 (bloom booster),5g/plant/2 weeks (Half dose - reduced growth/dormancy),Medium,High,Medium,"Calcium, Boron",Full sun,14-23°C,45-65%,Medium,Reduce watering for dormant types; cold-hardy bloomers continue flowering with regular care. Pinch growing tips for bushier growth; stake tall varieties; deadhead spent blooms.
Carnation,Winter,Himachal Pradesh,2 times/week,01-Feb,NPK 15-30-15 (bloom booster),5g/plant/2 weeks (Half dose - reduced growth/dormancy),Medium,High,Medium,"Calcium, Boron",Full sun,9-18°C,40-60%,Medium,Reduce watering for dormant types; cold-hardy bloomers continue flowering with regular care. Pinch growing tips for bushier growth; stake tall varieties; deadhead spent blooms.
Carnation,Winter,Maharashtra,2 times/week,01-Feb,NPK 15-30-15 (bloom booster),5g/plant/2 weeks (Half dose - reduced growth/dormancy),Medium,High,Medium,"Calcium, Boron",Full sun,16-25°C,40-60%,Medium,Reduce watering for dormant types; cold-hardy bloomers continue flowering with regular care. Pinch growing tips for bushier growth; stake tall varieties; deadhead spent blooms.
Carnation,Winter,Tamil Nadu,2 times/week,01-Feb,NPK 15-30-15 (bloom booster),5g/plant/2 weeks (Half dose - reduced growth/dormancy),Medium,High,Medium,"Calcium, Boron",Full sun,15-24°C,45-65%,Medium,Reduce watering for dormant types; cold-hardy bloomers continue flowering with regular care. Pinch growing tips for bushier growth; stake tall varieties; deadhead spent blooms.
Carnation,Winter,West Bengal,2 times/week,01-Feb,NPK 15-30-15 (bloom booster),5g/plant/2 weeks (Half dose - reduced growth/dormancy),Medium,High,Medium,"Calcium, Boron",Full sun,15-24°C,50-70%,Medium,Reduce watering for dormant types; cold-hardy bloomers continue flowering with regular care. Pinch growing tips for bushier growth; stake tall varieties; deadhead spent blooms.
Carnation,Windy,Karnataka,3 times/week,1.5-3,NPK 15-30-15 (bloom booster),10g/plant/2 weeks (Full dose - same as normal growing schedule),Medium,High,Medium,"Calcium, Boron",Full sun,14-23°C,45-65%,Medium,Stake tall stems and place in a sheltered spot to prevent stem breakage and bloom damage. Pinch growing tips for bushier growth; stake tall varieties; deadhead spent blooms.
Carnation,Windy,Himachal Pradesh,3 times/week,1.5-3,NPK 15-30-15 (bloom booster),10g/plant/2 weeks (Full dose - same as normal growing schedule),Medium,High,Medium,"Calcium, Boron",Full sun,9-18°C,40-60%,Medium,Stake tall stems and place in a sheltered spot to prevent stem breakage and bloom damage. Pinch growing tips for bushier growth; stake tall varieties; deadhead spent blooms.
Carnation,Windy,Maharashtra,3 times/week,1.5-3,NPK 15-30-15 (bloom booster),10g/plant/2 weeks (Full dose - same as normal growing schedule),Medium,High,Medium,"Calcium, Boron",Full sun,16-25°C,40-60%,Medium,Stake tall stems and place in a sheltered spot to prevent stem breakage and bloom damage. Pinch growing tips for bushier growth; stake tall varieties; deadhead spent blooms.
Carnation,Windy,Tamil Nadu,3 times/week,1.5-3,NPK 15-30-15 (bloom booster),10g/plant/2 weeks (Full dose - same as normal growing schedule),Medium,High,Medium,"Calcium, Boron",Full sun,15-24°C,45-65%,Medium,Stake tall stems and place in a sheltered spot to prevent stem breakage and bloom damage. Pinch growing tips for bushier growth; stake tall varieties; deadhead spent blooms.
Carnation,Windy,West Bengal,3 times/week,1.5-3,NPK 15-30-15 (bloom booster),10g/plant/2 weeks (Full dose - same as normal growing schedule),Medium,High,Medium,"Calcium, Boron",Full sun,15-24°C,50-70%,Medium,Stake tall stems and place in a sheltered spot to prevent stem breakage and bloom damage. Pinch growing tips for bushier growth; stake tall varieties; deadhead spent blooms.
Pothos,Summer,Delhi,2 times/week,0.4-1,Balanced liquid fertilizer,5ml/plant/month (Full dose - active growth period),Medium,Low,Low,Iron,Bright indirect light (low light tolerant),21-33°C,30-50%,Low,Keep out of direct harsh sun; increase humidity via misting or a pebble tray. Let soil dry between waterings; very forgiving; toxic if ingested; trim to encourage bushiness.
Pothos,Summer,Maharashtra,2 times/week,0.4-1,Balanced liquid fertilizer,5ml/plant/month (Full dose - active growth period),Medium,Low,Low,Iron,Bright indirect light (low light tolerant),19-31°C,40-60%,Low,Keep out of direct harsh sun; increase humidity via misting or a pebble tray. Let soil dry between waterings; very forgiving; toxic if ingested; trim to encourage bushiness.
Pothos,Summer,Karnataka,2 times/week,0.4-1,Balanced liquid fertilizer,5ml/plant/month (Full dose - active growth period),Medium,Low,Low,Iron,Bright indirect light (low light tolerant),17-29°C,45-65%,Low,Keep out of direct harsh sun; increase humidity via misting or a pebble tray. Let soil dry between waterings; very forgiving; toxic if ingested; trim to encourage bushiness.
Pothos,Summer,West Bengal,2 times/week,0.4-1,Balanced liquid fertilizer,5ml/plant/month (Full dose - active growth period),Medium,Low,Low,Iron,Bright indirect light (low light tolerant),18-30°C,50-70%,Low,Keep out of direct harsh sun; increase humidity via misting or a pebble tray. Let soil dry between waterings; very forgiving; toxic if ingested; trim to encourage bushiness.
Pothos,Summer,Tamil Nadu,2 times/week,0.4-1,Balanced liquid fertilizer,5ml/plant/month (Full dose - active growth period),Medium,Low,Low,Iron,Bright indirect light (low light tolerant),18-30°C,45-65%,Low,Keep out of direct harsh sun; increase humidity via misting or a pebble tray. Let soil dry between waterings; very forgiving; toxic if ingested; trim to encourage bushiness.
Pothos,Autumn,Delhi,1-2 times/week,0.3-0.8,Balanced liquid fertilizer,5ml/plant/month (Full dose - transitional growing season),Medium,Low,Low,Iron,Bright indirect light (low light tolerant),21-33°C,30-50%,Low,Reduce feeding as light levels drop; wipe leaves free of dust. Let soil dry between waterings; very forgiving; toxic if ingested; trim to encourage bushiness.
Pothos,Autumn,Maharashtra,1-2 times/week,0.3-0.8,Balanced liquid fertilizer,5ml/plant/month (Full dose - transitional growing season),Medium,Low,Low,Iron,Bright indirect light (low light tolerant),19-31°C,40-60%,Low,Reduce feeding as light levels drop; wipe leaves free of dust. Let soil dry between waterings; very forgiving; toxic if ingested; trim to encourage bushiness.
Pothos,Autumn,Karnataka,1-2 times/week,0.3-0.8,Balanced liquid fertilizer,5ml/plant/month (Full dose - transitional growing season),Medium,Low,Low,Iron,Bright indirect light (low light tolerant),17-29°C,45-65%,Low,Reduce feeding as light levels drop; wipe leaves free of dust. Let soil dry between waterings; very forgiving; toxic if ingested; trim to encourage bushiness.
Pothos,Autumn,West Bengal,1-2 times/week,0.3-0.8,Balanced liquid fertilizer,5ml/plant/month (Full dose - transitional growing season),Medium,Low,Low,Iron,Bright indirect light (low light tolerant),18-30°C,50-70%,Low,Reduce feeding as light levels drop; wipe leaves free of dust. Let soil dry between waterings; very forgiving; toxic if ingested; trim to encourage bushiness.
Pothos,Autumn,Tamil Nadu,1-2 times/week,0.3-0.8,Balanced liquid fertilizer,5ml/plant/month (Full dose - transitional growing season),Medium,Low,Low,Iron,Bright indirect light (low light tolerant),18-30°C,45-65%,Low,Reduce feeding as light levels drop; wipe leaves free of dust. Let soil dry between waterings; very forgiving; toxic if ingested; trim to encourage bushiness.
Pothos,Monsoon,Delhi,"1 time/week (reduce, ambient humidity high)",0.2-0.5,Balanced liquid fertilizer,2.5ml/plant/month (Half dose or skip - avoid fertilizing before/during heavy rain (nutrient leaching)),Medium,Low,Low,Iron,Bright indirect light (low light tolerant),21-33°C,30-50%,Low,Ensure good ventilation and drainage indoors to prevent fungal issues from high humidity. Let soil dry between waterings; very forgiving; toxic if ingested; trim to encourage bushiness.
Pothos,Monsoon,Maharashtra,"1 time/week (reduce, ambient humidity high)",0.2-0.5,Balanced liquid fertilizer,2.5ml/plant/month (Half dose or skip - avoid fertilizing before/during heavy rain (nutrient leaching)),Medium,Low,Low,Iron,Bright indirect light (low light tolerant),19-31°C,40-60%,Low,Ensure good ventilation and drainage indoors to prevent fungal issues from high humidity. Let soil dry between waterings; very forgiving; toxic if ingested; trim to encourage bushiness.
Pothos,Monsoon,Karnataka,"1 time/week (reduce, ambient humidity high)",0.2-0.5,Balanced liquid fertilizer,2.5ml/plant/month (Half dose or skip - avoid fertilizing before/during heavy rain (nutrient leaching)),Medium,Low,Low,Iron,Bright indirect light (low light tolerant),17-29°C,45-65%,Low,Ensure good ventilation and drainage indoors to prevent fungal issues from high humidity. Let soil dry between waterings; very forgiving; toxic if ingested; trim to encourage bushiness.
Pothos,Monsoon,West Bengal,"1 time/week (reduce, ambient humidity high)",0.2-0.5,Balanced liquid fertilizer,2.5ml/plant/month (Half dose or skip - avoid fertilizing before/during heavy rain (nutrient leaching)),Medium,Low,Low,Iron,Bright indirect light (low light tolerant),18-30°C,50-70%,Low,Ensure good ventilation and drainage indoors to prevent fungal issues from high humidity. Let soil dry between waterings; very forgiving; toxic if ingested; trim to encourage bushiness.
Pothos,Monsoon,Tamil Nadu,"1 time/week (reduce, ambient humidity high)",0.2-0.5,Balanced liquid fertilizer,2.5ml/plant/month (Half dose or skip - avoid fertilizing before/during heavy rain (nutrient leaching)),Medium,Low,Low,Iron,Bright indirect light (low light tolerant),18-30°C,45-65%,Low,Ensure good ventilation and drainage indoors to prevent fungal issues from high humidity. Let soil dry between waterings; very forgiving; toxic if ingested; trim to encourage bushiness.
Pothos,Winter,Delhi,1 time/week,0.2-0.5,Balanced liquid fertilizer,2.5ml/plant/month (Half dose - reduced growth/dormancy),Medium,Low,Low,Iron,Bright indirect light (low light tolerant),21-33°C,30-50%,Low,Keep away from cold drafts and heaters; reduce watering as growth slows. Let soil dry between waterings; very forgiving; toxic if ingested; trim to encourage bushiness.
Pothos,Winter,Maharashtra,1 time/week,0.2-0.5,Balanced liquid fertilizer,2.5ml/plant/month (Half dose - reduced growth/dormancy),Medium,Low,Low,Iron,Bright indirect light (low light tolerant),19-31°C,40-60%,Low,Keep away from cold drafts and heaters; reduce watering as growth slows. Let soil dry between waterings; very forgiving; toxic if ingested; trim to encourage bushiness.
Pothos,Winter,Karnataka,1 time/week,0.2-0.5,Balanced liquid fertilizer,2.5ml/plant/month (Half dose - reduced growth/dormancy),Medium,Low,Low,Iron,Bright indirect light (low light tolerant),17-29°C,45-65%,Low,Keep away from cold drafts and heaters; reduce watering as growth slows. Let soil dry between waterings; very forgiving; toxic if ingested; trim to encourage bushiness.
Pothos,Winter,West Bengal,1 time/week,0.2-0.5,Balanced liquid fertilizer,2.5ml/plant/month (Half dose - reduced growth/dormancy),Medium,Low,Low,Iron,Bright indirect light (low light tolerant),18-30°C,50-70%,Low,Keep away from cold drafts and heaters; reduce watering as growth slows. Let soil dry between waterings; very forgiving; toxic if ingested; trim to encourage bushiness.
Pothos,Winter,Tamil Nadu,1 time/week,0.2-0.5,Balanced liquid fertilizer,2.5ml/plant/month (Half dose - reduced growth/dormancy),Medium,Low,Low,Iron,Bright indirect light (low light tolerant),18-30°C,45-65%,Low,Keep away from cold drafts and heaters; reduce watering as growth slows. Let soil dry between waterings; very forgiving; toxic if ingested; trim to encourage bushiness.
Pothos,Windy,Delhi,2 times/week (keep away from drafts),0.4-1,Balanced liquid fertilizer,5ml/plant/month (Full dose - same as normal growing schedule),Medium,Low,Low,Iron,Bright indirect light (low light tolerant),21-33°C,30-50%,Low,Indoor plant - shield from drafts near open windows/AC vents rather than outdoor wind. Let soil dry between waterings; very forgiving; toxic if ingested; trim to encourage bushiness.
Pothos,Windy,Maharashtra,2 times/week (keep away from drafts),0.4-1,Balanced liquid fertilizer,5ml/plant/month (Full dose - same as normal growing schedule),Medium,Low,Low,Iron,Bright indirect light (low light tolerant),19-31°C,40-60%,Low,Indoor plant - shield from drafts near open windows/AC vents rather than outdoor wind. Let soil dry between waterings; very forgiving; toxic if ingested; trim to encourage bushiness.
Pothos,Windy,Karnataka,2 times/week (keep away from drafts),0.4-1,Balanced liquid fertilizer,5ml/plant/month (Full dose - same as normal growing schedule),Medium,Low,Low,Iron,Bright indirect light (low light tolerant),17-29°C,45-65%,Low,Indoor plant - shield from drafts near open windows/AC vents rather than outdoor wind. Let soil dry between waterings; very forgiving; toxic if ingested; trim to encourage bushiness.
Pothos,Windy,West Bengal,2 times/week (keep away from drafts),0.4-1,Balanced liquid fertilizer,5ml/plant/month (Full dose - same as normal growing schedule),Medium,Low,Low,Iron,Bright indirect light (low light tolerant),18-30°C,50-70%,Low,Indoor plant - shield from drafts near open windows/AC vents rather than outdoor wind. Let soil dry between waterings; very forgiving; toxic if ingested; trim to encourage bushiness.
Pothos,Windy,Tamil Nadu,2 times/week (keep away from drafts),0.4-1,Balanced liquid fertilizer,5ml/plant/month (Full dose - same as normal growing schedule),Medium,Low,Low,Iron,Bright indirect light (low light tolerant),18-30°C,45-65%,Low,Indoor plant - shield from drafts near open windows/AC vents rather than outdoor wind. Let soil dry between waterings; very forgiving; toxic if ingested; trim to encourage bushiness.
Syngonium,Summer,Delhi,2 times/week,0.4-1,Balanced liquid fertilizer,5ml/plant/month (Full dose - active growth period),Medium,Low,Low,Iron,Bright indirect light,21-31°C,40-60%,Low,Keep out of direct harsh sun; increase humidity via misting or a pebble tray. Keep soil lightly moist; provide support/moss pole for climbing; toxic if ingested.
Syngonium,Summer,Maharashtra,2 times/week,0.4-1,Balanced liquid fertilizer,5ml/plant/month (Full dose - active growth period),Medium,Low,Low,Iron,Bright indirect light,19-29°C,50-70%,Low,Keep out of direct harsh sun; increase humidity via misting or a pebble tray. Keep soil lightly moist; provide support/moss pole for climbing; toxic if ingested.
Syngonium,Summer,Karnataka,2 times/week,0.4-1,Balanced liquid fertilizer,5ml/plant/month (Full dose - active growth period),Medium,Low,Low,Iron,Bright indirect light,17-27°C,55-75%,Low,Keep out of direct harsh sun; increase humidity via misting or a pebble tray. Keep soil lightly moist; provide support/moss pole for climbing; toxic if ingested.
Syngonium,Summer,West Bengal,2 times/week,0.4-1,Balanced liquid fertilizer,5ml/plant/month (Full dose - active growth period),Medium,Low,Low,Iron,Bright indirect light,18-28°C,60-80%,Low,Keep out of direct harsh sun; increase humidity via misting or a pebble tray. Keep soil lightly moist; provide support/moss pole for climbing; toxic if ingested.
Syngonium,Summer,Tamil Nadu,2 times/week,0.4-1,Balanced liquid fertilizer,5ml/plant/month (Full dose - active growth period),Medium,Low,Low,Iron,Bright indirect light,18-28°C,55-75%,Low,Keep out of direct harsh sun; increase humidity via misting or a pebble tray. Keep soil lightly moist; provide support/moss pole for climbing; toxic if ingested.
Syngonium,Autumn,Delhi,1-2 times/week,0.3-0.8,Balanced liquid fertilizer,5ml/plant/month (Full dose - transitional growing season),Medium,Low,Low,Iron,Bright indirect light,21-31°C,40-60%,Low,Reduce feeding as light levels drop; wipe leaves free of dust. Keep soil lightly moist; provide support/moss pole for climbing; toxic if ingested.
Syngonium,Autumn,Maharashtra,1-2 times/week,0.3-0.8,Balanced liquid fertilizer,5ml/plant/month (Full dose - transitional growing season),Medium,Low,Low,Iron,Bright indirect light,19-29°C,50-70%,Low,Reduce feeding as light levels drop; wipe leaves free of dust. Keep soil lightly moist; provide support/moss pole for climbing; toxic if ingested.
Syngonium,Autumn,Karnataka,1-2 times/week,0.3-0.8,Balanced liquid fertilizer,5ml/plant/month (Full dose - transitional growing season),Medium,Low,Low,Iron,Bright indirect light,17-27°C,55-75%,Low,Reduce feeding as light levels drop; wipe leaves free of dust. Keep soil lightly moist; provide support/moss pole for climbing; toxic if ingested.
Syngonium,Autumn,West Bengal,1-2 times/week,0.3-0.8,Balanced liquid fertilizer,5ml/plant/month (Full dose - transitional growing season),Medium,Low,Low,Iron,Bright indirect light,18-28°C,60-80%,Low,Reduce feeding as light levels drop; wipe leaves free of dust. Keep soil lightly moist; provide support/moss pole for climbing; toxic if ingested.
Syngonium,Autumn,Tamil Nadu,1-2 times/week,0.3-0.8,Balanced liquid fertilizer,5ml/plant/month (Full dose - transitional growing season),Medium,Low,Low,Iron,Bright indirect light,18-28°C,55-75%,Low,Reduce feeding as light levels drop; wipe leaves free of dust. Keep soil lightly moist; provide support/moss pole for climbing; toxic if ingested.
Syngonium,Monsoon,Delhi,"1 time/week (reduce, ambient humidity high)",0.2-0.5,Balanced liquid fertilizer,2.5ml/plant/month (Half dose or skip - avoid fertilizing before/during heavy rain (nutrient leaching)),Medium,Low,Low,Iron,Bright indirect light,21-31°C,40-60%,Low,Ensure good ventilation and drainage indoors to prevent fungal issues from high humidity. Keep soil lightly moist; provide support/moss pole for climbing; toxic if ingested.
Syngonium,Monsoon,Maharashtra,"1 time/week (reduce, ambient humidity high)",0.2-0.5,Balanced liquid fertilizer,2.5ml/plant/month (Half dose or skip - avoid fertilizing before/during heavy rain (nutrient leaching)),Medium,Low,Low,Iron,Bright indirect light,19-29°C,50-70%,Low,Ensure good ventilation and drainage indoors to prevent fungal issues from high humidity. Keep soil lightly moist; provide support/moss pole for climbing; toxic if ingested.
Syngonium,Monsoon,Karnataka,"1 time/week (reduce, ambient humidity high)",0.2-0.5,Balanced liquid fertilizer,2.5ml/plant/month (Half dose or skip - avoid fertilizing before/during heavy rain (nutrient leaching)),Medium,Low,Low,Iron,Bright indirect light,17-27°C,55-75%,Low,Ensure good ventilation and drainage indoors to prevent fungal issues from high humidity. Keep soil lightly moist; provide support/moss pole for climbing; toxic if ingested.
Syngonium,Monsoon,West Bengal,"1 time/week (reduce, ambient humidity high)",0.2-0.5,Balanced liquid fertilizer,2.5ml/plant/month (Half dose or skip - avoid fertilizing before/during heavy rain (nutrient leaching)),Medium,Low,Low,Iron,Bright indirect light,18-28°C,60-80%,Low,Ensure good ventilation and drainage indoors to prevent fungal issues from high humidity. Keep soil lightly moist; provide support/moss pole for climbing; toxic if ingested.
Syngonium,Monsoon,Tamil Nadu,"1 time/week (reduce, ambient humidity high)",0.2-0.5,Balanced liquid fertilizer,2.5ml/plant/month (Half dose or skip - avoid fertilizing before/during heavy rain (nutrient leaching)),Medium,Low,Low,Iron,Bright indirect light,18-28°C,55-75%,Low,Ensure good ventilation and drainage indoors to prevent fungal issues from high humidity. Keep soil lightly moist; provide support/moss pole for climbing; toxic if ingested.
Syngonium,Winter,Delhi,1 time/week,0.2-0.5,Balanced liquid fertilizer,2.5ml/plant/month (Half dose - reduced growth/dormancy),Medium,Low,Low,Iron,Bright indirect light,21-31°C,40-60%,Low,Keep away from cold drafts and heaters; reduce watering as growth slows. Keep soil lightly moist; provide support/moss pole for climbing; toxic if ingested.
Syngonium,Winter,Maharashtra,1 time/week,0.2-0.5,Balanced liquid fertilizer,2.5ml/plant/month (Half dose - reduced growth/dormancy),Medium,Low,Low,Iron,Bright indirect light,19-29°C,50-70%,Low,Keep away from cold drafts and heaters; reduce watering as growth slows. Keep soil lightly moist; provide support/moss pole for climbing; toxic if ingested.
Syngonium,Winter,Karnataka,1 time/week,0.2-0.5,Balanced liquid fertilizer,2.5ml/plant/month (Half dose - reduced growth/dormancy),Medium,Low,Low,Iron,Bright indirect light,17-27°C,55-75%,Low,Keep away from cold drafts and heaters; reduce watering as growth slows. Keep soil lightly moist; provide support/moss pole for climbing; toxic if ingested.
Syngonium,Winter,West Bengal,1 time/week,0.2-0.5,Balanced liquid fertilizer,2.5ml/plant/month (Half dose - reduced growth/dormancy),Medium,Low,Low,Iron,Bright indirect light,18-28°C,60-80%,Low,Keep away from cold drafts and heaters; reduce watering as growth slows. Keep soil lightly moist; provide support/moss pole for climbing; toxic if ingested.
Syngonium,Winter,Tamil Nadu,1 time/week,0.2-0.5,Balanced liquid fertilizer,2.5ml/plant/month (Half dose - reduced growth/dormancy),Medium,Low,Low,Iron,Bright indirect light,18-28°C,55-75%,Low,Keep away from cold drafts and heaters; reduce watering as growth slows. Keep soil lightly moist; provide support/moss pole for climbing; toxic if ingested.
Syngonium,Windy,Delhi,2 times/week (keep away from drafts),0.4-1,Balanced liquid fertilizer,5ml/plant/month (Full dose - same as normal growing schedule),Medium,Low,Low,Iron,Bright indirect light,21-31°C,40-60%,Low,Indoor plant - shield from drafts near open windows/AC vents rather than outdoor wind. Keep soil lightly moist; provide support/moss pole for climbing; toxic if ingested.
Syngonium,Windy,Maharashtra,2 times/week (keep away from drafts),0.4-1,Balanced liquid fertilizer,5ml/plant/month (Full dose - same as normal growing schedule),Medium,Low,Low,Iron,Bright indirect light,19-29°C,50-70%,Low,Indoor plant - shield from drafts near open windows/AC vents rather than outdoor wind. Keep soil lightly moist; provide support/moss pole for climbing; toxic if ingested.
Syngonium,Windy,Karnataka,2 times/week (keep away from drafts),0.4-1,Balanced liquid fertilizer,5ml/plant/month (Full dose - same as normal growing schedule),Medium,Low,Low,Iron,Bright indirect light,17-27°C,55-75%,Low,Indoor plant - shield from drafts near open windows/AC vents rather than outdoor wind. Keep soil lightly moist; provide support/moss pole for climbing; toxic if ingested.
Syngonium,Windy,West Bengal,2 times/week (keep away from drafts),0.4-1,Balanced liquid fertilizer,5ml/plant/month (Full dose - same as normal growing schedule),Medium,Low,Low,Iron,Bright indirect light,18-28°C,60-80%,Low,Indoor plant - shield from drafts near open windows/AC vents rather than outdoor wind. Keep soil lightly moist; provide support/moss pole for climbing; toxic if ingested.
Syngonium,Windy,Tamil Nadu,2 times/week (keep away from drafts),0.4-1,Balanced liquid fertilizer,5ml/plant/month (Full dose - same as normal growing schedule),Medium,Low,Low,Iron,Bright indirect light,18-28°C,55-75%,Low,Indoor plant - shield from drafts near open windows/AC vents rather than outdoor wind. Keep soil lightly moist; provide support/moss pole for climbing; toxic if ingested.
Dieffenbachia,Summer,Delhi,2 times/week,0.4-1,Balanced liquid fertilizer,5ml/plant/month (Full dose - active growth period),Medium,Low,Medium,"Manganese, Iron",Bright indirect light,21-30°C,40-60%,Low,Keep out of direct harsh sun; increase humidity via misting or a pebble tray. Toxic sap (causes mouth numbness); rotate plant for even growth; avoid cold drafts.
Dieffenbachia,Summer,Maharashtra,2 times/week,0.4-1,Balanced liquid fertilizer,5ml/plant/month (Full dose - active growth period),Medium,Low,Medium,"Manganese, Iron",Bright indirect light,19-28°C,50-70%,Low,Keep out of direct harsh sun; increase humidity via misting or a pebble tray. Toxic sap (causes mouth numbness); rotate plant for even growth; avoid cold drafts.
Dieffenbachia,Summer,Karnataka,2 times/week,0.4-1,Balanced liquid fertilizer,5ml/plant/month (Full dose - active growth period),Medium,Low,Medium,"Manganese, Iron",Bright indirect light,17-26°C,55-75%,Low,Keep out of direct harsh sun; increase humidity via misting or a pebble tray. Toxic sap (causes mouth numbness); rotate plant for even growth; avoid cold drafts.
Dieffenbachia,Summer,West Bengal,2 times/week,0.4-1,Balanced liquid fertilizer,5ml/plant/month (Full dose - active growth period),Medium,Low,Medium,"Manganese, Iron",Bright indirect light,18-27°C,60-80%,Low,Keep out of direct harsh sun; increase humidity via misting or a pebble tray. Toxic sap (causes mouth numbness); rotate plant for even growth; avoid cold drafts.
Dieffenbachia,Summer,Tamil Nadu,2 times/week,0.4-1,Balanced liquid fertilizer,5ml/plant/month (Full dose - active growth period),Medium,Low,Medium,"Manganese, Iron",Bright indirect light,18-27°C,55-75%,Low,Keep out of direct harsh sun; increase humidity via misting or a pebble tray. Toxic sap (causes mouth numbness); rotate plant for even growth; avoid cold drafts.
Dieffenbachia,Autumn,Delhi,1-2 times/week,0.3-0.8,Balanced liquid fertilizer,5ml/plant/month (Full dose - transitional growing season),Medium,Low,Medium,"Manganese, Iron",Bright indirect light,21-30°C,40-60%,Low,Reduce feeding as light levels drop; wipe leaves free of dust. Toxic sap (causes mouth numbness); rotate plant for even growth; avoid cold drafts.
Dieffenbachia,Autumn,Maharashtra,1-2 times/week,0.3-0.8,Balanced liquid fertilizer,5ml/plant/month (Full dose - transitional growing season),Medium,Low,Medium,"Manganese, Iron",Bright indirect light,19-28°C,50-70%,Low,Reduce feeding as light levels drop; wipe leaves free of dust. Toxic sap (causes mouth numbness); rotate plant for even growth; avoid cold drafts.
Dieffenbachia,Autumn,Karnataka,1-2 times/week,0.3-0.8,Balanced liquid fertilizer,5ml/plant/month (Full dose - transitional growing season),Medium,Low,Medium,"Manganese, Iron",Bright indirect light,17-26°C,55-75%,Low,Reduce feeding as light levels drop; wipe leaves free of dust. Toxic sap (causes mouth numbness); rotate plant for even growth; avoid cold drafts.
Dieffenbachia,Autumn,West Bengal,1-2 times/week,0.3-0.8,Balanced liquid fertilizer,5ml/plant/month (Full dose - transitional growing season),Medium,Low,Medium,"Manganese, Iron",Bright indirect light,18-27°C,60-80%,Low,Reduce feeding as light levels drop; wipe leaves free of dust. Toxic sap (causes mouth numbness); rotate plant for even growth; avoid cold drafts.
Dieffenbachia,Autumn,Tamil Nadu,1-2 times/week,0.3-0.8,Balanced liquid fertilizer,5ml/plant/month (Full dose - transitional growing season),Medium,Low,Medium,"Manganese, Iron",Bright indirect light,18-27°C,55-75%,Low,Reduce feeding as light levels drop; wipe leaves free of dust. Toxic sap (causes mouth numbness); rotate plant for even growth; avoid cold drafts.
Dieffenbachia,Monsoon,Delhi,"1 time/week (reduce, ambient humidity high)",0.2-0.5,Balanced liquid fertilizer,2.5ml/plant/month (Half dose or skip - avoid fertilizing before/during heavy rain (nutrient leaching)),Medium,Low,Medium,"Manganese, Iron",Bright indirect light,21-30°C,40-60%,Low,Ensure good ventilation and drainage indoors to prevent fungal issues from high humidity. Toxic sap (causes mouth numbness); rotate plant for even growth; avoid cold drafts.
Dieffenbachia,Monsoon,Maharashtra,"1 time/week (reduce, ambient humidity high)",0.2-0.5,Balanced liquid fertilizer,2.5ml/plant/month (Half dose or skip - avoid fertilizing before/during heavy rain (nutrient leaching)),Medium,Low,Medium,"Manganese, Iron",Bright indirect light,19-28°C,50-70%,Low,Ensure good ventilation and drainage indoors to prevent fungal issues from high humidity. Toxic sap (causes mouth numbness); rotate plant for even growth; avoid cold drafts.
Dieffenbachia,Monsoon,Karnataka,"1 time/week (reduce, ambient humidity high)",0.2-0.5,Balanced liquid fertilizer,2.5ml/plant/month (Half dose or skip - avoid fertilizing before/during heavy rain (nutrient leaching)),Medium,Low,Medium,"Manganese, Iron",Bright indirect light,17-26°C,55-75%,Low,Ensure good ventilation and drainage indoors to prevent fungal issues from high humidity. Toxic sap (causes mouth numbness); rotate plant for even growth; avoid cold drafts.
Dieffenbachia,Monsoon,West Bengal,"1 time/week (reduce, ambient humidity high)",0.2-0.5,Balanced liquid fertilizer,2.5ml/plant/month (Half dose or skip - avoid fertilizing before/during heavy rain (nutrient leaching)),Medium,Low,Medium,"Manganese, Iron",Bright indirect light,18-27°C,60-80%,Low,Ensure good ventilation and drainage indoors to prevent fungal issues from high humidity. Toxic sap (causes mouth numbness); rotate plant for even growth; avoid cold drafts.
Dieffenbachia,Monsoon,Tamil Nadu,"1 time/week (reduce, ambient humidity high)",0.2-0.5,Balanced liquid fertilizer,2.5ml/plant/month (Half dose or skip - avoid fertilizing before/during heavy rain (nutrient leaching)),Medium,Low,Medium,"Manganese, Iron",Bright indirect light,18-27°C,55-75%,Low,Ensure good ventilation and drainage indoors to prevent fungal issues from high humidity. Toxic sap (causes mouth numbness); rotate plant for even growth; avoid cold drafts.
Dieffenbachia,Winter,Delhi,1 time/week,0.2-0.5,Balanced liquid fertilizer,2.5ml/plant/month (Half dose - reduced growth/dormancy),Medium,Low,Medium,"Manganese, Iron",Bright indirect light,21-30°C,40-60%,Low,Keep away from cold drafts and heaters; reduce watering as growth slows. Toxic sap (causes mouth numbness); rotate plant for even growth; avoid cold drafts.
Dieffenbachia,Winter,Maharashtra,1 time/week,0.2-0.5,Balanced liquid fertilizer,2.5ml/plant/month (Half dose - reduced growth/dormancy),Medium,Low,Medium,"Manganese, Iron",Bright indirect light,19-28°C,50-70%,Low,Keep away from cold drafts and heaters; reduce watering as growth slows. Toxic sap (causes mouth numbness); rotate plant for even growth; avoid cold drafts.
Dieffenbachia,Winter,Karnataka,1 time/week,0.2-0.5,Balanced liquid fertilizer,2.5ml/plant/month (Half dose - reduced growth/dormancy),Medium,Low,Medium,"Manganese, Iron",Bright indirect light,17-26°C,55-75%,Low,Keep away from cold drafts and heaters; reduce watering as growth slows. Toxic sap (causes mouth numbness); rotate plant for even growth; avoid cold drafts.
Dieffenbachia,Winter,West Bengal,1 time/week,0.2-0.5,Balanced liquid fertilizer,2.5ml/plant/month (Half dose - reduced growth/dormancy),Medium,Low,Medium,"Manganese, Iron",Bright indirect light,18-27°C,60-80%,Low,Keep away from cold drafts and heaters; reduce watering as growth slows. Toxic sap (causes mouth numbness); rotate plant for even growth; avoid cold drafts.
Dieffenbachia,Winter,Tamil Nadu,1 time/week,0.2-0.5,Balanced liquid fertilizer,2.5ml/plant/month (Half dose - reduced growth/dormancy),Medium,Low,Medium,"Manganese, Iron",Bright indirect light,18-27°C,55-75%,Low,Keep away from cold drafts and heaters; reduce watering as growth slows. Toxic sap (causes mouth numbness); rotate plant for even growth; avoid cold drafts.
Dieffenbachia,Windy,Delhi,2 times/week (keep away from drafts),0.4-1,Balanced liquid fertilizer,5ml/plant/month (Full dose - same as normal growing schedule),Medium,Low,Medium,"Manganese, Iron",Bright indirect light,21-30°C,40-60%,Low,Indoor plant - shield from drafts near open windows/AC vents rather than outdoor wind. Toxic sap (causes mouth numbness); rotate plant for even growth; avoid cold drafts.
Dieffenbachia,Windy,Maharashtra,2 times/week (keep away from drafts),0.4-1,Balanced liquid fertilizer,5ml/plant/month (Full dose - same as normal growing schedule),Medium,Low,Medium,"Manganese, Iron",Bright indirect light,19-28°C,50-70%,Low,Indoor plant - shield from drafts near open windows/AC vents rather than outdoor wind. Toxic sap (causes mouth numbness); rotate plant for even growth; avoid cold drafts.
Dieffenbachia,Windy,Karnataka,2 times/week (keep away from drafts),0.4-1,Balanced liquid fertilizer,5ml/plant/month (Full dose - same as normal growing schedule),Medium,Low,Medium,"Manganese, Iron",Bright indirect light,17-26°C,55-75%,Low,Indoor plant - shield from drafts near open windows/AC vents rather than outdoor wind. Toxic sap (causes mouth numbness); rotate plant for even growth; avoid cold drafts.
Dieffenbachia,Windy,West Bengal,2 times/week (keep away from drafts),0.4-1,Balanced liquid fertilizer,5ml/plant/month (Full dose - same as normal growing schedule),Medium,Low,Medium,"Manganese, Iron",Bright indirect light,18-27°C,60-80%,Low,Indoor plant - shield from drafts near open windows/AC vents rather than outdoor wind. Toxic sap (causes mouth numbness); rotate plant for even growth; avoid cold drafts.
Dieffenbachia,Windy,Tamil Nadu,2 times/week (keep away from drafts),0.4-1,Balanced liquid fertilizer,5ml/plant/month (Full dose - same as normal growing schedule),Medium,Low,Medium,"Manganese, Iron",Bright indirect light,18-27°C,55-75%,Low,Indoor plant - shield from drafts near open windows/AC vents rather than outdoor wind. Toxic sap (causes mouth numbness); rotate plant for even growth; avoid cold drafts.
Bamboo Palm,Summer,Delhi,2 times/week,0.4-1,Palm special fertilizer,15g/plant/month (Full dose - active growth period),Medium,Medium,High,"Magnesium, Manganese",Bright indirect light to partial shade,21-30°C,40-60%,Low,Keep out of direct harsh sun; increase humidity via misting or a pebble tray. Good air-purifying plant; mist leaves for humidity; avoid direct hot sun.
Bamboo Palm,Summer,Maharashtra,2 times/week,0.4-1,Palm special fertilizer,15g/plant/month (Full dose - active growth period),Medium,Medium,High,"Magnesium, Manganese",Bright indirect light to partial shade,19-28°C,50-70%,Low,Keep out of direct harsh sun; increase humidity via misting or a pebble tray. Good air-purifying plant; mist leaves for humidity; avoid direct hot sun.
Bamboo Palm,Summer,Karnataka,2 times/week,0.4-1,Palm special fertilizer,15g/plant/month (Full dose - active growth period),Medium,Medium,High,"Magnesium, Manganese",Bright indirect light to partial shade,17-26°C,55-75%,Low,Keep out of direct harsh sun; increase humidity via misting or a pebble tray. Good air-purifying plant; mist leaves for humidity; avoid direct hot sun.
Bamboo Palm,Summer,West Bengal,2 times/week,0.4-1,Palm special fertilizer,15g/plant/month (Full dose - active growth period),Medium,Medium,High,"Magnesium, Manganese",Bright indirect light to partial shade,18-27°C,60-80%,Low,Keep out of direct harsh sun; increase humidity via misting or a pebble tray. Good air-purifying plant; mist leaves for humidity; avoid direct hot sun.
Bamboo Palm,Summer,Tamil Nadu,2 times/week,0.4-1,Palm special fertilizer,15g/plant/month (Full dose - active growth period),Medium,Medium,High,"Magnesium, Manganese",Bright indirect light to partial shade,18-27°C,55-75%,Low,Keep out of direct harsh sun; increase humidity via misting or a pebble tray. Good air-purifying plant; mist leaves for humidity; avoid direct hot sun.
Bamboo Palm,Autumn,Delhi,1-2 times/week,0.3-0.8,Palm special fertilizer,15g/plant/month (Full dose - transitional growing season),Medium,Medium,High,"Magnesium, Manganese",Bright indirect light to partial shade,21-30°C,40-60%,Low,Reduce feeding as light levels drop; wipe leaves free of dust. Good air-purifying plant; mist leaves for humidity; avoid direct hot sun.
Bamboo Palm,Autumn,Maharashtra,1-2 times/week,0.3-0.8,Palm special fertilizer,15g/plant/month (Full dose - transitional growing season),Medium,Medium,High,"Magnesium, Manganese",Bright indirect light to partial shade,19-28°C,50-70%,Low,Reduce feeding as light levels drop; wipe leaves free of dust. Good air-purifying plant; mist leaves for humidity; avoid direct hot sun.
Bamboo Palm,Autumn,Karnataka,1-2 times/week,0.3-0.8,Palm special fertilizer,15g/plant/month (Full dose - transitional growing season),Medium,Medium,High,"Magnesium, Manganese",Bright indirect light to partial shade,17-26°C,55-75%,Low,Reduce feeding as light levels drop; wipe leaves free of dust. Good air-purifying plant; mist leaves for humidity; avoid direct hot sun.
Bamboo Palm,Autumn,West Bengal,1-2 times/week,0.3-0.8,Palm special fertilizer,15g/plant/month (Full dose - transitional growing season),Medium,Medium,High,"Magnesium, Manganese",Bright indirect light to partial shade,18-27°C,60-80%,Low,Reduce feeding as light levels drop; wipe leaves free of dust. Good air-purifying plant; mist leaves for humidity; avoid direct hot sun.
Bamboo Palm,Autumn,Tamil Nadu,1-2 times/week,0.3-0.8,Palm special fertilizer,15g/plant/month (Full dose - transitional growing season),Medium,Medium,High,"Magnesium, Manganese",Bright indirect light to partial shade,18-27°C,55-75%,Low,Reduce feeding as light levels drop; wipe leaves free of dust. Good air-purifying plant; mist leaves for humidity; avoid direct hot sun.
Bamboo Palm,Monsoon,Delhi,"1 time/week (reduce, ambient humidity high)",0.2-0.5,Palm special fertilizer,7.5g/plant/month (Half dose or skip - avoid fertilizing before/during heavy rain (nutrient leaching)),Medium,Medium,High,"Magnesium, Manganese",Bright indirect light to partial shade,21-30°C,40-60%,Low,Ensure good ventilation and drainage indoors to prevent fungal issues from high humidity. Good air-purifying plant; mist leaves for humidity; avoid direct hot sun.
Bamboo Palm,Monsoon,Maharashtra,"1 time/week (reduce, ambient humidity high)",0.2-0.5,Palm special fertilizer,7.5g/plant/month (Half dose or skip - avoid fertilizing before/during heavy rain (nutrient leaching)),Medium,Medium,High,"Magnesium, Manganese",Bright indirect light to partial shade,19-28°C,50-70%,Low,Ensure good ventilation and drainage indoors to prevent fungal issues from high humidity. Good air-purifying plant; mist leaves for humidity; avoid direct hot sun.
Bamboo Palm,Monsoon,Karnataka,"1 time/week (reduce, ambient humidity high)",0.2-0.5,Palm special fertilizer,7.5g/plant/month (Half dose or skip - avoid fertilizing before/during heavy rain (nutrient leaching)),Medium,Medium,High,"Magnesium, Manganese",Bright indirect light to partial shade,17-26°C,55-75%,Low,Ensure good ventilation and drainage indoors to prevent fungal issues from high humidity. Good air-purifying plant; mist leaves for humidity; avoid direct hot sun.
Bamboo Palm,Monsoon,West Bengal,"1 time/week (reduce, ambient humidity high)",0.2-0.5,Palm special fertilizer,7.5g/plant/month (Half dose or skip - avoid fertilizing before/during heavy rain (nutrient leaching)),Medium,Medium,High,"Magnesium, Manganese",Bright indirect light to partial shade,18-27°C,60-80%,Low,Ensure good ventilation and drainage indoors to prevent fungal issues from high humidity. Good air-purifying plant; mist leaves for humidity; avoid direct hot sun.
Bamboo Palm,Monsoon,Tamil Nadu,"1 time/week (reduce, ambient humidity high)",0.2-0.5,Palm special fertilizer,7.5g/plant/month (Half dose or skip - avoid fertilizing before/during heavy rain (nutrient leaching)),Medium,Medium,High,"Magnesium, Manganese",Bright indirect light to partial shade,18-27°C,55-75%,Low,Ensure good ventilation and drainage indoors to prevent fungal issues from high humidity. Good air-purifying plant; mist leaves for humidity; avoid direct hot sun.
Bamboo Palm,Winter,Delhi,1 time/week,0.2-0.5,Palm special fertilizer,7.5g/plant/month (Half dose - reduced growth/dormancy),Medium,Medium,High,"Magnesium, Manganese",Bright indirect light to partial shade,21-30°C,40-60%,Low,Keep away from cold drafts and heaters; reduce watering as growth slows. Good air-purifying plant; mist leaves for humidity; avoid direct hot sun.
Bamboo Palm,Winter,Maharashtra,1 time/week,0.2-0.5,Palm special fertilizer,7.5g/plant/month (Half dose - reduced growth/dormancy),Medium,Medium,High,"Magnesium, Manganese",Bright indirect light to partial shade,19-28°C,50-70%,Low,Keep away from cold drafts and heaters; reduce watering as growth slows. Good air-purifying plant; mist leaves for humidity; avoid direct hot sun.
Bamboo Palm,Winter,Karnataka,1 time/week,0.2-0.5,Palm special fertilizer,7.5g/plant/month (Half dose - reduced growth/dormancy),Medium,Medium,High,"Magnesium, Manganese",Bright indirect light to partial shade,17-26°C,55-75%,Low,Keep away from cold drafts and heaters; reduce watering as growth slows. Good air-purifying plant; mist leaves for humidity; avoid direct hot sun.
Bamboo Palm,Winter,West Bengal,1 time/week,0.2-0.5,Palm special fertilizer,7.5g/plant/month (Half dose - reduced growth/dormancy),Medium,Medium,High,"Magnesium, Manganese",Bright indirect light to partial shade,18-27°C,60-80%,Low,Keep away from cold drafts and heaters; reduce watering as growth slows. Good air-purifying plant; mist leaves for humidity; avoid direct hot sun.
Bamboo Palm,Winter,Tamil Nadu,1 time/week,0.2-0.5,Palm special fertilizer,7.5g/plant/month (Half dose - reduced growth/dormancy),Medium,Medium,High,"Magnesium, Manganese",Bright indirect light to partial shade,18-27°C,55-75%,Low,Keep away from cold drafts and heaters; reduce watering as growth slows. Good air-purifying plant; mist leaves for humidity; avoid direct hot sun.
Bamboo Palm,Windy,Delhi,2 times/week (keep away from drafts),0.4-1,Palm special fertilizer,15g/plant/month (Full dose - same as normal growing schedule),Medium,Medium,High,"Magnesium, Manganese",Bright indirect light to partial shade,21-30°C,40-60%,Low,Indoor plant - shield from drafts near open windows/AC vents rather than outdoor wind. Good air-purifying plant; mist leaves for humidity; avoid direct hot sun.
Bamboo Palm,Windy,Maharashtra,2 times/week (keep away from drafts),0.4-1,Palm special fertilizer,15g/plant/month (Full dose - same as normal growing schedule),Medium,Medium,High,"Magnesium, Manganese",Bright indirect light to partial shade,19-28°C,50-70%,Low,Indoor plant - shield from drafts near open windows/AC vents rather than outdoor wind. Good air-purifying plant; mist leaves for humidity; avoid direct hot sun.
Bamboo Palm,Windy,Karnataka,2 times/week (keep away from drafts),0.4-1,Palm special fertilizer,15g/plant/month (Full dose - same as normal growing schedule),Medium,Medium,High,"Magnesium, Manganese",Bright indirect light to partial shade,17-26°C,55-75%,Low,Indoor plant - shield from drafts near open windows/AC vents rather than outdoor wind. Good air-purifying plant; mist leaves for humidity; avoid direct hot sun.
Bamboo Palm,Windy,West Bengal,2 times/week (keep away from drafts),0.4-1,Palm special fertilizer,15g/plant/month (Full dose - same as normal growing schedule),Medium,Medium,High,"Magnesium, Manganese",Bright indirect light to partial shade,18-27°C,60-80%,Low,Indoor plant - shield from drafts near open windows/AC vents rather than outdoor wind. Good air-purifying plant; mist leaves for humidity; avoid direct hot sun.
Bamboo Palm,Windy,Tamil Nadu,2 times/week (keep away from drafts),0.4-1,Palm special fertilizer,15g/plant/month (Full dose - same as normal growing schedule),Medium,Medium,High,"Magnesium, Manganese",Bright indirect light to partial shade,18-27°C,55-75%,Low,Indoor plant - shield from drafts near open windows/AC vents rather than outdoor wind. Good air-purifying plant; mist leaves for humidity; avoid direct hot sun.
Sunflower,Summer,Karnataka,2-3 times/week,01-Mar,NPK 10-10-10,15g/plant/2 weeks (Full dose - active growth period),Medium,Medium,High,Boron,Full sun (6-8 hrs),19-29°C,45-65%,Low,Deadhead spent blooms to encourage continuous flowering; water in early morning. Stake tall varieties; consistent watering during budding and flowering.
Sunflower,Summer,Maharashtra,2-3 times/week,01-Mar,NPK 10-10-10,15g/plant/2 weeks (Full dose - active growth period),Medium,Medium,High,Boron,Full sun (6-8 hrs),21-31°C,40-60%,Low,Deadhead spent blooms to encourage continuous flowering; water in early morning. Stake tall varieties; consistent watering during budding and flowering.
Sunflower,Summer,Andhra Pradesh,2-3 times/week,01-Mar,NPK 10-10-10,15g/plant/2 weeks (Full dose - active growth period),Medium,Medium,High,Boron,Full sun (6-8 hrs),21-31°C,45-65%,Low,Deadhead spent blooms to encourage continuous flowering; water in early morning. Stake tall varieties; consistent watering during budding and flowering.
Sunflower,Summer,Uttar Pradesh,2-3 times/week,01-Mar,NPK 10-10-10,15g/plant/2 weeks (Full dose - active growth period),Medium,Medium,High,Boron,Full sun (6-8 hrs),22-32°C,35-55%,Low,Deadhead spent blooms to encourage continuous flowering; water in early morning. Stake tall varieties; consistent watering during budding and flowering.
Sunflower,Summer,Bihar,2-3 times/week,01-Mar,NPK 10-10-10,15g/plant/2 weeks (Full dose - active growth period),Medium,Medium,High,Boron,Full sun (6-8 hrs),21-31°C,45-65%,Low,Deadhead spent blooms to encourage continuous flowering; water in early morning. Stake tall varieties; consistent watering during budding and flowering.
Sunflower,Autumn,Karnataka,2 times/week,01-Feb,NPK 10-10-10,15g/plant/2 weeks (Full dose - transitional growing season),Medium,Medium,High,Boron,Full sun (6-8 hrs),19-29°C,45-65%,Low,Good blooming/growing season for many varieties; maintain regular watering. Stake tall varieties; consistent watering during budding and flowering.
Sunflower,Autumn,Maharashtra,2 times/week,01-Feb,NPK 10-10-10,15g/plant/2 weeks (Full dose - transitional growing season),Medium,Medium,High,Boron,Full sun (6-8 hrs),21-31°C,40-60%,Low,Good blooming/growing season for many varieties; maintain regular watering. Stake tall varieties; consistent watering during budding and flowering.
Sunflower,Autumn,Andhra Pradesh,2 times/week,01-Feb,NPK 10-10-10,15g/plant/2 weeks (Full dose - transitional growing season),Medium,Medium,High,Boron,Full sun (6-8 hrs),21-31°C,45-65%,Low,Good blooming/growing season for many varieties; maintain regular watering. Stake tall varieties; consistent watering during budding and flowering.
Sunflower,Autumn,Uttar Pradesh,2 times/week,01-Feb,NPK 10-10-10,15g/plant/2 weeks (Full dose - transitional growing season),Medium,Medium,High,Boron,Full sun (6-8 hrs),22-32°C,35-55%,Low,Good blooming/growing season for many varieties; maintain regular watering. Stake tall varieties; consistent watering during budding and flowering.
Sunflower,Autumn,Bihar,2 times/week,01-Feb,NPK 10-10-10,15g/plant/2 weeks (Full dose - transitional growing season),Medium,Medium,High,Boron,Full sun (6-8 hrs),21-31°C,45-65%,Low,Good blooming/growing season for many varieties; maintain regular watering. Stake tall varieties; consistent watering during budding and flowering.
Sunflower,Monsoon,Karnataka,"Reduce - rely on rainfall, ensure drainage",0.5-1,NPK 10-10-10,7.5g/plant/2 weeks (Half dose or skip - avoid fertilizing before/during heavy rain (nutrient leaching)),Medium,Medium,High,Boron,Full sun (6-8 hrs),19-29°C,45-65%,Low,Ensure excess water drains away; watch for fungal disease on flowers/foliage. Stake tall varieties; consistent watering during budding and flowering.
Sunflower,Monsoon,Maharashtra,"Reduce - rely on rainfall, ensure drainage",0.5-1,NPK 10-10-10,7.5g/plant/2 weeks (Half dose or skip - avoid fertilizing before/during heavy rain (nutrient leaching)),Medium,Medium,High,Boron,Full sun (6-8 hrs),21-31°C,40-60%,Low,Ensure excess water drains away; watch for fungal disease on flowers/foliage. Stake tall varieties; consistent watering during budding and flowering.
Sunflower,Monsoon,Andhra Pradesh,"Reduce - rely on rainfall, ensure drainage",0.5-1,NPK 10-10-10,7.5g/plant/2 weeks (Half dose or skip - avoid fertilizing before/during heavy rain (nutrient leaching)),Medium,Medium,High,Boron,Full sun (6-8 hrs),21-31°C,45-65%,Low,Ensure excess water drains away; watch for fungal disease on flowers/foliage. Stake tall varieties; consistent watering during budding and flowering.
Sunflower,Monsoon,Uttar Pradesh,"Reduce - rely on rainfall, ensure drainage",0.5-1,NPK 10-10-10,7.5g/plant/2 weeks (Half dose or skip - avoid fertilizing before/during heavy rain (nutrient leaching)),Medium,Medium,High,Boron,Full sun (6-8 hrs),22-32°C,35-55%,Low,Ensure excess water drains away; watch for fungal disease on flowers/foliage. Stake tall varieties; consistent watering during budding and flowering.
Sunflower,Monsoon,Bihar,"Reduce - rely on rainfall, ensure drainage",0.5-1,NPK 10-10-10,7.5g/plant/2 weeks (Half dose or skip - avoid fertilizing before/during heavy rain (nutrient leaching)),Medium,Medium,High,Boron,Full sun (6-8 hrs),21-31°C,45-65%,Low,Ensure excess water drains away; watch for fungal disease on flowers/foliage. Stake tall varieties; consistent watering during budding and flowering.
Sunflower,Winter,Karnataka,1-2 times/week,0.5-1.5,NPK 10-10-10,7.5g/plant/2 weeks (Half dose - reduced growth/dormancy),Medium,Medium,High,Boron,Full sun (6-8 hrs),19-29°C,45-65%,Low,Reduce watering for dormant types; cold-hardy bloomers continue flowering with regular care. Stake tall varieties; consistent watering during budding and flowering.
Sunflower,Winter,Maharashtra,1-2 times/week,0.5-1.5,NPK 10-10-10,7.5g/plant/2 weeks (Half dose - reduced growth/dormancy),Medium,Medium,High,Boron,Full sun (6-8 hrs),21-31°C,40-60%,Low,Reduce watering for dormant types; cold-hardy bloomers continue flowering with regular care. Stake tall varieties; consistent watering during budding and flowering.
Sunflower,Winter,Andhra Pradesh,1-2 times/week,0.5-1.5,NPK 10-10-10,7.5g/plant/2 weeks (Half dose - reduced growth/dormancy),Medium,Medium,High,Boron,Full sun (6-8 hrs),21-31°C,45-65%,Low,Reduce watering for dormant types; cold-hardy bloomers continue flowering with regular care. Stake tall varieties; consistent watering during budding and flowering.
Sunflower,Winter,Uttar Pradesh,1-2 times/week,0.5-1.5,NPK 10-10-10,7.5g/plant/2 weeks (Half dose - reduced growth/dormancy),Medium,Medium,High,Boron,Full sun (6-8 hrs),22-32°C,35-55%,Low,Reduce watering for dormant types; cold-hardy bloomers continue flowering with regular care. Stake tall varieties; consistent watering during budding and flowering.
Sunflower,Winter,Bihar,1-2 times/week,0.5-1.5,NPK 10-10-10,7.5g/plant/2 weeks (Half dose - reduced growth/dormancy),Medium,Medium,High,Boron,Full sun (6-8 hrs),21-31°C,45-65%,Low,Reduce watering for dormant types; cold-hardy bloomers continue flowering with regular care. Stake tall varieties; consistent watering during budding and flowering.
Sunflower,Windy,Karnataka,3 times/week,1.5-3,NPK 10-10-10,15g/plant/2 weeks (Full dose - same as normal growing schedule),Medium,Medium,High,Boron,Full sun (6-8 hrs),19-29°C,45-65%,Low,Stake tall stems and place in a sheltered spot to prevent stem breakage and bloom damage. Stake tall varieties; consistent watering during budding and flowering.
Sunflower,Windy,Maharashtra,3 times/week,1.5-3,NPK 10-10-10,15g/plant/2 weeks (Full dose - same as normal growing schedule),Medium,Medium,High,Boron,Full sun (6-8 hrs),21-31°C,40-60%,Low,Stake tall stems and place in a sheltered spot to prevent stem breakage and bloom damage. Stake tall varieties; consistent watering during budding and flowering.
Sunflower,Windy,Andhra Pradesh,3 times/week,1.5-3,NPK 10-10-10,15g/plant/2 weeks (Full dose - same as normal growing schedule),Medium,Medium,High,Boron,Full sun (6-8 hrs),21-31°C,45-65%,Low,Stake tall stems and place in a sheltered spot to prevent stem breakage and bloom damage. Stake tall varieties; consistent watering during budding and flowering.
Sunflower,Windy,Uttar Pradesh,3 times/week,1.5-3,NPK 10-10-10,15g/plant/2 weeks (Full dose - same as normal growing schedule),Medium,Medium,High,Boron,Full sun (6-8 hrs),22-32°C,35-55%,Low,Stake tall stems and place in a sheltered spot to prevent stem breakage and bloom damage. Stake tall varieties; consistent watering during budding and flowering.
Sunflower,Windy,Bihar,3 times/week,1.5-3,NPK 10-10-10,15g/plant/2 weeks (Full dose - same as normal growing schedule),Medium,Medium,High,Boron,Full sun (6-8 hrs),21-31°C,45-65%,Low,Stake tall stems and place in a sheltered spot to prevent stem breakage and bloom damage. Stake tall varieties; consistent watering during budding and flowering.
Hydrangea,Summer,Himachal Pradesh,2-3 times/week,01-Mar,NPK 10-10-10 (aluminum sulfate for blue blooms),20g/plant/month (Full dose - active growth period),Medium,Medium,Medium,"Aluminum (color change), Iron",Partial shade to morning sun,9-21°C,50-70%,Low,Deadhead spent blooms to encourage continuous flowering; water in early morning. Keep soil consistently moist; prune according to bloom-on-old/new-wood type.
Hydrangea,Summer,Uttarakhand,2-3 times/week,01-Mar,NPK 10-10-10 (aluminum sulfate for blue blooms),20g/plant/month (Full dose - active growth period),Medium,Medium,Medium,"Aluminum (color change), Iron",Partial shade to morning sun,10-22°C,50-70%,Low,Deadhead spent blooms to encourage continuous flowering; water in early morning. Keep soil consistently moist; prune according to bloom-on-old/new-wood type.
Hydrangea,Summer,West Bengal,2-3 times/week,01-Mar,NPK 10-10-10 (aluminum sulfate for blue blooms),20g/plant/month (Full dose - active growth period),Medium,Medium,Medium,"Aluminum (color change), Iron",Partial shade to morning sun,15-27°C,60-80%,Low,Deadhead spent blooms to encourage continuous flowering; water in early morning. Keep soil consistently moist; prune according to bloom-on-old/new-wood type.
Hydrangea,Summer,Sikkim,2-3 times/week,01-Mar,NPK 10-10-10 (aluminum sulfate for blue blooms),20g/plant/month (Full dose - active growth period),Medium,Medium,Medium,"Aluminum (color change), Iron",Partial shade to morning sun,10-22°C,60-80%,Low,Deadhead spent blooms to encourage continuous flowering; water in early morning. Keep soil consistently moist; prune according to bloom-on-old/new-wood type.
Hydrangea,Summer,Karnataka,2-3 times/week,01-Mar,NPK 10-10-10 (aluminum sulfate for blue blooms),20g/plant/month (Full dose - active growth period),Medium,Medium,Medium,"Aluminum (color change), Iron",Partial shade to morning sun,14-26°C,55-75%,Low,Deadhead spent blooms to encourage continuous flowering; water in early morning. Keep soil consistently moist; prune according to bloom-on-old/new-wood type.
Hydrangea,Autumn,Himachal Pradesh,2 times/week,01-Feb,NPK 10-10-10 (aluminum sulfate for blue blooms),20g/plant/month (Full dose - transitional growing season),Medium,Medium,Medium,"Aluminum (color change), Iron",Partial shade to morning sun,9-21°C,50-70%,Low,Good blooming/growing season for many varieties; maintain regular watering. Keep soil consistently moist; prune according to bloom-on-old/new-wood type.
Hydrangea,Autumn,Uttarakhand,2 times/week,01-Feb,NPK 10-10-10 (aluminum sulfate for blue blooms),20g/plant/month (Full dose - transitional growing season),Medium,Medium,Medium,"Aluminum (color change), Iron",Partial shade to morning sun,10-22°C,50-70%,Low,Good blooming/growing season for many varieties; maintain regular watering. Keep soil consistently moist; prune according to bloom-on-old/new-wood type.
Hydrangea,Autumn,West Bengal,2 times/week,01-Feb,NPK 10-10-10 (aluminum sulfate for blue blooms),20g/plant/month (Full dose - transitional growing season),Medium,Medium,Medium,"Aluminum (color change), Iron",Partial shade to morning sun,15-27°C,60-80%,Low,Good blooming/growing season for many varieties; maintain regular watering. Keep soil consistently moist; prune according to bloom-on-old/new-wood type.
Hydrangea,Autumn,Sikkim,2 times/week,01-Feb,NPK 10-10-10 (aluminum sulfate for blue blooms),20g/plant/month (Full dose - transitional growing season),Medium,Medium,Medium,"Aluminum (color change), Iron",Partial shade to morning sun,10-22°C,60-80%,Low,Good blooming/growing season for many varieties; maintain regular watering. Keep soil consistently moist; prune according to bloom-on-old/new-wood type.
Hydrangea,Autumn,Karnataka,2 times/week,01-Feb,NPK 10-10-10 (aluminum sulfate for blue blooms),20g/plant/month (Full dose - transitional growing season),Medium,Medium,Medium,"Aluminum (color change), Iron",Partial shade to morning sun,14-26°C,55-75%,Low,Good blooming/growing season for many varieties; maintain regular watering. Keep soil consistently moist; prune according to bloom-on-old/new-wood type.
Hydrangea,Monsoon,Himachal Pradesh,"Reduce - rely on rainfall, ensure drainage",0.5-1,NPK 10-10-10 (aluminum sulfate for blue blooms),10g/plant/month (Half dose or skip - avoid fertilizing before/during heavy rain (nutrient leaching)),Medium,Medium,Medium,"Aluminum (color change), Iron",Partial shade to morning sun,9-21°C,50-70%,Low,Ensure excess water drains away; watch for fungal disease on flowers/foliage. Keep soil consistently moist; prune according to bloom-on-old/new-wood type.
Hydrangea,Monsoon,Uttarakhand,"Reduce - rely on rainfall, ensure drainage",0.5-1,NPK 10-10-10 (aluminum sulfate for blue blooms),10g/plant/month (Half dose or skip - avoid fertilizing before/during heavy rain (nutrient leaching)),Medium,Medium,Medium,"Aluminum (color change), Iron",Partial shade to morning sun,10-22°C,50-70%,Low,Ensure excess water drains away; watch for fungal disease on flowers/foliage. Keep soil consistently moist; prune according to bloom-on-old/new-wood type.
Hydrangea,Monsoon,West Bengal,"Reduce - rely on rainfall, ensure drainage",0.5-1,NPK 10-10-10 (aluminum sulfate for blue blooms),10g/plant/month (Half dose or skip - avoid fertilizing before/during heavy rain (nutrient leaching)),Medium,Medium,Medium,"Aluminum (color change), Iron",Partial shade to morning sun,15-27°C,60-80%,Low,Ensure excess water drains away; watch for fungal disease on flowers/foliage. Keep soil consistently moist; prune according to bloom-on-old/new-wood type.
Hydrangea,Monsoon,Sikkim,"Reduce - rely on rainfall, ensure drainage",0.5-1,NPK 10-10-10 (aluminum sulfate for blue blooms),10g/plant/month (Half dose or skip - avoid fertilizing before/during heavy rain (nutrient leaching)),Medium,Medium,Medium,"Aluminum (color change), Iron",Partial shade to morning sun,10-22°C,60-80%,Low,Ensure excess water drains away; watch for fungal disease on flowers/foliage. Keep soil consistently moist; prune according to bloom-on-old/new-wood type.
Hydrangea,Monsoon,Karnataka,"Reduce - rely on rainfall, ensure drainage",0.5-1,NPK 10-10-10 (aluminum sulfate for blue blooms),10g/plant/month (Half dose or skip - avoid fertilizing before/during heavy rain (nutrient leaching)),Medium,Medium,Medium,"Aluminum (color change), Iron",Partial shade to morning sun,14-26°C,55-75%,Low,Ensure excess water drains away; watch for fungal disease on flowers/foliage. Keep soil consistently moist; prune according to bloom-on-old/new-wood type.
Hydrangea,Winter,Himachal Pradesh,1-2 times/week,0.5-1.5,NPK 10-10-10 (aluminum sulfate for blue blooms),10g/plant/month (Half dose - reduced growth/dormancy),Medium,Medium,Medium,"Aluminum (color change), Iron",Partial shade to morning sun,9-21°C,50-70%,Low,Reduce watering for dormant types; cold-hardy bloomers continue flowering with regular care. Keep soil consistently moist; prune according to bloom-on-old/new-wood type.
Hydrangea,Winter,Uttarakhand,1-2 times/week,0.5-1.5,NPK 10-10-10 (aluminum sulfate for blue blooms),10g/plant/month (Half dose - reduced growth/dormancy),Medium,Medium,Medium,"Aluminum (color change), Iron",Partial shade to morning sun,10-22°C,50-70%,Low,Reduce watering for dormant types; cold-hardy bloomers continue flowering with regular care. Keep soil consistently moist; prune according to bloom-on-old/new-wood type.
Hydrangea,Winter,West Bengal,1-2 times/week,0.5-1.5,NPK 10-10-10 (aluminum sulfate for blue blooms),10g/plant/month (Half dose - reduced growth/dormancy),Medium,Medium,Medium,"Aluminum (color change), Iron",Partial shade to morning sun,15-27°C,60-80%,Low,Reduce watering for dormant types; cold-hardy bloomers continue flowering with regular care. Keep soil consistently moist; prune according to bloom-on-old/new-wood type.
Hydrangea,Winter,Sikkim,1-2 times/week,0.5-1.5,NPK 10-10-10 (aluminum sulfate for blue blooms),10g/plant/month (Half dose - reduced growth/dormancy),Medium,Medium,Medium,"Aluminum (color change), Iron",Partial shade to morning sun,10-22°C,60-80%,Low,Reduce watering for dormant types; cold-hardy bloomers continue flowering with regular care. Keep soil consistently moist; prune according to bloom-on-old/new-wood type.
Hydrangea,Winter,Karnataka,1-2 times/week,0.5-1.5,NPK 10-10-10 (aluminum sulfate for blue blooms),10g/plant/month (Half dose - reduced growth/dormancy),Medium,Medium,Medium,"Aluminum (color change), Iron",Partial shade to morning sun,14-26°C,55-75%,Low,Reduce watering for dormant types; cold-hardy bloomers continue flowering with regular care. Keep soil consistently moist; prune according to bloom-on-old/new-wood type.
Hydrangea,Windy,Himachal Pradesh,3 times/week,1.5-3,NPK 10-10-10 (aluminum sulfate for blue blooms),20g/plant/month (Full dose - same as normal growing schedule),Medium,Medium,Medium,"Aluminum (color change), Iron",Partial shade to morning sun,9-21°C,50-70%,Low,Stake tall stems and place in a sheltered spot to prevent stem breakage and bloom damage. Keep soil consistently moist; prune according to bloom-on-old/new-wood type.
Hydrangea,Windy,Uttarakhand,3 times/week,1.5-3,NPK 10-10-10 (aluminum sulfate for blue blooms),20g/plant/month (Full dose - same as normal growing schedule),Medium,Medium,Medium,"Aluminum (color change), Iron",Partial shade to morning sun,10-22°C,50-70%,Low,Stake tall stems and place in a sheltered spot to prevent stem breakage and bloom damage. Keep soil consistently moist; prune according to bloom-on-old/new-wood type.
Hydrangea,Windy,West Bengal,3 times/week,1.5-3,NPK 10-10-10 (aluminum sulfate for blue blooms),20g/plant/month (Full dose - same as normal growing schedule),Medium,Medium,Medium,"Aluminum (color change), Iron",Partial shade to morning sun,15-27°C,60-80%,Low,Stake tall stems and place in a sheltered spot to prevent stem breakage and bloom damage. Keep soil consistently moist; prune according to bloom-on-old/new-wood type.
Hydrangea,Windy,Sikkim,3 times/week,1.5-3,NPK 10-10-10 (aluminum sulfate for blue blooms),20g/plant/month (Full dose - same as normal growing schedule),Medium,Medium,Medium,"Aluminum (color change), Iron",Partial shade to morning sun,10-22°C,60-80%,Low,Stake tall stems and place in a sheltered spot to prevent stem breakage and bloom damage. Keep soil consistently moist; prune according to bloom-on-old/new-wood type.
Hydrangea,Windy,Karnataka,3 times/week,1.5-3,NPK 10-10-10 (aluminum sulfate for blue blooms),20g/plant/month (Full dose - same as normal growing schedule),Medium,Medium,Medium,"Aluminum (color change), Iron",Partial shade to morning sun,14-26°C,55-75%,Low,Stake tall stems and place in a sheltered spot to prevent stem breakage and bloom damage. Keep soil consistently moist; prune according to bloom-on-old/new-wood type.
Neem,Summer,Tamil Nadu,2-3 times/week,05-Oct,Organic compost,50g/plant/month (Full dose - active growth period),Low,Low,Medium,Iron,Full sun,20-40°C,35-65%,High,"Deep, infrequent watering encourages strong root growth; mulch around base. Highly drought tolerant once established; minimal care needed; pest-repellent properties."
Neem,Summer,Andhra Pradesh,2-3 times/week,05-Oct,Organic compost,50g/plant/month (Full dose - active growth period),Low,Low,Medium,Iron,Full sun,21-41°C,35-65%,High,"Deep, infrequent watering encourages strong root growth; mulch around base. Highly drought tolerant once established; minimal care needed; pest-repellent properties."
Neem,Summer,Karnataka,2-3 times/week,05-Oct,Organic compost,50g/plant/month (Full dose - active growth period),Low,Low,Medium,Iron,Full sun,19-39°C,35-65%,High,"Deep, infrequent watering encourages strong root growth; mulch around base. Highly drought tolerant once established; minimal care needed; pest-repellent properties."
Neem,Summer,Maharashtra,2-3 times/week,05-Oct,Organic compost,50g/plant/month (Full dose - active growth period),Low,Low,Medium,Iron,Full sun,21-41°C,30-60%,High,"Deep, infrequent watering encourages strong root growth; mulch around base. Highly drought tolerant once established; minimal care needed; pest-repellent properties."
Neem,Summer,Rajasthan,2-3 times/week,05-Oct,Organic compost,50g/plant/month (Full dose - active growth period),Low,Low,Medium,Iron,Full sun,24-44°C,15-45%,High,"Deep, infrequent watering encourages strong root growth; mulch around base. Highly drought tolerant once established; minimal care needed; pest-repellent properties."
Neem,Autumn,Tamil Nadu,1-2 times/week,03-Jul,Organic compost,50g/plant/month (Full dose - transitional growing season),Low,Low,Medium,Iron,Full sun,20-40°C,35-65%,High,Reduce watering gradually as growth slows; good season for planting/transplanting. Highly drought tolerant once established; minimal care needed; pest-repellent properties.
Neem,Autumn,Andhra Pradesh,1-2 times/week,03-Jul,Organic compost,50g/plant/month (Full dose - transitional growing season),Low,Low,Medium,Iron,Full sun,21-41°C,35-65%,High,Reduce watering gradually as growth slows; good season for planting/transplanting. Highly drought tolerant once established; minimal care needed; pest-repellent properties.
Neem,Autumn,Karnataka,1-2 times/week,03-Jul,Organic compost,50g/plant/month (Full dose - transitional growing season),Low,Low,Medium,Iron,Full sun,19-39°C,35-65%,High,Reduce watering gradually as growth slows; good season for planting/transplanting. Highly drought tolerant once established; minimal care needed; pest-repellent properties.
Neem,Autumn,Maharashtra,1-2 times/week,03-Jul,Organic compost,50g/plant/month (Full dose - transitional growing season),Low,Low,Medium,Iron,Full sun,21-41°C,30-60%,High,Reduce watering gradually as growth slows; good season for planting/transplanting. Highly drought tolerant once established; minimal care needed; pest-repellent properties.
Neem,Autumn,Rajasthan,1-2 times/week,03-Jul,Organic compost,50g/plant/month (Full dose - transitional growing season),Low,Low,Medium,Iron,Full sun,24-44°C,15-45%,High,Reduce watering gradually as growth slows; good season for planting/transplanting. Highly drought tolerant once established; minimal care needed; pest-repellent properties.
Neem,Monsoon,Tamil Nadu,Minimal - rainfall usually sufficient,0-2,Organic compost,25g/plant/month (Half dose or skip - avoid fertilizing before/during heavy rain (nutrient leaching)),Low,Low,Medium,Iron,Full sun,20-40°C,35-65%,High,Ensure soil drains well to prevent waterlogging around roots; avoid fertilizing. Highly drought tolerant once established; minimal care needed; pest-repellent properties.
Neem,Monsoon,Andhra Pradesh,Minimal - rainfall usually sufficient,0-2,Organic compost,25g/plant/month (Half dose or skip - avoid fertilizing before/during heavy rain (nutrient leaching)),Low,Low,Medium,Iron,Full sun,21-41°C,35-65%,High,Ensure soil drains well to prevent waterlogging around roots; avoid fertilizing. Highly drought tolerant once established; minimal care needed; pest-repellent properties.
Neem,Monsoon,Karnataka,Minimal - rainfall usually sufficient,0-2,Organic compost,25g/plant/month (Half dose or skip - avoid fertilizing before/during heavy rain (nutrient leaching)),Low,Low,Medium,Iron,Full sun,19-39°C,35-65%,High,Ensure soil drains well to prevent waterlogging around roots; avoid fertilizing. Highly drought tolerant once established; minimal care needed; pest-repellent properties.
Neem,Monsoon,Maharashtra,Minimal - rainfall usually sufficient,0-2,Organic compost,25g/plant/month (Half dose or skip - avoid fertilizing before/during heavy rain (nutrient leaching)),Low,Low,Medium,Iron,Full sun,21-41°C,30-60%,High,Ensure soil drains well to prevent waterlogging around roots; avoid fertilizing. Highly drought tolerant once established; minimal care needed; pest-repellent properties.
Neem,Monsoon,Rajasthan,Minimal - rainfall usually sufficient,0-2,Organic compost,25g/plant/month (Half dose or skip - avoid fertilizing before/during heavy rain (nutrient leaching)),Low,Low,Medium,Iron,Full sun,24-44°C,15-45%,High,Ensure soil drains well to prevent waterlogging around roots; avoid fertilizing. Highly drought tolerant once established; minimal care needed; pest-repellent properties.
Neem,Winter,Tamil Nadu,1 time/week,02-May,Organic compost,25g/plant/month (Half dose - reduced growth/dormancy),Low,Low,Medium,Iron,Full sun,20-40°C,35-65%,High,Water sparingly; protect young trees from cold with mulch or wrapping if frost-prone. Highly drought tolerant once established; minimal care needed; pest-repellent properties.
Neem,Winter,Andhra Pradesh,1 time/week,02-May,Organic compost,25g/plant/month (Half dose - reduced growth/dormancy),Low,Low,Medium,Iron,Full sun,21-41°C,35-65%,High,Water sparingly; protect young trees from cold with mulch or wrapping if frost-prone. Highly drought tolerant once established; minimal care needed; pest-repellent properties.
Neem,Winter,Karnataka,1 time/week,02-May,Organic compost,25g/plant/month (Half dose - reduced growth/dormancy),Low,Low,Medium,Iron,Full sun,19-39°C,35-65%,High,Water sparingly; protect young trees from cold with mulch or wrapping if frost-prone. Highly drought tolerant once established; minimal care needed; pest-repellent properties.
Neem,Winter,Maharashtra,1 time/week,02-May,Organic compost,25g/plant/month (Half dose - reduced growth/dormancy),Low,Low,Medium,Iron,Full sun,21-41°C,30-60%,High,Water sparingly; protect young trees from cold with mulch or wrapping if frost-prone. Highly drought tolerant once established; minimal care needed; pest-repellent properties.
Neem,Winter,Rajasthan,1 time/week,02-May,Organic compost,25g/plant/month (Half dose - reduced growth/dormancy),Low,Low,Medium,Iron,Full sun,24-44°C,15-45%,High,Water sparingly; protect young trees from cold with mulch or wrapping if frost-prone. Highly drought tolerant once established; minimal care needed; pest-repellent properties.
Neem,Windy,Tamil Nadu,2 times/week,05-Aug,Organic compost,50g/plant/month (Full dose - same as normal growing schedule),Low,Low,Medium,Iron,Full sun,20-40°C,35-65%,High,Stake young trees firmly; established trees are generally wind tolerant. Highly drought tolerant once established; minimal care needed; pest-repellent properties.
Neem,Windy,Andhra Pradesh,2 times/week,05-Aug,Organic compost,50g/plant/month (Full dose - same as normal growing schedule),Low,Low,Medium,Iron,Full sun,21-41°C,35-65%,High,Stake young trees firmly; established trees are generally wind tolerant. Highly drought tolerant once established; minimal care needed; pest-repellent properties.
Neem,Windy,Karnataka,2 times/week,05-Aug,Organic compost,50g/plant/month (Full dose - same as normal growing schedule),Low,Low,Medium,Iron,Full sun,19-39°C,35-65%,High,Stake young trees firmly; established trees are generally wind tolerant. Highly drought tolerant once established; minimal care needed; pest-repellent properties.
Neem,Windy,Maharashtra,2 times/week,05-Aug,Organic compost,50g/plant/month (Full dose - same as normal growing schedule),Low,Low,Medium,Iron,Full sun,21-41°C,30-60%,High,Stake young trees firmly; established trees are generally wind tolerant. Highly drought tolerant once established; minimal care needed; pest-repellent properties.
Neem,Windy,Rajasthan,2 times/week,05-Aug,Organic compost,50g/plant/month (Full dose - same as normal growing schedule),Low,Low,Medium,Iron,Full sun,24-44°C,15-45%,High,Stake young trees firmly; established trees are generally wind tolerant. Highly drought tolerant once established; minimal care needed; pest-repellent properties.
Curry Leaves,Summer,Tamil Nadu,Daily/alternate days,0.5-1,NPK 10-10-10/organic compost,10g/plant/month (Full dose - active growth period),Medium,Low,Medium,"Iron, Zinc",Full sun to partial shade,20-35°C,45-65%,Medium,Harvest regularly to encourage bushy growth; provide light afternoon shade in extreme heat. Prune regularly to promote bushy growth; sensitive to frost and waterlogging.
Curry Leaves,Summer,Karnataka,Daily/alternate days,0.5-1,NPK 10-10-10/organic compost,10g/plant/month (Full dose - active growth period),Medium,Low,Medium,"Iron, Zinc",Full sun to partial shade,19-34°C,45-65%,Medium,Harvest regularly to encourage bushy growth; provide light afternoon shade in extreme heat. Prune regularly to promote bushy growth; sensitive to frost and waterlogging.
Curry Leaves,Summer,Andhra Pradesh,Daily/alternate days,0.5-1,NPK 10-10-10/organic compost,10g/plant/month (Full dose - active growth period),Medium,Low,Medium,"Iron, Zinc",Full sun to partial shade,21-36°C,45-65%,Medium,Harvest regularly to encourage bushy growth; provide light afternoon shade in extreme heat. Prune regularly to promote bushy growth; sensitive to frost and waterlogging.
Curry Leaves,Summer,Kerala,Daily/alternate days,0.5-1,NPK 10-10-10/organic compost,10g/plant/month (Full dose - active growth period),Medium,Low,Medium,"Iron, Zinc",Full sun to partial shade,19-34°C,55-75%,Medium,Harvest regularly to encourage bushy growth; provide light afternoon shade in extreme heat. Prune regularly to promote bushy growth; sensitive to frost and waterlogging.
Curry Leaves,Summer,Maharashtra,Daily/alternate days,0.5-1,NPK 10-10-10/organic compost,10g/plant/month (Full dose - active growth period),Medium,Low,Medium,"Iron, Zinc",Full sun to partial shade,21-36°C,40-60%,Medium,Harvest regularly to encourage bushy growth; provide light afternoon shade in extreme heat. Prune regularly to promote bushy growth; sensitive to frost and waterlogging.
Curry Leaves,Autumn,Tamil Nadu,2-3 times/week,0.4-0.7,NPK 10-10-10/organic compost,10g/plant/month (Full dose - transitional growing season),Medium,Low,Medium,"Iron, Zinc",Full sun to partial shade,20-35°C,45-65%,Medium,Continue regular harvesting; growth remains active in mild temperatures. Prune regularly to promote bushy growth; sensitive to frost and waterlogging.
Curry Leaves,Autumn,Karnataka,2-3 times/week,0.4-0.7,NPK 10-10-10/organic compost,10g/plant/month (Full dose - transitional growing season),Medium,Low,Medium,"Iron, Zinc",Full sun to partial shade,19-34°C,45-65%,Medium,Continue regular harvesting; growth remains active in mild temperatures. Prune regularly to promote bushy growth; sensitive to frost and waterlogging.
Curry Leaves,Autumn,Andhra Pradesh,2-3 times/week,0.4-0.7,NPK 10-10-10/organic compost,10g/plant/month (Full dose - transitional growing season),Medium,Low,Medium,"Iron, Zinc",Full sun to partial shade,21-36°C,45-65%,Medium,Continue regular harvesting; growth remains active in mild temperatures. Prune regularly to promote bushy growth; sensitive to frost and waterlogging.
Curry Leaves,Autumn,Kerala,2-3 times/week,0.4-0.7,NPK 10-10-10/organic compost,10g/plant/month (Full dose - transitional growing season),Medium,Low,Medium,"Iron, Zinc",Full sun to partial shade,19-34°C,55-75%,Medium,Continue regular harvesting; growth remains active in mild temperatures. Prune regularly to promote bushy growth; sensitive to frost and waterlogging.
Curry Leaves,Autumn,Maharashtra,2-3 times/week,0.4-0.7,NPK 10-10-10/organic compost,10g/plant/month (Full dose - transitional growing season),Medium,Low,Medium,"Iron, Zinc",Full sun to partial shade,21-36°C,40-60%,Medium,Continue regular harvesting; growth remains active in mild temperatures. Prune regularly to promote bushy growth; sensitive to frost and waterlogging.
Curry Leaves,Monsoon,Tamil Nadu,As needed - only if no rain,0.2-0.4,NPK 10-10-10/organic compost,5g/plant/month (Half dose or skip - avoid fertilizing before/during heavy rain (nutrient leaching)),Medium,Low,Medium,"Iron, Zinc",Full sun to partial shade,20-35°C,45-65%,Medium,Ensure good drainage to prevent root rot and fungal leaf spots; avoid waterlogged pots. Prune regularly to promote bushy growth; sensitive to frost and waterlogging.
Curry Leaves,Monsoon,Karnataka,As needed - only if no rain,0.2-0.4,NPK 10-10-10/organic compost,5g/plant/month (Half dose or skip - avoid fertilizing before/during heavy rain (nutrient leaching)),Medium,Low,Medium,"Iron, Zinc",Full sun to partial shade,19-34°C,45-65%,Medium,Ensure good drainage to prevent root rot and fungal leaf spots; avoid waterlogged pots. Prune regularly to promote bushy growth; sensitive to frost and waterlogging.
Curry Leaves,Monsoon,Andhra Pradesh,As needed - only if no rain,0.2-0.4,NPK 10-10-10/organic compost,5g/plant/month (Half dose or skip - avoid fertilizing before/during heavy rain (nutrient leaching)),Medium,Low,Medium,"Iron, Zinc",Full sun to partial shade,21-36°C,45-65%,Medium,Ensure good drainage to prevent root rot and fungal leaf spots; avoid waterlogged pots. Prune regularly to promote bushy growth; sensitive to frost and waterlogging.
Curry Leaves,Monsoon,Kerala,As needed - only if no rain,0.2-0.4,NPK 10-10-10/organic compost,5g/plant/month (Half dose or skip - avoid fertilizing before/during heavy rain (nutrient leaching)),Medium,Low,Medium,"Iron, Zinc",Full sun to partial shade,19-34°C,55-75%,Medium,Ensure good drainage to prevent root rot and fungal leaf spots; avoid waterlogged pots. Prune regularly to promote bushy growth; sensitive to frost and waterlogging.
Curry Leaves,Monsoon,Maharashtra,As needed - only if no rain,0.2-0.4,NPK 10-10-10/organic compost,5g/plant/month (Half dose or skip - avoid fertilizing before/during heavy rain (nutrient leaching)),Medium,Low,Medium,"Iron, Zinc",Full sun to partial shade,21-36°C,40-60%,Medium,Ensure good drainage to prevent root rot and fungal leaf spots; avoid waterlogged pots. Prune regularly to promote bushy growth; sensitive to frost and waterlogging.
Curry Leaves,Winter,Tamil Nadu,2 times/week,0.3-0.5,NPK 10-10-10/organic compost,5g/plant/month (Half dose - reduced growth/dormancy),Medium,Low,Medium,"Iron, Zinc",Full sun to partial shade,20-35°C,45-65%,Medium,Protect from frost/cold drafts; move containers indoors or to a sheltered spot if needed. Prune regularly to promote bushy growth; sensitive to frost and waterlogging.
Curry Leaves,Winter,Karnataka,2 times/week,0.3-0.5,NPK 10-10-10/organic compost,5g/plant/month (Half dose - reduced growth/dormancy),Medium,Low,Medium,"Iron, Zinc",Full sun to partial shade,19-34°C,45-65%,Medium,Protect from frost/cold drafts; move containers indoors or to a sheltered spot if needed. Prune regularly to promote bushy growth; sensitive to frost and waterlogging.
Curry Leaves,Winter,Andhra Pradesh,2 times/week,0.3-0.5,NPK 10-10-10/organic compost,5g/plant/month (Half dose - reduced growth/dormancy),Medium,Low,Medium,"Iron, Zinc",Full sun to partial shade,21-36°C,45-65%,Medium,Protect from frost/cold drafts; move containers indoors or to a sheltered spot if needed. Prune regularly to promote bushy growth; sensitive to frost and waterlogging.
Curry Leaves,Winter,Kerala,2 times/week,0.3-0.5,NPK 10-10-10/organic compost,5g/plant/month (Half dose - reduced growth/dormancy),Medium,Low,Medium,"Iron, Zinc",Full sun to partial shade,19-34°C,55-75%,Medium,Protect from frost/cold drafts; move containers indoors or to a sheltered spot if needed. Prune regularly to promote bushy growth; sensitive to frost and waterlogging.
Curry Leaves,Winter,Maharashtra,2 times/week,0.3-0.5,NPK 10-10-10/organic compost,5g/plant/month (Half dose - reduced growth/dormancy),Medium,Low,Medium,"Iron, Zinc",Full sun to partial shade,21-36°C,40-60%,Medium,Protect from frost/cold drafts; move containers indoors or to a sheltered spot if needed. Prune regularly to promote bushy growth; sensitive to frost and waterlogging.
Curry Leaves,Windy,Tamil Nadu,Daily/alternate days,0.6-1,NPK 10-10-10/organic compost,10g/plant/month (Full dose - same as normal growing schedule),Medium,Low,Medium,"Iron, Zinc",Full sun to partial shade,20-35°C,45-65%,Medium,Stake or shelter tender stems; increase watering slightly as wind dries soil faster. Prune regularly to promote bushy growth; sensitive to frost and waterlogging.
Curry Leaves,Windy,Karnataka,Daily/alternate days,0.6-1,NPK 10-10-10/organic compost,10g/plant/month (Full dose - same as normal growing schedule),Medium,Low,Medium,"Iron, Zinc",Full sun to partial shade,19-34°C,45-65%,Medium,Stake or shelter tender stems; increase watering slightly as wind dries soil faster. Prune regularly to promote bushy growth; sensitive to frost and waterlogging.
Curry Leaves,Windy,Andhra Pradesh,Daily/alternate days,0.6-1,NPK 10-10-10/organic compost,10g/plant/month (Full dose - same as normal growing schedule),Medium,Low,Medium,"Iron, Zinc",Full sun to partial shade,21-36°C,45-65%,Medium,Stake or shelter tender stems; increase watering slightly as wind dries soil faster. Prune regularly to promote bushy growth; sensitive to frost and waterlogging.
Curry Leaves,Windy,Kerala,Daily/alternate days,0.6-1,NPK 10-10-10/organic compost,10g/plant/month (Full dose - same as normal growing schedule),Medium,Low,Medium,"Iron, Zinc",Full sun to partial shade,19-34°C,55-75%,Medium,Stake or shelter tender stems; increase watering slightly as wind dries soil faster. Prune regularly to promote bushy growth; sensitive to frost and waterlogging.
Curry Leaves,Windy,Maharashtra,Daily/alternate days,0.6-1,NPK 10-10-10/organic compost,10g/plant/month (Full dose - same as normal growing schedule),Medium,Low,Medium,"Iron, Zinc",Full sun to partial shade,21-36°C,40-60%,Medium,Stake or shelter tender stems; increase watering slightly as wind dries soil faster. Prune regularly to promote bushy growth; sensitive to frost and waterlogging.
Mint,Summer,Uttar Pradesh,Daily/alternate days,0.5-1,Organic compost/NPK 10-10-10,10g/plant/month (Full dose - active growth period),Medium,Low,Medium,Iron,Partial shade to full sun,20-32°C,45-65%,Low,Harvest regularly to encourage bushy growth; provide light afternoon shade in extreme heat. Grow in containers to prevent spreading; keep soil moist; harvest regularly.
Mint,Summer,Punjab,Daily/alternate days,0.5-1,Organic compost/NPK 10-10-10,10g/plant/month (Full dose - active growth period),Medium,Low,Medium,Iron,Partial shade to full sun,20-32°C,45-65%,Low,Harvest regularly to encourage bushy growth; provide light afternoon shade in extreme heat. Grow in containers to prevent spreading; keep soil moist; harvest regularly.
Mint,Summer,Bihar,Daily/alternate days,0.5-1,Organic compost/NPK 10-10-10,10g/plant/month (Full dose - active growth period),Medium,Low,Medium,Iron,Partial shade to full sun,19-31°C,55-75%,Low,Harvest regularly to encourage bushy growth; provide light afternoon shade in extreme heat. Grow in containers to prevent spreading; keep soil moist; harvest regularly.
Mint,Summer,Madhya Pradesh,Daily/alternate days,0.5-1,Organic compost/NPK 10-10-10,10g/plant/month (Full dose - active growth period),Medium,Low,Medium,Iron,Partial shade to full sun,20-32°C,45-65%,Low,Harvest regularly to encourage bushy growth; provide light afternoon shade in extreme heat. Grow in containers to prevent spreading; keep soil moist; harvest regularly.
Mint,Summer,Haryana,Daily/alternate days,0.5-1,Organic compost/NPK 10-10-10,10g/plant/month (Full dose - active growth period),Medium,Low,Medium,Iron,Partial shade to full sun,20-32°C,42-62%,Low,Harvest regularly to encourage bushy growth; provide light afternoon shade in extreme heat. Grow in containers to prevent spreading; keep soil moist; harvest regularly.
Mint,Autumn,Uttar Pradesh,2-3 times/week,0.4-0.7,Organic compost/NPK 10-10-10,10g/plant/month (Full dose - transitional growing season),Medium,Low,Medium,Iron,Partial shade to full sun,20-32°C,45-65%,Low,Continue regular harvesting; growth remains active in mild temperatures. Grow in containers to prevent spreading; keep soil moist; harvest regularly.
Mint,Autumn,Punjab,2-3 times/week,0.4-0.7,Organic compost/NPK 10-10-10,10g/plant/month (Full dose - transitional growing season),Medium,Low,Medium,Iron,Partial shade to full sun,20-32°C,45-65%,Low,Continue regular harvesting; growth remains active in mild temperatures. Grow in containers to prevent spreading; keep soil moist; harvest regularly.
Mint,Autumn,Bihar,2-3 times/week,0.4-0.7,Organic compost/NPK 10-10-10,10g/plant/month (Full dose - transitional growing season),Medium,Low,Medium,Iron,Partial shade to full sun,19-31°C,55-75%,Low,Continue regular harvesting; growth remains active in mild temperatures. Grow in containers to prevent spreading; keep soil moist; harvest regularly.
Mint,Autumn,Madhya Pradesh,2-3 times/week,0.4-0.7,Organic compost/NPK 10-10-10,10g/plant/month (Full dose - transitional growing season),Medium,Low,Medium,Iron,Partial shade to full sun,20-32°C,45-65%,Low,Continue regular harvesting; growth remains active in mild temperatures. Grow in containers to prevent spreading; keep soil moist; harvest regularly.
Mint,Autumn,Haryana,2-3 times/week,0.4-0.7,Organic compost/NPK 10-10-10,10g/plant/month (Full dose - transitional growing season),Medium,Low,Medium,Iron,Partial shade to full sun,20-32°C,42-62%,Low,Continue regular harvesting; growth remains active in mild temperatures. Grow in containers to prevent spreading; keep soil moist; harvest regularly.
Mint,Monsoon,Uttar Pradesh,As needed - only if no rain,0.2-0.4,Organic compost/NPK 10-10-10,5g/plant/month (Half dose or skip - avoid fertilizing before/during heavy rain (nutrient leaching)),Medium,Low,Medium,Iron,Partial shade to full sun,20-32°C,45-65%,Low,Ensure good drainage to prevent root rot and fungal leaf spots; avoid waterlogged pots. Grow in containers to prevent spreading; keep soil moist; harvest regularly.
Mint,Monsoon,Punjab,As needed - only if no rain,0.2-0.4,Organic compost/NPK 10-10-10,5g/plant/month (Half dose or skip - avoid fertilizing before/during heavy rain (nutrient leaching)),Medium,Low,Medium,Iron,Partial shade to full sun,20-32°C,45-65%,Low,Ensure good drainage to prevent root rot and fungal leaf spots; avoid waterlogged pots. Grow in containers to prevent spreading; keep soil moist; harvest regularly.
Mint,Monsoon,Bihar,As needed - only if no rain,0.2-0.4,Organic compost/NPK 10-10-10,5g/plant/month (Half dose or skip - avoid fertilizing before/during heavy rain (nutrient leaching)),Medium,Low,Medium,Iron,Partial shade to full sun,19-31°C,55-75%,Low,Ensure good drainage to prevent root rot and fungal leaf spots; avoid waterlogged pots. Grow in containers to prevent spreading; keep soil moist; harvest regularly.
Mint,Monsoon,Madhya Pradesh,As needed - only if no rain,0.2-0.4,Organic compost/NPK 10-10-10,5g/plant/month (Half dose or skip - avoid fertilizing before/during heavy rain (nutrient leaching)),Medium,Low,Medium,Iron,Partial shade to full sun,20-32°C,45-65%,Low,Ensure good drainage to prevent root rot and fungal leaf spots; avoid waterlogged pots. Grow in containers to prevent spreading; keep soil moist; harvest regularly.
Mint,Monsoon,Haryana,As needed - only if no rain,0.2-0.4,Organic compost/NPK 10-10-10,5g/plant/month (Half dose or skip - avoid fertilizing before/during heavy rain (nutrient leaching)),Medium,Low,Medium,Iron,Partial shade to full sun,20-32°C,42-62%,Low,Ensure good drainage to prevent root rot and fungal leaf spots; avoid waterlogged pots. Grow in containers to prevent spreading; keep soil moist; harvest regularly.
Mint,Winter,Uttar Pradesh,2 times/week,0.3-0.5,Organic compost/NPK 10-10-10,5g/plant/month (Half dose - reduced growth/dormancy),Medium,Low,Medium,Iron,Partial shade to full sun,20-32°C,45-65%,Low,Protect from frost/cold drafts; move containers indoors or to a sheltered spot if needed. Grow in containers to prevent spreading; keep soil moist; harvest regularly.
Mint,Winter,Punjab,2 times/week,0.3-0.5,Organic compost/NPK 10-10-10,5g/plant/month (Half dose - reduced growth/dormancy),Medium,Low,Medium,Iron,Partial shade to full sun,20-32°C,45-65%,Low,Protect from frost/cold drafts; move containers indoors or to a sheltered spot if needed. Grow in containers to prevent spreading; keep soil moist; harvest regularly.
Mint,Winter,Bihar,2 times/week,0.3-0.5,Organic compost/NPK 10-10-10,5g/plant/month (Half dose - reduced growth/dormancy),Medium,Low,Medium,Iron,Partial shade to full sun,19-31°C,55-75%,Low,Protect from frost/cold drafts; move containers indoors or to a sheltered spot if needed. Grow in containers to prevent spreading; keep soil moist; harvest regularly.
Mint,Winter,Madhya Pradesh,2 times/week,0.3-0.5,Organic compost/NPK 10-10-10,5g/plant/month (Half dose - reduced growth/dormancy),Medium,Low,Medium,Iron,Partial shade to full sun,20-32°C,45-65%,Low,Protect from frost/cold drafts; move containers indoors or to a sheltered spot if needed. Grow in containers to prevent spreading; keep soil moist; harvest regularly.
Mint,Winter,Haryana,2 times/week,0.3-0.5,Organic compost/NPK 10-10-10,5g/plant/month (Half dose - reduced growth/dormancy),Medium,Low,Medium,Iron,Partial shade to full sun,20-32°C,42-62%,Low,Protect from frost/cold drafts; move containers indoors or to a sheltered spot if needed. Grow in containers to prevent spreading; keep soil moist; harvest regularly.
Mint,Windy,Uttar Pradesh,Daily/alternate days,0.6-1,Organic compost/NPK 10-10-10,10g/plant/month (Full dose - same as normal growing schedule),Medium,Low,Medium,Iron,Partial shade to full sun,20-32°C,45-65%,Low,Stake or shelter tender stems; increase watering slightly as wind dries soil faster. Grow in containers to prevent spreading; keep soil moist; harvest regularly.
Mint,Windy,Punjab,Daily/alternate days,0.6-1,Organic compost/NPK 10-10-10,10g/plant/month (Full dose - same as normal growing schedule),Medium,Low,Medium,Iron,Partial shade to full sun,20-32°C,45-65%,Low,Stake or shelter tender stems; increase watering slightly as wind dries soil faster. Grow in containers to prevent spreading; keep soil moist; harvest regularly.
Mint,Windy,Bihar,Daily/alternate days,0.6-1,Organic compost/NPK 10-10-10,10g/plant/month (Full dose - same as normal growing schedule),Medium,Low,Medium,Iron,Partial shade to full sun,19-31°C,55-75%,Low,Stake or shelter tender stems; increase watering slightly as wind dries soil faster. Grow in containers to prevent spreading; keep soil moist; harvest regularly.
Mint,Windy,Madhya Pradesh,Daily/alternate days,0.6-1,Organic compost/NPK 10-10-10,10g/plant/month (Full dose - same as normal growing schedule),Medium,Low,Medium,Iron,Partial shade to full sun,20-32°C,45-65%,Low,Stake or shelter tender stems; increase watering slightly as wind dries soil faster. Grow in containers to prevent spreading; keep soil moist; harvest regularly.
Mint,Windy,Haryana,Daily/alternate days,0.6-1,Organic compost/NPK 10-10-10,10g/plant/month (Full dose - same as normal growing schedule),Medium,Low,Medium,Iron,Partial shade to full sun,20-32°C,42-62%,Low,Stake or shelter tender stems; increase watering slightly as wind dries soil faster. Grow in containers to prevent spreading; keep soil moist; harvest regularly.
Thyme,Summer,Himachal Pradesh,Daily/alternate days,0.5-1,Balanced organic fertilizer (light feeder),5g/plant/2 months (Full dose - active growth period),Low,Low,Low,Iron,Full sun,9-24°C,30-50%,Medium,Harvest regularly to encourage bushy growth; provide light afternoon shade in extreme heat. Drought tolerant once established; well-draining soil; avoid overwatering.
Thyme,Summer,Uttarakhand,Daily/alternate days,0.5-1,Balanced organic fertilizer (light feeder),5g/plant/2 months (Full dose - active growth period),Low,Low,Low,Iron,Full sun,10-25°C,30-50%,Medium,Harvest regularly to encourage bushy growth; provide light afternoon shade in extreme heat. Drought tolerant once established; well-draining soil; avoid overwatering.
Thyme,Summer,Jammu and Kashmir,Daily/alternate days,0.5-1,Balanced organic fertilizer (light feeder),5g/plant/2 months (Full dose - active growth period),Low,Low,Low,Iron,Full sun,7-22°C,25-45%,Medium,Harvest regularly to encourage bushy growth; provide light afternoon shade in extreme heat. Drought tolerant once established; well-draining soil; avoid overwatering.
Thyme,Summer,Karnataka,Daily/alternate days,0.5-1,Balanced organic fertilizer (light feeder),5g/plant/2 months (Full dose - active growth period),Low,Low,Low,Iron,Full sun,14-29°C,35-55%,Medium,Harvest regularly to encourage bushy growth; provide light afternoon shade in extreme heat. Drought tolerant once established; well-draining soil; avoid overwatering.
Thyme,Summer,Tamil Nadu,Daily/alternate days,0.5-1,Balanced organic fertilizer (light feeder),5g/plant/2 months (Full dose - active growth period),Low,Low,Low,Iron,Full sun,15-30°C,35-55%,Medium,Harvest regularly to encourage bushy growth; provide light afternoon shade in extreme heat. Drought tolerant once established; well-draining soil; avoid overwatering.
Thyme,Autumn,Himachal Pradesh,2-3 times/week,0.4-0.7,Balanced organic fertilizer (light feeder),5g/plant/2 months (Full dose - transitional growing season),Low,Low,Low,Iron,Full sun,9-24°C,30-50%,Medium,Continue regular harvesting; growth remains active in mild temperatures. Drought tolerant once established; well-draining soil; avoid overwatering.
Thyme,Autumn,Uttarakhand,2-3 times/week,0.4-0.7,Balanced organic fertilizer (light feeder),5g/plant/2 months (Full dose - transitional growing season),Low,Low,Low,Iron,Full sun,10-25°C,30-50%,Medium,Continue regular harvesting; growth remains active in mild temperatures. Drought tolerant once established; well-draining soil; avoid overwatering.
Thyme,Autumn,Jammu and Kashmir,2-3 times/week,0.4-0.7,Balanced organic fertilizer (light feeder),5g/plant/2 months (Full dose - transitional growing season),Low,Low,Low,Iron,Full sun,7-22°C,25-45%,Medium,Continue regular harvesting; growth remains active in mild temperatures. Drought tolerant once established; well-draining soil; avoid overwatering.
Thyme,Autumn,Karnataka,2-3 times/week,0.4-0.7,Balanced organic fertilizer (light feeder),5g/plant/2 months (Full dose - transitional growing season),Low,Low,Low,Iron,Full sun,14-29°C,35-55%,Medium,Continue regular harvesting; growth remains active in mild temperatures. Drought tolerant once established; well-draining soil; avoid overwatering.
Thyme,Autumn,Tamil Nadu,2-3 times/week,0.4-0.7,Balanced organic fertilizer (light feeder),5g/plant/2 months (Full dose - transitional growing season),Low,Low,Low,Iron,Full sun,15-30°C,35-55%,Medium,Continue regular harvesting; growth remains active in mild temperatures. Drought tolerant once established; well-draining soil; avoid overwatering.
Thyme,Monsoon,Himachal Pradesh,As needed - only if no rain,0.2-0.4,Balanced organic fertilizer (light feeder),2.5g/plant/2 months (Half dose or skip - avoid fertilizing before/during heavy rain (nutrient leaching)),Low,Low,Low,Iron,Full sun,9-24°C,30-50%,Medium,Ensure good drainage to prevent root rot and fungal leaf spots; avoid waterlogged pots. Drought tolerant once established; well-draining soil; avoid overwatering.
Thyme,Monsoon,Uttarakhand,As needed - only if no rain,0.2-0.4,Balanced organic fertilizer (light feeder),2.5g/plant/2 months (Half dose or skip - avoid fertilizing before/during heavy rain (nutrient leaching)),Low,Low,Low,Iron,Full sun,10-25°C,30-50%,Medium,Ensure good drainage to prevent root rot and fungal leaf spots; avoid waterlogged pots. Drought tolerant once established; well-draining soil; avoid overwatering.
Thyme,Monsoon,Jammu and Kashmir,As needed - only if no rain,0.2-0.4,Balanced organic fertilizer (light feeder),2.5g/plant/2 months (Half dose or skip - avoid fertilizing before/during heavy rain (nutrient leaching)),Low,Low,Low,Iron,Full sun,7-22°C,25-45%,Medium,Ensure good drainage to prevent root rot and fungal leaf spots; avoid waterlogged pots. Drought tolerant once established; well-draining soil; avoid overwatering.
Thyme,Monsoon,Karnataka,As needed - only if no rain,0.2-0.4,Balanced organic fertilizer (light feeder),2.5g/plant/2 months (Half dose or skip - avoid fertilizing before/during heavy rain (nutrient leaching)),Low,Low,Low,Iron,Full sun,14-29°C,35-55%,Medium,Ensure good drainage to prevent root rot and fungal leaf spots; avoid waterlogged pots. Drought tolerant once established; well-draining soil; avoid overwatering.
Thyme,Monsoon,Tamil Nadu,As needed - only if no rain,0.2-0.4,Balanced organic fertilizer (light feeder),2.5g/plant/2 months (Half dose or skip - avoid fertilizing before/during heavy rain (nutrient leaching)),Low,Low,Low,Iron,Full sun,15-30°C,35-55%,Medium,Ensure good drainage to prevent root rot and fungal leaf spots; avoid waterlogged pots. Drought tolerant once established; well-draining soil; avoid overwatering.
Thyme,Winter,Himachal Pradesh,2 times/week,0.3-0.5,Balanced organic fertilizer (light feeder),2.5g/plant/2 months (Half dose - reduced growth/dormancy),Low,Low,Low,Iron,Full sun,9-24°C,30-50%,Medium,Protect from frost/cold drafts; move containers indoors or to a sheltered spot if needed. Drought tolerant once established; well-draining soil; avoid overwatering.
Thyme,Winter,Uttarakhand,2 times/week,0.3-0.5,Balanced organic fertilizer (light feeder),2.5g/plant/2 months (Half dose - reduced growth/dormancy),Low,Low,Low,Iron,Full sun,10-25°C,30-50%,Medium,Protect from frost/cold drafts; move containers indoors or to a sheltered spot if needed. Drought tolerant once established; well-draining soil; avoid overwatering.
Thyme,Winter,Jammu and Kashmir,2 times/week,0.3-0.5,Balanced organic fertilizer (light feeder),2.5g/plant/2 months (Half dose - reduced growth/dormancy),Low,Low,Low,Iron,Full sun,7-22°C,25-45%,Medium,Protect from frost/cold drafts; move containers indoors or to a sheltered spot if needed. Drought tolerant once established; well-draining soil; avoid overwatering.
Thyme,Winter,Karnataka,2 times/week,0.3-0.5,Balanced organic fertilizer (light feeder),2.5g/plant/2 months (Half dose - reduced growth/dormancy),Low,Low,Low,Iron,Full sun,14-29°C,35-55%,Medium,Protect from frost/cold drafts; move containers indoors or to a sheltered spot if needed. Drought tolerant once established; well-draining soil; avoid overwatering.
Thyme,Winter,Tamil Nadu,2 times/week,0.3-0.5,Balanced organic fertilizer (light feeder),2.5g/plant/2 months (Half dose - reduced growth/dormancy),Low,Low,Low,Iron,Full sun,15-30°C,35-55%,Medium,Protect from frost/cold drafts; move containers indoors or to a sheltered spot if needed. Drought tolerant once established; well-draining soil; avoid overwatering.
Thyme,Windy,Himachal Pradesh,Daily/alternate days,0.6-1,Balanced organic fertilizer (light feeder),5g/plant/2 months (Full dose - same as normal growing schedule),Low,Low,Low,Iron,Full sun,9-24°C,30-50%,Medium,Stake or shelter tender stems; increase watering slightly as wind dries soil faster. Drought tolerant once established; well-draining soil; avoid overwatering.
Thyme,Windy,Uttarakhand,Daily/alternate days,0.6-1,Balanced organic fertilizer (light feeder),5g/plant/2 months (Full dose - same as normal growing schedule),Low,Low,Low,Iron,Full sun,10-25°C,30-50%,Medium,Stake or shelter tender stems; increase watering slightly as wind dries soil faster. Drought tolerant once established; well-draining soil; avoid overwatering.
Thyme,Windy,Jammu and Kashmir,Daily/alternate days,0.6-1,Balanced organic fertilizer (light feeder),5g/plant/2 months (Full dose - same as normal growing schedule),Low,Low,Low,Iron,Full sun,7-22°C,25-45%,Medium,Stake or shelter tender stems; increase watering slightly as wind dries soil faster. Drought tolerant once established; well-draining soil; avoid overwatering.
Thyme,Windy,Karnataka,Daily/alternate days,0.6-1,Balanced organic fertilizer (light feeder),5g/plant/2 months (Full dose - same as normal growing schedule),Low,Low,Low,Iron,Full sun,14-29°C,35-55%,Medium,Stake or shelter tender stems; increase watering slightly as wind dries soil faster. Drought tolerant once established; well-draining soil; avoid overwatering.
Thyme,Windy,Tamil Nadu,Daily/alternate days,0.6-1,Balanced organic fertilizer (light feeder),5g/plant/2 months (Full dose - same as normal growing schedule),Low,Low,Low,Iron,Full sun,15-30°C,35-55%,Medium,Stake or shelter tender stems; increase watering slightly as wind dries soil faster. Drought tolerant once established; well-draining soil; avoid overwatering.
Ferocactus,Summer,Delhi,1-2 times/week,0.3-0.5,Cactus fertilizer (low N),5g/plant/2 months (Full dose - active growth period),Low,Medium,Medium,Calcium,Full sun,18-38°C,10-30%,High,Provide full sun; water deeply then let soil dry completely before next watering. Extremely drought tolerant; well-draining gritty soil; handle spines with care.
Ferocactus,Summer,Maharashtra,1-2 times/week,0.3-0.5,Cactus fertilizer (low N),5g/plant/2 months (Full dose - active growth period),Low,Medium,Medium,Calcium,Full sun,16-36°C,20-40%,High,Provide full sun; water deeply then let soil dry completely before next watering. Extremely drought tolerant; well-draining gritty soil; handle spines with care.
Ferocactus,Summer,Karnataka,1-2 times/week,0.3-0.5,Cactus fertilizer (low N),5g/plant/2 months (Full dose - active growth period),Low,Medium,Medium,Calcium,Full sun,14-34°C,25-45%,High,Provide full sun; water deeply then let soil dry completely before next watering. Extremely drought tolerant; well-draining gritty soil; handle spines with care.
Ferocactus,Summer,West Bengal,1-2 times/week,0.3-0.5,Cactus fertilizer (low N),5g/plant/2 months (Full dose - active growth period),Low,Medium,Medium,Calcium,Full sun,15-35°C,30-50%,High,Provide full sun; water deeply then let soil dry completely before next watering. Extremely drought tolerant; well-draining gritty soil; handle spines with care.
Ferocactus,Summer,Tamil Nadu,1-2 times/week,0.3-0.5,Cactus fertilizer (low N),5g/plant/2 months (Full dose - active growth period),Low,Medium,Medium,Calcium,Full sun,15-35°C,25-45%,High,Provide full sun; water deeply then let soil dry completely before next watering. Extremely drought tolerant; well-draining gritty soil; handle spines with care.
Ferocactus,Autumn,Delhi,1-2 times/month,0.2-0.3,Cactus fertilizer (low N),5g/plant/2 months (Full dose - transitional growing season),Low,Medium,Medium,Calcium,Full sun,18-38°C,10-30%,High,Growth slows; begin tapering off watering frequency as temperatures drop. Extremely drought tolerant; well-draining gritty soil; handle spines with care.
Ferocactus,Autumn,Maharashtra,1-2 times/month,0.2-0.3,Cactus fertilizer (low N),5g/plant/2 months (Full dose - transitional growing season),Low,Medium,Medium,Calcium,Full sun,16-36°C,20-40%,High,Growth slows; begin tapering off watering frequency as temperatures drop. Extremely drought tolerant; well-draining gritty soil; handle spines with care.
Ferocactus,Autumn,Karnataka,1-2 times/month,0.2-0.3,Cactus fertilizer (low N),5g/plant/2 months (Full dose - transitional growing season),Low,Medium,Medium,Calcium,Full sun,14-34°C,25-45%,High,Growth slows; begin tapering off watering frequency as temperatures drop. Extremely drought tolerant; well-draining gritty soil; handle spines with care.
Ferocactus,Autumn,West Bengal,1-2 times/month,0.2-0.3,Cactus fertilizer (low N),5g/plant/2 months (Full dose - transitional growing season),Low,Medium,Medium,Calcium,Full sun,15-35°C,30-50%,High,Growth slows; begin tapering off watering frequency as temperatures drop. Extremely drought tolerant; well-draining gritty soil; handle spines with care.
Ferocactus,Autumn,Tamil Nadu,1-2 times/month,0.2-0.3,Cactus fertilizer (low N),5g/plant/2 months (Full dose - transitional growing season),Low,Medium,Medium,Calcium,Full sun,15-35°C,25-45%,High,Growth slows; begin tapering off watering frequency as temperatures drop. Extremely drought tolerant; well-draining gritty soil; handle spines with care.
Ferocactus,Monsoon,Delhi,Rarely - only if no rain for 2+ weeks,0.1-0.2,Cactus fertilizer (low N),2.5g/plant/2 months (Half dose or skip - avoid fertilizing before/during heavy rain (nutrient leaching)),Low,Medium,Medium,Calcium,Full sun,18-38°C,10-30%,High,Move under cover or ensure sharp drainage to prevent root rot from excess rain. Extremely drought tolerant; well-draining gritty soil; handle spines with care.
Ferocactus,Monsoon,Maharashtra,Rarely - only if no rain for 2+ weeks,0.1-0.2,Cactus fertilizer (low N),2.5g/plant/2 months (Half dose or skip - avoid fertilizing before/during heavy rain (nutrient leaching)),Low,Medium,Medium,Calcium,Full sun,16-36°C,20-40%,High,Move under cover or ensure sharp drainage to prevent root rot from excess rain. Extremely drought tolerant; well-draining gritty soil; handle spines with care.
Ferocactus,Monsoon,Karnataka,Rarely - only if no rain for 2+ weeks,0.1-0.2,Cactus fertilizer (low N),2.5g/plant/2 months (Half dose or skip - avoid fertilizing before/during heavy rain (nutrient leaching)),Low,Medium,Medium,Calcium,Full sun,14-34°C,25-45%,High,Move under cover or ensure sharp drainage to prevent root rot from excess rain. Extremely drought tolerant; well-draining gritty soil; handle spines with care.
Ferocactus,Monsoon,West Bengal,Rarely - only if no rain for 2+ weeks,0.1-0.2,Cactus fertilizer (low N),2.5g/plant/2 months (Half dose or skip - avoid fertilizing before/during heavy rain (nutrient leaching)),Low,Medium,Medium,Calcium,Full sun,15-35°C,30-50%,High,Move under cover or ensure sharp drainage to prevent root rot from excess rain. Extremely drought tolerant; well-draining gritty soil; handle spines with care.
Ferocactus,Monsoon,Tamil Nadu,Rarely - only if no rain for 2+ weeks,0.1-0.2,Cactus fertilizer (low N),2.5g/plant/2 months (Half dose or skip - avoid fertilizing before/during heavy rain (nutrient leaching)),Low,Medium,Medium,Calcium,Full sun,15-35°C,25-45%,High,Move under cover or ensure sharp drainage to prevent root rot from excess rain. Extremely drought tolerant; well-draining gritty soil; handle spines with care.
Ferocactus,Winter,Delhi,Once a month or less,0.1-0.2,Cactus fertilizer (low N),2.5g/plant/2 months (Half dose - reduced growth/dormancy),Low,Medium,Medium,Calcium,Full sun,18-38°C,10-30%,High,"Keep nearly dry and in a warm, bright spot; avoid cold, wet soil which causes rot. Extremely drought tolerant; well-draining gritty soil; handle spines with care."
Ferocactus,Winter,Maharashtra,Once a month or less,0.1-0.2,Cactus fertilizer (low N),2.5g/plant/2 months (Half dose - reduced growth/dormancy),Low,Medium,Medium,Calcium,Full sun,16-36°C,20-40%,High,"Keep nearly dry and in a warm, bright spot; avoid cold, wet soil which causes rot. Extremely drought tolerant; well-draining gritty soil; handle spines with care."
Ferocactus,Winter,Karnataka,Once a month or less,0.1-0.2,Cactus fertilizer (low N),2.5g/plant/2 months (Half dose - reduced growth/dormancy),Low,Medium,Medium,Calcium,Full sun,14-34°C,25-45%,High,"Keep nearly dry and in a warm, bright spot; avoid cold, wet soil which causes rot. Extremely drought tolerant; well-draining gritty soil; handle spines with care."
Ferocactus,Winter,West Bengal,Once a month or less,0.1-0.2,Cactus fertilizer (low N),2.5g/plant/2 months (Half dose - reduced growth/dormancy),Low,Medium,Medium,Calcium,Full sun,15-35°C,30-50%,High,"Keep nearly dry and in a warm, bright spot; avoid cold, wet soil which causes rot. Extremely drought tolerant; well-draining gritty soil; handle spines with care."
Ferocactus,Winter,Tamil Nadu,Once a month or less,0.1-0.2,Cactus fertilizer (low N),2.5g/plant/2 months (Half dose - reduced growth/dormancy),Low,Medium,Medium,Calcium,Full sun,15-35°C,25-45%,High,"Keep nearly dry and in a warm, bright spot; avoid cold, wet soil which causes rot. Extremely drought tolerant; well-draining gritty soil; handle spines with care."
Ferocactus,Windy,Delhi,1-2 times/week,0.3-0.5,Cactus fertilizer (low N),5g/plant/2 months (Full dose - same as normal growing schedule),Low,Medium,Medium,Calcium,Full sun,18-38°C,10-30%,High,Naturally wind hardy; no special protection needed; ensure pot/planting is stable. Extremely drought tolerant; well-draining gritty soil; handle spines with care.
Ferocactus,Windy,Maharashtra,1-2 times/week,0.3-0.5,Cactus fertilizer (low N),5g/plant/2 months (Full dose - same as normal growing schedule),Low,Medium,Medium,Calcium,Full sun,16-36°C,20-40%,High,Naturally wind hardy; no special protection needed; ensure pot/planting is stable. Extremely drought tolerant; well-draining gritty soil; handle spines with care.
Ferocactus,Windy,Karnataka,1-2 times/week,0.3-0.5,Cactus fertilizer (low N),5g/plant/2 months (Full dose - same as normal growing schedule),Low,Medium,Medium,Calcium,Full sun,14-34°C,25-45%,High,Naturally wind hardy; no special protection needed; ensure pot/planting is stable. Extremely drought tolerant; well-draining gritty soil; handle spines with care.
Ferocactus,Windy,West Bengal,1-2 times/week,0.3-0.5,Cactus fertilizer (low N),5g/plant/2 months (Full dose - same as normal growing schedule),Low,Medium,Medium,Calcium,Full sun,15-35°C,30-50%,High,Naturally wind hardy; no special protection needed; ensure pot/planting is stable. Extremely drought tolerant; well-draining gritty soil; handle spines with care.
Ferocactus,Windy,Tamil Nadu,1-2 times/week,0.3-0.5,Cactus fertilizer (low N),5g/plant/2 months (Full dose - same as normal growing schedule),Low,Medium,Medium,Calcium,Full sun,15-35°C,25-45%,High,Naturally wind hardy; no special protection needed; ensure pot/planting is stable. Extremely drought tolerant; well-draining gritty soil; handle spines with care.
Rosette Blossom,Summer,Karnataka,1-2 times/week,0.3-0.5,Succulent fertilizer (low N),5g/plant/2 months (Full dose - active growth period),Low,Medium,Medium,Calcium,Bright light/full sun,14-26°C,35-55%,Medium,Provide full sun; water deeply then let soil dry completely before next watering. Water at soil level avoiding leaf rosette; well-draining soil.
Rosette Blossom,Summer,Tamil Nadu,1-2 times/week,0.3-0.5,Succulent fertilizer (low N),5g/plant/2 months (Full dose - active growth period),Low,Medium,Medium,Calcium,Bright light/full sun,15-27°C,35-55%,Medium,Provide full sun; water deeply then let soil dry completely before next watering. Water at soil level avoiding leaf rosette; well-draining soil.
Rosette Blossom,Summer,West Bengal,1-2 times/week,0.3-0.5,Succulent fertilizer (low N),5g/plant/2 months (Full dose - active growth period),Low,Medium,Medium,Calcium,Bright light/full sun,15-27°C,40-60%,Medium,Provide full sun; water deeply then let soil dry completely before next watering. Water at soil level avoiding leaf rosette; well-draining soil.
Rosette Blossom,Summer,Maharashtra,1-2 times/week,0.3-0.5,Succulent fertilizer (low N),5g/plant/2 months (Full dose - active growth period),Low,Medium,Medium,Calcium,Bright light/full sun,16-28°C,30-50%,Medium,Provide full sun; water deeply then let soil dry completely before next watering. Water at soil level avoiding leaf rosette; well-draining soil.
Rosette Blossom,Summer,Himachal Pradesh,1-2 times/week,0.3-0.5,Succulent fertilizer (low N),5g/plant/2 months (Full dose - active growth period),Low,Medium,Medium,Calcium,Bright light/full sun,9-21°C,30-50%,Medium,Provide full sun; water deeply then let soil dry completely before next watering. Water at soil level avoiding leaf rosette; well-draining soil.
Rosette Blossom,Autumn,Karnataka,1-2 times/month,0.2-0.3,Succulent fertilizer (low N),5g/plant/2 months (Full dose - transitional growing season),Low,Medium,Medium,Calcium,Bright light/full sun,14-26°C,35-55%,Medium,Growth slows; begin tapering off watering frequency as temperatures drop. Water at soil level avoiding leaf rosette; well-draining soil.
Rosette Blossom,Autumn,Tamil Nadu,1-2 times/month,0.2-0.3,Succulent fertilizer (low N),5g/plant/2 months (Full dose - transitional growing season),Low,Medium,Medium,Calcium,Bright light/full sun,15-27°C,35-55%,Medium,Growth slows; begin tapering off watering frequency as temperatures drop. Water at soil level avoiding leaf rosette; well-draining soil.
Rosette Blossom,Autumn,West Bengal,1-2 times/month,0.2-0.3,Succulent fertilizer (low N),5g/plant/2 months (Full dose - transitional growing season),Low,Medium,Medium,Calcium,Bright light/full sun,15-27°C,40-60%,Medium,Growth slows; begin tapering off watering frequency as temperatures drop. Water at soil level avoiding leaf rosette; well-draining soil.
Rosette Blossom,Autumn,Maharashtra,1-2 times/month,0.2-0.3,Succulent fertilizer (low N),5g/plant/2 months (Full dose - transitional growing season),Low,Medium,Medium,Calcium,Bright light/full sun,16-28°C,30-50%,Medium,Growth slows; begin tapering off watering frequency as temperatures drop. Water at soil level avoiding leaf rosette; well-draining soil.
Rosette Blossom,Autumn,Himachal Pradesh,1-2 times/month,0.2-0.3,Succulent fertilizer (low N),5g/plant/2 months (Full dose - transitional growing season),Low,Medium,Medium,Calcium,Bright light/full sun,9-21°C,30-50%,Medium,Growth slows; begin tapering off watering frequency as temperatures drop. Water at soil level avoiding leaf rosette; well-draining soil.
Rosette Blossom,Monsoon,Karnataka,Rarely - only if no rain for 2+ weeks,0.1-0.2,Succulent fertilizer (low N),2.5g/plant/2 months (Half dose or skip - avoid fertilizing before/during heavy rain (nutrient leaching)),Low,Medium,Medium,Calcium,Bright light/full sun,14-26°C,35-55%,Medium,Move under cover or ensure sharp drainage to prevent root rot from excess rain. Water at soil level avoiding leaf rosette; well-draining soil.
Rosette Blossom,Monsoon,Tamil Nadu,Rarely - only if no rain for 2+ weeks,0.1-0.2,Succulent fertilizer (low N),2.5g/plant/2 months (Half dose or skip - avoid fertilizing before/during heavy rain (nutrient leaching)),Low,Medium,Medium,Calcium,Bright light/full sun,15-27°C,35-55%,Medium,Move under cover or ensure sharp drainage to prevent root rot from excess rain. Water at soil level avoiding leaf rosette; well-draining soil.
Rosette Blossom,Monsoon,West Bengal,Rarely - only if no rain for 2+ weeks,0.1-0.2,Succulent fertilizer (low N),2.5g/plant/2 months (Half dose or skip - avoid fertilizing before/during heavy rain (nutrient leaching)),Low,Medium,Medium,Calcium,Bright light/full sun,15-27°C,40-60%,Medium,Move under cover or ensure sharp drainage to prevent root rot from excess rain. Water at soil level avoiding leaf rosette; well-draining soil.
Rosette Blossom,Monsoon,Maharashtra,Rarely - only if no rain for 2+ weeks,0.1-0.2,Succulent fertilizer (low N),2.5g/plant/2 months (Half dose or skip - avoid fertilizing before/during heavy rain (nutrient leaching)),Low,Medium,Medium,Calcium,Bright light/full sun,16-28°C,30-50%,Medium,Move under cover or ensure sharp drainage to prevent root rot from excess rain. Water at soil level avoiding leaf rosette; well-draining soil.
Rosette Blossom,Monsoon,Himachal Pradesh,Rarely - only if no rain for 2+ weeks,0.1-0.2,Succulent fertilizer (low N),2.5g/plant/2 months (Half dose or skip - avoid fertilizing before/during heavy rain (nutrient leaching)),Low,Medium,Medium,Calcium,Bright light/full sun,9-21°C,30-50%,Medium,Move under cover or ensure sharp drainage to prevent root rot from excess rain. Water at soil level avoiding leaf rosette; well-draining soil.
Rosette Blossom,Winter,Karnataka,Once a month or less,0.1-0.2,Succulent fertilizer (low N),2.5g/plant/2 months (Half dose - reduced growth/dormancy),Low,Medium,Medium,Calcium,Bright light/full sun,14-26°C,35-55%,Medium,"Keep nearly dry and in a warm, bright spot; avoid cold, wet soil which causes rot. Water at soil level avoiding leaf rosette; well-draining soil."
Rosette Blossom,Winter,Tamil Nadu,Once a month or less,0.1-0.2,Succulent fertilizer (low N),2.5g/plant/2 months (Half dose - reduced growth/dormancy),Low,Medium,Medium,Calcium,Bright light/full sun,15-27°C,35-55%,Medium,"Keep nearly dry and in a warm, bright spot; avoid cold, wet soil which causes rot. Water at soil level avoiding leaf rosette; well-draining soil."
Rosette Blossom,Winter,West Bengal,Once a month or less,0.1-0.2,Succulent fertilizer (low N),2.5g/plant/2 months (Half dose - reduced growth/dormancy),Low,Medium,Medium,Calcium,Bright light/full sun,15-27°C,40-60%,Medium,"Keep nearly dry and in a warm, bright spot; avoid cold, wet soil which causes rot. Water at soil level avoiding leaf rosette; well-draining soil."
Rosette Blossom,Winter,Maharashtra,Once a month or less,0.1-0.2,Succulent fertilizer (low N),2.5g/plant/2 months (Half dose - reduced growth/dormancy),Low,Medium,Medium,Calcium,Bright light/full sun,16-28°C,30-50%,Medium,"Keep nearly dry and in a warm, bright spot; avoid cold, wet soil which causes rot. Water at soil level avoiding leaf rosette; well-draining soil."
Rosette Blossom,Winter,Himachal Pradesh,Once a month or less,0.1-0.2,Succulent fertilizer (low N),2.5g/plant/2 months (Half dose - reduced growth/dormancy),Low,Medium,Medium,Calcium,Bright light/full sun,9-21°C,30-50%,Medium,"Keep nearly dry and in a warm, bright spot; avoid cold, wet soil which causes rot. Water at soil level avoiding leaf rosette; well-draining soil."
Rosette Blossom,Windy,Karnataka,1-2 times/week,0.3-0.5,Succulent fertilizer (low N),5g/plant/2 months (Full dose - same as normal growing schedule),Low,Medium,Medium,Calcium,Bright light/full sun,14-26°C,35-55%,Medium,Naturally wind hardy; no special protection needed; ensure pot/planting is stable. Water at soil level avoiding leaf rosette; well-draining soil.
Rosette Blossom,Windy,Tamil Nadu,1-2 times/week,0.3-0.5,Succulent fertilizer (low N),5g/plant/2 months (Full dose - same as normal growing schedule),Low,Medium,Medium,Calcium,Bright light/full sun,15-27°C,35-55%,Medium,Naturally wind hardy; no special protection needed; ensure pot/planting is stable. Water at soil level avoiding leaf rosette; well-draining soil.
Rosette Blossom,Windy,West Bengal,1-2 times/week,0.3-0.5,Succulent fertilizer (low N),5g/plant/2 months (Full dose - same as normal growing schedule),Low,Medium,Medium,Calcium,Bright light/full sun,15-27°C,40-60%,Medium,Naturally wind hardy; no special protection needed; ensure pot/planting is stable. Water at soil level avoiding leaf rosette; well-draining soil.
Rosette Blossom,Windy,Maharashtra,1-2 times/week,0.3-0.5,Succulent fertilizer (low N),5g/plant/2 months (Full dose - same as normal growing schedule),Low,Medium,Medium,Calcium,Bright light/full sun,16-28°C,30-50%,Medium,Naturally wind hardy; no special protection needed; ensure pot/planting is stable. Water at soil level avoiding leaf rosette; well-draining soil.
Rosette Blossom,Windy,Himachal Pradesh,1-2 times/week,0.3-0.5,Succulent fertilizer (low N),5g/plant/2 months (Full dose - same as normal growing schedule),Low,Medium,Medium,Calcium,Bright light/full sun,9-21°C,30-50%,Medium,Naturally wind hardy; no special protection needed; ensure pot/planting is stable. Water at soil level avoiding leaf rosette; well-draining soil.
Velvet Petunia,Summer,Karnataka,2-3 times/week,01-Mar,NPK 15-30-15 (bloom booster),10g/plant/2 weeks (Full dose - active growth period),Medium,High,Medium,"Boron, Calcium",Full sun,17-26°C,45-65%,Medium,Deadhead spent blooms to encourage continuous flowering; water in early morning. Deadhead regularly; pinch back for bushiness; consistent watering for continuous bloom.
Velvet Petunia,Summer,Himachal Pradesh,2-3 times/week,01-Mar,NPK 15-30-15 (bloom booster),10g/plant/2 weeks (Full dose - active growth period),Medium,High,Medium,"Boron, Calcium",Full sun,12-21°C,40-60%,Medium,Deadhead spent blooms to encourage continuous flowering; water in early morning. Deadhead regularly; pinch back for bushiness; consistent watering for continuous bloom.
Velvet Petunia,Summer,Tamil Nadu,2-3 times/week,01-Mar,NPK 15-30-15 (bloom booster),10g/plant/2 weeks (Full dose - active growth period),Medium,High,Medium,"Boron, Calcium",Full sun,18-27°C,45-65%,Medium,Deadhead spent blooms to encourage continuous flowering; water in early morning. Deadhead regularly; pinch back for bushiness; consistent watering for continuous bloom.
Velvet Petunia,Summer,Delhi,2-3 times/week,01-Mar,NPK 15-30-15 (bloom booster),10g/plant/2 weeks (Full dose - active growth period),Medium,High,Medium,"Boron, Calcium",Full sun,21-30°C,30-50%,Medium,Deadhead spent blooms to encourage continuous flowering; water in early morning. Deadhead regularly; pinch back for bushiness; consistent watering for continuous bloom.
Velvet Petunia,Summer,Maharashtra,2-3 times/week,01-Mar,NPK 15-30-15 (bloom booster),10g/plant/2 weeks (Full dose - active growth period),Medium,High,Medium,"Boron, Calcium",Full sun,19-28°C,40-60%,Medium,Deadhead spent blooms to encourage continuous flowering; water in early morning. Deadhead regularly; pinch back for bushiness; consistent watering for continuous bloom.
Velvet Petunia,Autumn,Karnataka,2 times/week,01-Feb,NPK 15-30-15 (bloom booster),10g/plant/2 weeks (Full dose - transitional growing season),Medium,High,Medium,"Boron, Calcium",Full sun,17-26°C,45-65%,Medium,Good blooming/growing season for many varieties; maintain regular watering. Deadhead regularly; pinch back for bushiness; consistent watering for continuous bloom.
Velvet Petunia,Autumn,Himachal Pradesh,2 times/week,01-Feb,NPK 15-30-15 (bloom booster),10g/plant/2 weeks (Full dose - transitional growing season),Medium,High,Medium,"Boron, Calcium",Full sun,12-21°C,40-60%,Medium,Good blooming/growing season for many varieties; maintain regular watering. Deadhead regularly; pinch back for bushiness; consistent watering for continuous bloom.
Velvet Petunia,Autumn,Tamil Nadu,2 times/week,01-Feb,NPK 15-30-15 (bloom booster),10g/plant/2 weeks (Full dose - transitional growing season),Medium,High,Medium,"Boron, Calcium",Full sun,18-27°C,45-65%,Medium,Good blooming/growing season for many varieties; maintain regular watering. Deadhead regularly; pinch back for bushiness; consistent watering for continuous bloom.
Velvet Petunia,Autumn,Delhi,2 times/week,01-Feb,NPK 15-30-15 (bloom booster),10g/plant/2 weeks (Full dose - transitional growing season),Medium,High,Medium,"Boron, Calcium",Full sun,21-30°C,30-50%,Medium,Good blooming/growing season for many varieties; maintain regular watering. Deadhead regularly; pinch back for bushiness; consistent watering for continuous bloom.
Velvet Petunia,Autumn,Maharashtra,2 times/week,01-Feb,NPK 15-30-15 (bloom booster),10g/plant/2 weeks (Full dose - transitional growing season),Medium,High,Medium,"Boron, Calcium",Full sun,19-28°C,40-60%,Medium,Good blooming/growing season for many varieties; maintain regular watering. Deadhead regularly; pinch back for bushiness; consistent watering for continuous bloom.
Velvet Petunia,Monsoon,Karnataka,"Reduce - rely on rainfall, ensure drainage",0.5-1,NPK 15-30-15 (bloom booster),5g/plant/2 weeks (Half dose or skip - avoid fertilizing before/during heavy rain (nutrient leaching)),Medium,High,Medium,"Boron, Calcium",Full sun,17-26°C,45-65%,Medium,Ensure excess water drains away; watch for fungal disease on flowers/foliage. Deadhead regularly; pinch back for bushiness; consistent watering for continuous bloom.
Velvet Petunia,Monsoon,Himachal Pradesh,"Reduce - rely on rainfall, ensure drainage",0.5-1,NPK 15-30-15 (bloom booster),5g/plant/2 weeks (Half dose or skip - avoid fertilizing before/during heavy rain (nutrient leaching)),Medium,High,Medium,"Boron, Calcium",Full sun,12-21°C,40-60%,Medium,Ensure excess water drains away; watch for fungal disease on flowers/foliage. Deadhead regularly; pinch back for bushiness; consistent watering for continuous bloom.
Velvet Petunia,Monsoon,Tamil Nadu,"Reduce - rely on rainfall, ensure drainage",0.5-1,NPK 15-30-15 (bloom booster),5g/plant/2 weeks (Half dose or skip - avoid fertilizing before/during heavy rain (nutrient leaching)),Medium,High,Medium,"Boron, Calcium",Full sun,18-27°C,45-65%,Medium,Ensure excess water drains away; watch for fungal disease on flowers/foliage. Deadhead regularly; pinch back for bushiness; consistent watering for continuous bloom.
Velvet Petunia,Monsoon,Delhi,"Reduce - rely on rainfall, ensure drainage",0.5-1,NPK 15-30-15 (bloom booster),5g/plant/2 weeks (Half dose or skip - avoid fertilizing before/during heavy rain (nutrient leaching)),Medium,High,Medium,"Boron, Calcium",Full sun,21-30°C,30-50%,Medium,Ensure excess water drains away; watch for fungal disease on flowers/foliage. Deadhead regularly; pinch back for bushiness; consistent watering for continuous bloom.
Velvet Petunia,Monsoon,Maharashtra,"Reduce - rely on rainfall, ensure drainage",0.5-1,NPK 15-30-15 (bloom booster),5g/plant/2 weeks (Half dose or skip - avoid fertilizing before/during heavy rain (nutrient leaching)),Medium,High,Medium,"Boron, Calcium",Full sun,19-28°C,40-60%,Medium,Ensure excess water drains away; watch for fungal disease on flowers/foliage. Deadhead regularly; pinch back for bushiness; consistent watering for continuous bloom.
Velvet Petunia,Winter,Karnataka,1-2 times/week,0.5-1.5,NPK 15-30-15 (bloom booster),5g/plant/2 weeks (Half dose - reduced growth/dormancy),Medium,High,Medium,"Boron, Calcium",Full sun,17-26°C,45-65%,Medium,Reduce watering for dormant types; cold-hardy bloomers continue flowering with regular care. Deadhead regularly; pinch back for bushiness; consistent watering for continuous bloom.
Velvet Petunia,Winter,Himachal Pradesh,1-2 times/week,0.5-1.5,NPK 15-30-15 (bloom booster),5g/plant/2 weeks (Half dose - reduced growth/dormancy),Medium,High,Medium,"Boron, Calcium",Full sun,12-21°C,40-60%,Medium,Reduce watering for dormant types; cold-hardy bloomers continue flowering with regular care. Deadhead regularly; pinch back for bushiness; consistent watering for continuous bloom.
Velvet Petunia,Winter,Tamil Nadu,1-2 times/week,0.5-1.5,NPK 15-30-15 (bloom booster),5g/plant/2 weeks (Half dose - reduced growth/dormancy),Medium,High,Medium,"Boron, Calcium",Full sun,18-27°C,45-65%,Medium,Reduce watering for dormant types; cold-hardy bloomers continue flowering with regular care. Deadhead regularly; pinch back for bushiness; consistent watering for continuous bloom.
Velvet Petunia,Winter,Delhi,1-2 times/week,0.5-1.5,NPK 15-30-15 (bloom booster),5g/plant/2 weeks (Half dose - reduced growth/dormancy),Medium,High,Medium,"Boron, Calcium",Full sun,21-30°C,30-50%,Medium,Reduce watering for dormant types; cold-hardy bloomers continue flowering with regular care. Deadhead regularly; pinch back for bushiness; consistent watering for continuous bloom.
Velvet Petunia,Winter,Maharashtra,1-2 times/week,0.5-1.5,NPK 15-30-15 (bloom booster),5g/plant/2 weeks (Half dose - reduced growth/dormancy),Medium,High,Medium,"Boron, Calcium",Full sun,19-28°C,40-60%,Medium,Reduce watering for dormant types; cold-hardy bloomers continue flowering with regular care. Deadhead regularly; pinch back for bushiness; consistent watering for continuous bloom.
Velvet Petunia,Windy,Karnataka,3 times/week,1.5-3,NPK 15-30-15 (bloom booster),10g/plant/2 weeks (Full dose - same as normal growing schedule),Medium,High,Medium,"Boron, Calcium",Full sun,17-26°C,45-65%,Medium,Stake tall stems and place in a sheltered spot to prevent stem breakage and bloom damage. Deadhead regularly; pinch back for bushiness; consistent watering for continuous bloom.
Velvet Petunia,Windy,Himachal Pradesh,3 times/week,1.5-3,NPK 15-30-15 (bloom booster),10g/plant/2 weeks (Full dose - same as normal growing schedule),Medium,High,Medium,"Boron, Calcium",Full sun,12-21°C,40-60%,Medium,Stake tall stems and place in a sheltered spot to prevent stem breakage and bloom damage. Deadhead regularly; pinch back for bushiness; consistent watering for continuous bloom.
Velvet Petunia,Windy,Tamil Nadu,3 times/week,1.5-3,NPK 15-30-15 (bloom booster),10g/plant/2 weeks (Full dose - same as normal growing schedule),Medium,High,Medium,"Boron, Calcium",Full sun,18-27°C,45-65%,Medium,Stake tall stems and place in a sheltered spot to prevent stem breakage and bloom damage. Deadhead regularly; pinch back for bushiness; consistent watering for continuous bloom.
Velvet Petunia,Windy,Delhi,3 times/week,1.5-3,NPK 15-30-15 (bloom booster),10g/plant/2 weeks (Full dose - same as normal growing schedule),Medium,High,Medium,"Boron, Calcium",Full sun,21-30°C,30-50%,Medium,Stake tall stems and place in a sheltered spot to prevent stem breakage and bloom damage. Deadhead regularly; pinch back for bushiness; consistent watering for continuous bloom.
Velvet Petunia,Windy,Maharashtra,3 times/week,1.5-3,NPK 15-30-15 (bloom booster),10g/plant/2 weeks (Full dose - same as normal growing schedule),Medium,High,Medium,"Boron, Calcium",Full sun,19-28°C,40-60%,Medium,Stake tall stems and place in a sheltered spot to prevent stem breakage and bloom damage. Deadhead regularly; pinch back for bushiness; consistent watering for continuous bloom.
Haworthia,Summer,Delhi,1-2 times/week,0.3-0.5,Succulent fertilizer (low N),5g/plant/2 months (Full dose - active growth period),Low,Medium,Medium,Calcium,Bright indirect light,18-30°C,20-40%,Low,Provide full sun; water deeply then let soil dry completely before next watering. Avoid direct harsh sun; let soil dry fully between waterings; well-draining mix.
Haworthia,Summer,Maharashtra,1-2 times/week,0.3-0.5,Succulent fertilizer (low N),5g/plant/2 months (Full dose - active growth period),Low,Medium,Medium,Calcium,Bright indirect light,16-28°C,30-50%,Low,Provide full sun; water deeply then let soil dry completely before next watering. Avoid direct harsh sun; let soil dry fully between waterings; well-draining mix.
Haworthia,Summer,Karnataka,1-2 times/week,0.3-0.5,Succulent fertilizer (low N),5g/plant/2 months (Full dose - active growth period),Low,Medium,Medium,Calcium,Bright indirect light,14-26°C,35-55%,Low,Provide full sun; water deeply then let soil dry completely before next watering. Avoid direct harsh sun; let soil dry fully between waterings; well-draining mix.
Haworthia,Summer,West Bengal,1-2 times/week,0.3-0.5,Succulent fertilizer (low N),5g/plant/2 months (Full dose - active growth period),Low,Medium,Medium,Calcium,Bright indirect light,15-27°C,40-60%,Low,Provide full sun; water deeply then let soil dry completely before next watering. Avoid direct harsh sun; let soil dry fully between waterings; well-draining mix.
Haworthia,Summer,Tamil Nadu,1-2 times/week,0.3-0.5,Succulent fertilizer (low N),5g/plant/2 months (Full dose - active growth period),Low,Medium,Medium,Calcium,Bright indirect light,15-27°C,35-55%,Low,Provide full sun; water deeply then let soil dry completely before next watering. Avoid direct harsh sun; let soil dry fully between waterings; well-draining mix.
Haworthia,Autumn,Delhi,1-2 times/month,0.2-0.3,Succulent fertilizer (low N),5g/plant/2 months (Full dose - transitional growing season),Low,Medium,Medium,Calcium,Bright indirect light,18-30°C,20-40%,Low,Growth slows; begin tapering off watering frequency as temperatures drop. Avoid direct harsh sun; let soil dry fully between waterings; well-draining mix.
Haworthia,Autumn,Maharashtra,1-2 times/month,0.2-0.3,Succulent fertilizer (low N),5g/plant/2 months (Full dose - transitional growing season),Low,Medium,Medium,Calcium,Bright indirect light,16-28°C,30-50%,Low,Growth slows; begin tapering off watering frequency as temperatures drop. Avoid direct harsh sun; let soil dry fully between waterings; well-draining mix.
Haworthia,Autumn,Karnataka,1-2 times/month,0.2-0.3,Succulent fertilizer (low N),5g/plant/2 months (Full dose - transitional growing season),Low,Medium,Medium,Calcium,Bright indirect light,14-26°C,35-55%,Low,Growth slows; begin tapering off watering frequency as temperatures drop. Avoid direct harsh sun; let soil dry fully between waterings; well-draining mix.
Haworthia,Autumn,West Bengal,1-2 times/month,0.2-0.3,Succulent fertilizer (low N),5g/plant/2 months (Full dose - transitional growing season),Low,Medium,Medium,Calcium,Bright indirect light,15-27°C,40-60%,Low,Growth slows; begin tapering off watering frequency as temperatures drop. Avoid direct harsh sun; let soil dry fully between waterings; well-draining mix.
Haworthia,Autumn,Tamil Nadu,1-2 times/month,0.2-0.3,Succulent fertilizer (low N),5g/plant/2 months (Full dose - transitional growing season),Low,Medium,Medium,Calcium,Bright indirect light,15-27°C,35-55%,Low,Growth slows; begin tapering off watering frequency as temperatures drop. Avoid direct harsh sun; let soil dry fully between waterings; well-draining mix.
Haworthia,Monsoon,Delhi,Rarely - only if no rain for 2+ weeks,0.1-0.2,Succulent fertilizer (low N),2.5g/plant/2 months (Half dose or skip - avoid fertilizing before/during heavy rain (nutrient leaching)),Low,Medium,Medium,Calcium,Bright indirect light,18-30°C,20-40%,Low,Move under cover or ensure sharp drainage to prevent root rot from excess rain. Avoid direct harsh sun; let soil dry fully between waterings; well-draining mix.
Haworthia,Monsoon,Maharashtra,Rarely - only if no rain for 2+ weeks,0.1-0.2,Succulent fertilizer (low N),2.5g/plant/2 months (Half dose or skip - avoid fertilizing before/during heavy rain (nutrient leaching)),Low,Medium,Medium,Calcium,Bright indirect light,16-28°C,30-50%,Low,Move under cover or ensure sharp drainage to prevent root rot from excess rain. Avoid direct harsh sun; let soil dry fully between waterings; well-draining mix.
Haworthia,Monsoon,Karnataka,Rarely - only if no rain for 2+ weeks,0.1-0.2,Succulent fertilizer (low N),2.5g/plant/2 months (Half dose or skip - avoid fertilizing before/during heavy rain (nutrient leaching)),Low,Medium,Medium,Calcium,Bright indirect light,14-26°C,35-55%,Low,Move under cover or ensure sharp drainage to prevent root rot from excess rain. Avoid direct harsh sun; let soil dry fully between waterings; well-draining mix.
Haworthia,Monsoon,West Bengal,Rarely - only if no rain for 2+ weeks,0.1-0.2,Succulent fertilizer (low N),2.5g/plant/2 months (Half dose or skip - avoid fertilizing before/during heavy rain (nutrient leaching)),Low,Medium,Medium,Calcium,Bright indirect light,15-27°C,40-60%,Low,Move under cover or ensure sharp drainage to prevent root rot from excess rain. Avoid direct harsh sun; let soil dry fully between waterings; well-draining mix.
Haworthia,Monsoon,Tamil Nadu,Rarely - only if no rain for 2+ weeks,0.1-0.2,Succulent fertilizer (low N),2.5g/plant/2 months (Half dose or skip - avoid fertilizing before/during heavy rain (nutrient leaching)),Low,Medium,Medium,Calcium,Bright indirect light,15-27°C,35-55%,Low,Move under cover or ensure sharp drainage to prevent root rot from excess rain. Avoid direct harsh sun; let soil dry fully between waterings; well-draining mix.
Haworthia,Winter,Delhi,Once a month or less,0.1-0.2,Succulent fertilizer (low N),2.5g/plant/2 months (Half dose - reduced growth/dormancy),Low,Medium,Medium,Calcium,Bright indirect light,18-30°C,20-40%,Low,"Keep nearly dry and in a warm, bright spot; avoid cold, wet soil which causes rot. Avoid direct harsh sun; let soil dry fully between waterings; well-draining mix."
Haworthia,Winter,Maharashtra,Once a month or less,0.1-0.2,Succulent fertilizer (low N),2.5g/plant/2 months (Half dose - reduced growth/dormancy),Low,Medium,Medium,Calcium,Bright indirect light,16-28°C,30-50%,Low,"Keep nearly dry and in a warm, bright spot; avoid cold, wet soil which causes rot. Avoid direct harsh sun; let soil dry fully between waterings; well-draining mix."
Haworthia,Winter,Karnataka,Once a month or less,0.1-0.2,Succulent fertilizer (low N),2.5g/plant/2 months (Half dose - reduced growth/dormancy),Low,Medium,Medium,Calcium,Bright indirect light,14-26°C,35-55%,Low,"Keep nearly dry and in a warm, bright spot; avoid cold, wet soil which causes rot. Avoid direct harsh sun; let soil dry fully between waterings; well-draining mix."
Haworthia,Winter,West Bengal,Once a month or less,0.1-0.2,Succulent fertilizer (low N),2.5g/plant/2 months (Half dose - reduced growth/dormancy),Low,Medium,Medium,Calcium,Bright indirect light,15-27°C,40-60%,Low,"Keep nearly dry and in a warm, bright spot; avoid cold, wet soil which causes rot. Avoid direct harsh sun; let soil dry fully between waterings; well-draining mix."
Haworthia,Winter,Tamil Nadu,Once a month or less,0.1-0.2,Succulent fertilizer (low N),2.5g/plant/2 months (Half dose - reduced growth/dormancy),Low,Medium,Medium,Calcium,Bright indirect light,15-27°C,35-55%,Low,"Keep nearly dry and in a warm, bright spot; avoid cold, wet soil which causes rot. Avoid direct harsh sun; let soil dry fully between waterings; well-draining mix."
Haworthia,Windy,Delhi,1-2 times/week,0.3-0.5,Succulent fertilizer (low N),5g/plant/2 months (Full dose - same as normal growing schedule),Low,Medium,Medium,Calcium,Bright indirect light,18-30°C,20-40%,Low,Naturally wind hardy; no special protection needed; ensure pot/planting is stable. Avoid direct harsh sun; let soil dry fully between waterings; well-draining mix.
Haworthia,Windy,Maharashtra,1-2 times/week,0.3-0.5,Succulent fertilizer (low N),5g/plant/2 months (Full dose - same as normal growing schedule),Low,Medium,Medium,Calcium,Bright indirect light,16-28°C,30-50%,Low,Naturally wind hardy; no special protection needed; ensure pot/planting is stable. Avoid direct harsh sun; let soil dry fully between waterings; well-draining mix.
Haworthia,Windy,Karnataka,1-2 times/week,0.3-0.5,Succulent fertilizer (low N),5g/plant/2 months (Full dose - same as normal growing schedule),Low,Medium,Medium,Calcium,Bright indirect light,14-26°C,35-55%,Low,Naturally wind hardy; no special protection needed; ensure pot/planting is stable. Avoid direct harsh sun; let soil dry fully between waterings; well-draining mix.
Haworthia,Windy,West Bengal,1-2 times/week,0.3-0.5,Succulent fertilizer (low N),5g/plant/2 months (Full dose - same as normal growing schedule),Low,Medium,Medium,Calcium,Bright indirect light,15-27°C,40-60%,Low,Naturally wind hardy; no special protection needed; ensure pot/planting is stable. Avoid direct harsh sun; let soil dry fully between waterings; well-draining mix.
Haworthia,Windy,Tamil Nadu,1-2 times/week,0.3-0.5,Succulent fertilizer (low N),5g/plant/2 months (Full dose - same as normal growing schedule),Low,Medium,Medium,Calcium,Bright indirect light,15-27°C,35-55%,Low,Naturally wind hardy; no special protection needed; ensure pot/planting is stable. Avoid direct harsh sun; let soil dry fully between waterings; well-draining mix.
Euphorbia Cactus,Summer,Delhi,1-2 times/week,0.3-0.5,Cactus fertilizer (low N),5g/plant/2 months (Full dose - active growth period),Low,Medium,Medium,Calcium,Full sun,21-35°C,10-30%,High,Provide full sun; water deeply then let soil dry completely before next watering. Toxic milky sap; well-draining soil; drought tolerant once established.
Euphorbia Cactus,Summer,Maharashtra,1-2 times/week,0.3-0.5,Cactus fertilizer (low N),5g/plant/2 months (Full dose - active growth period),Low,Medium,Medium,Calcium,Full sun,19-33°C,20-40%,High,Provide full sun; water deeply then let soil dry completely before next watering. Toxic milky sap; well-draining soil; drought tolerant once established.
Euphorbia Cactus,Summer,Karnataka,1-2 times/week,0.3-0.5,Cactus fertilizer (low N),5g/plant/2 months (Full dose - active growth period),Low,Medium,Medium,Calcium,Full sun,17-31°C,25-45%,High,Provide full sun; water deeply then let soil dry completely before next watering. Toxic milky sap; well-draining soil; drought tolerant once established.
Euphorbia Cactus,Summer,West Bengal,1-2 times/week,0.3-0.5,Cactus fertilizer (low N),5g/plant/2 months (Full dose - active growth period),Low,Medium,Medium,Calcium,Full sun,18-32°C,30-50%,High,Provide full sun; water deeply then let soil dry completely before next watering. Toxic milky sap; well-draining soil; drought tolerant once established.
Euphorbia Cactus,Summer,Tamil Nadu,1-2 times/week,0.3-0.5,Cactus fertilizer (low N),5g/plant/2 months (Full dose - active growth period),Low,Medium,Medium,Calcium,Full sun,18-32°C,25-45%,High,Provide full sun; water deeply then let soil dry completely before next watering. Toxic milky sap; well-draining soil; drought tolerant once established.
Euphorbia Cactus,Autumn,Delhi,1-2 times/month,0.2-0.3,Cactus fertilizer (low N),5g/plant/2 months (Full dose - transitional growing season),Low,Medium,Medium,Calcium,Full sun,21-35°C,10-30%,High,Growth slows; begin tapering off watering frequency as temperatures drop. Toxic milky sap; well-draining soil; drought tolerant once established.
Euphorbia Cactus,Autumn,Maharashtra,1-2 times/month,0.2-0.3,Cactus fertilizer (low N),5g/plant/2 months (Full dose - transitional growing season),Low,Medium,Medium,Calcium,Full sun,19-33°C,20-40%,High,Growth slows; begin tapering off watering frequency as temperatures drop. Toxic milky sap; well-draining soil; drought tolerant once established.
Euphorbia Cactus,Autumn,Karnataka,1-2 times/month,0.2-0.3,Cactus fertilizer (low N),5g/plant/2 months (Full dose - transitional growing season),Low,Medium,Medium,Calcium,Full sun,17-31°C,25-45%,High,Growth slows; begin tapering off watering frequency as temperatures drop. Toxic milky sap; well-draining soil; drought tolerant once established.
Euphorbia Cactus,Autumn,West Bengal,1-2 times/month,0.2-0.3,Cactus fertilizer (low N),5g/plant/2 months (Full dose - transitional growing season),Low,Medium,Medium,Calcium,Full sun,18-32°C,30-50%,High,Growth slows; begin tapering off watering frequency as temperatures drop. Toxic milky sap; well-draining soil; drought tolerant once established.
Euphorbia Cactus,Autumn,Tamil Nadu,1-2 times/month,0.2-0.3,Cactus fertilizer (low N),5g/plant/2 months (Full dose - transitional growing season),Low,Medium,Medium,Calcium,Full sun,18-32°C,25-45%,High,Growth slows; begin tapering off watering frequency as temperatures drop. Toxic milky sap; well-draining soil; drought tolerant once established.
Euphorbia Cactus,Monsoon,Delhi,Rarely - only if no rain for 2+ weeks,0.1-0.2,Cactus fertilizer (low N),2.5g/plant/2 months (Half dose or skip - avoid fertilizing before/during heavy rain (nutrient leaching)),Low,Medium,Medium,Calcium,Full sun,21-35°C,10-30%,High,Move under cover or ensure sharp drainage to prevent root rot from excess rain. Toxic milky sap; well-draining soil; drought tolerant once established.
Euphorbia Cactus,Monsoon,Maharashtra,Rarely - only if no rain for 2+ weeks,0.1-0.2,Cactus fertilizer (low N),2.5g/plant/2 months (Half dose or skip - avoid fertilizing before/during heavy rain (nutrient leaching)),Low,Medium,Medium,Calcium,Full sun,19-33°C,20-40%,High,Move under cover or ensure sharp drainage to prevent root rot from excess rain. Toxic milky sap; well-draining soil; drought tolerant once established.
Euphorbia Cactus,Monsoon,Karnataka,Rarely - only if no rain for 2+ weeks,0.1-0.2,Cactus fertilizer (low N),2.5g/plant/2 months (Half dose or skip - avoid fertilizing before/during heavy rain (nutrient leaching)),Low,Medium,Medium,Calcium,Full sun,17-31°C,25-45%,High,Move under cover or ensure sharp drainage to prevent root rot from excess rain. Toxic milky sap; well-draining soil; drought tolerant once established.
Euphorbia Cactus,Monsoon,West Bengal,Rarely - only if no rain for 2+ weeks,0.1-0.2,Cactus fertilizer (low N),2.5g/plant/2 months (Half dose or skip - avoid fertilizing before/during heavy rain (nutrient leaching)),Low,Medium,Medium,Calcium,Full sun,18-32°C,30-50%,High,Move under cover or ensure sharp drainage to prevent root rot from excess rain. Toxic milky sap; well-draining soil; drought tolerant once established.
Euphorbia Cactus,Monsoon,Tamil Nadu,Rarely - only if no rain for 2+ weeks,0.1-0.2,Cactus fertilizer (low N),2.5g/plant/2 months (Half dose or skip - avoid fertilizing before/during heavy rain (nutrient leaching)),Low,Medium,Medium,Calcium,Full sun,18-32°C,25-45%,High,Move under cover or ensure sharp drainage to prevent root rot from excess rain. Toxic milky sap; well-draining soil; drought tolerant once established.
Euphorbia Cactus,Winter,Delhi,Once a month or less,0.1-0.2,Cactus fertilizer (low N),2.5g/plant/2 months (Half dose - reduced growth/dormancy),Low,Medium,Medium,Calcium,Full sun,21-35°C,10-30%,High,"Keep nearly dry and in a warm, bright spot; avoid cold, wet soil which causes rot. Toxic milky sap; well-draining soil; drought tolerant once established."
Euphorbia Cactus,Winter,Maharashtra,Once a month or less,0.1-0.2,Cactus fertilizer (low N),2.5g/plant/2 months (Half dose - reduced growth/dormancy),Low,Medium,Medium,Calcium,Full sun,19-33°C,20-40%,High,"Keep nearly dry and in a warm, bright spot; avoid cold, wet soil which causes rot. Toxic milky sap; well-draining soil; drought tolerant once established."
Euphorbia Cactus,Winter,Karnataka,Once a month or less,0.1-0.2,Cactus fertilizer (low N),2.5g/plant/2 months (Half dose - reduced growth/dormancy),Low,Medium,Medium,Calcium,Full sun,17-31°C,25-45%,High,"Keep nearly dry and in a warm, bright spot; avoid cold, wet soil which causes rot. Toxic milky sap; well-draining soil; drought tolerant once established."
Euphorbia Cactus,Winter,West Bengal,Once a month or less,0.1-0.2,Cactus fertilizer (low N),2.5g/plant/2 months (Half dose - reduced growth/dormancy),Low,Medium,Medium,Calcium,Full sun,18-32°C,30-50%,High,"Keep nearly dry and in a warm, bright spot; avoid cold, wet soil which causes rot. Toxic milky sap; well-draining soil; drought tolerant once established."
Euphorbia Cactus,Winter,Tamil Nadu,Once a month or less,0.1-0.2,Cactus fertilizer (low N),2.5g/plant/2 months (Half dose - reduced growth/dormancy),Low,Medium,Medium,Calcium,Full sun,18-32°C,25-45%,High,"Keep nearly dry and in a warm, bright spot; avoid cold, wet soil which causes rot. Toxic milky sap; well-draining soil; drought tolerant once established."
Euphorbia Cactus,Windy,Delhi,1-2 times/week,0.3-0.5,Cactus fertilizer (low N),5g/plant/2 months (Full dose - same as normal growing schedule),Low,Medium,Medium,Calcium,Full sun,21-35°C,10-30%,High,Naturally wind hardy; no special protection needed; ensure pot/planting is stable. Toxic milky sap; well-draining soil; drought tolerant once established.
Euphorbia Cactus,Windy,Maharashtra,1-2 times/week,0.3-0.5,Cactus fertilizer (low N),5g/plant/2 months (Full dose - same as normal growing schedule),Low,Medium,Medium,Calcium,Full sun,19-33°C,20-40%,High,Naturally wind hardy; no special protection needed; ensure pot/planting is stable. Toxic milky sap; well-draining soil; drought tolerant once established.
Euphorbia Cactus,Windy,Karnataka,1-2 times/week,0.3-0.5,Cactus fertilizer (low N),5g/plant/2 months (Full dose - same as normal growing schedule),Low,Medium,Medium,Calcium,Full sun,17-31°C,25-45%,High,Naturally wind hardy; no special protection needed; ensure pot/planting is stable. Toxic milky sap; well-draining soil; drought tolerant once established.
Euphorbia Cactus,Windy,West Bengal,1-2 times/week,0.3-0.5,Cactus fertilizer (low N),5g/plant/2 months (Full dose - same as normal growing schedule),Low,Medium,Medium,Calcium,Full sun,18-32°C,30-50%,High,Naturally wind hardy; no special protection needed; ensure pot/planting is stable. Toxic milky sap; well-draining soil; drought tolerant once established.
Euphorbia Cactus,Windy,Tamil Nadu,1-2 times/week,0.3-0.5,Cactus fertilizer (low N),5g/plant/2 months (Full dose - same as normal growing schedule),Low,Medium,Medium,Calcium,Full sun,18-32°C,25-45%,High,Naturally wind hardy; no special protection needed; ensure pot/planting is stable. Toxic milky sap; well-draining soil; drought tolerant once established.
English Ivy,Summer,Delhi,2 times/week,0.4-1,Balanced liquid fertilizer,5ml/plant/month (Full dose - active growth period),Medium,Low,Low,Iron,Partial shade to bright indirect light,Oct-24,30-50%,Low,Keep out of direct harsh sun; increase humidity via misting or a pebble tray. Vigorous climber/spreader; trim to control growth; toxic if ingested.
English Ivy,Summer,Maharashtra,2 times/week,0.4-1,Balanced liquid fertilizer,5ml/plant/month (Full dose - active growth period),Medium,Low,Low,Iron,Partial shade to bright indirect light,Oct-24,40-60%,Low,Keep out of direct harsh sun; increase humidity via misting or a pebble tray. Vigorous climber/spreader; trim to control growth; toxic if ingested.
English Ivy,Summer,Karnataka,2 times/week,0.4-1,Balanced liquid fertilizer,5ml/plant/month (Full dose - active growth period),Medium,Low,Low,Iron,Partial shade to bright indirect light,Oct-24,45-65%,Low,Keep out of direct harsh sun; increase humidity via misting or a pebble tray. Vigorous climber/spreader; trim to control growth; toxic if ingested.
English Ivy,Summer,West Bengal,2 times/week,0.4-1,Balanced liquid fertilizer,5ml/plant/month (Full dose - active growth period),Medium,Low,Low,Iron,Partial shade to bright indirect light,Oct-24,50-70%,Low,Keep out of direct harsh sun; increase humidity via misting or a pebble tray. Vigorous climber/spreader; trim to control growth; toxic if ingested.
English Ivy,Summer,Tamil Nadu,2 times/week,0.4-1,Balanced liquid fertilizer,5ml/plant/month (Full dose - active growth period),Medium,Low,Low,Iron,Partial shade to bright indirect light,Oct-24,45-65%,Low,Keep out of direct harsh sun; increase humidity via misting or a pebble tray. Vigorous climber/spreader; trim to control growth; toxic if ingested.
English Ivy,Autumn,Delhi,1-2 times/week,0.3-0.8,Balanced liquid fertilizer,5ml/plant/month (Full dose - transitional growing season),Medium,Low,Low,Iron,Partial shade to bright indirect light,Oct-24,30-50%,Low,Reduce feeding as light levels drop; wipe leaves free of dust. Vigorous climber/spreader; trim to control growth; toxic if ingested.
English Ivy,Autumn,Maharashtra,1-2 times/week,0.3-0.8,Balanced liquid fertilizer,5ml/plant/month (Full dose - transitional growing season),Medium,Low,Low,Iron,Partial shade to bright indirect light,Oct-24,40-60%,Low,Reduce feeding as light levels drop; wipe leaves free of dust. Vigorous climber/spreader; trim to control growth; toxic if ingested.
English Ivy,Autumn,Karnataka,1-2 times/week,0.3-0.8,Balanced liquid fertilizer,5ml/plant/month (Full dose - transitional growing season),Medium,Low,Low,Iron,Partial shade to bright indirect light,Oct-24,45-65%,Low,Reduce feeding as light levels drop; wipe leaves free of dust. Vigorous climber/spreader; trim to control growth; toxic if ingested.
English Ivy,Autumn,West Bengal,1-2 times/week,0.3-0.8,Balanced liquid fertilizer,5ml/plant/month (Full dose - transitional growing season),Medium,Low,Low,Iron,Partial shade to bright indirect light,Oct-24,50-70%,Low,Reduce feeding as light levels drop; wipe leaves free of dust. Vigorous climber/spreader; trim to control growth; toxic if ingested.
English Ivy,Autumn,Tamil Nadu,1-2 times/week,0.3-0.8,Balanced liquid fertilizer,5ml/plant/month (Full dose - transitional growing season),Medium,Low,Low,Iron,Partial shade to bright indirect light,Oct-24,45-65%,Low,Reduce feeding as light levels drop; wipe leaves free of dust. Vigorous climber/spreader; trim to control growth; toxic if ingested.
English Ivy,Monsoon,Delhi,"1 time/week (reduce, ambient humidity high)",0.2-0.5,Balanced liquid fertilizer,2.5ml/plant/month (Half dose or skip - avoid fertilizing before/during heavy rain (nutrient leaching)),Medium,Low,Low,Iron,Partial shade to bright indirect light,Oct-24,30-50%,Low,Ensure good ventilation and drainage indoors to prevent fungal issues from high humidity. Vigorous climber/spreader; trim to control growth; toxic if ingested.
English Ivy,Monsoon,Maharashtra,"1 time/week (reduce, ambient humidity high)",0.2-0.5,Balanced liquid fertilizer,2.5ml/plant/month (Half dose or skip - avoid fertilizing before/during heavy rain (nutrient leaching)),Medium,Low,Low,Iron,Partial shade to bright indirect light,Oct-24,40-60%,Low,Ensure good ventilation and drainage indoors to prevent fungal issues from high humidity. Vigorous climber/spreader; trim to control growth; toxic if ingested.
English Ivy,Monsoon,Karnataka,"1 time/week (reduce, ambient humidity high)",0.2-0.5,Balanced liquid fertilizer,2.5ml/plant/month (Half dose or skip - avoid fertilizing before/during heavy rain (nutrient leaching)),Medium,Low,Low,Iron,Partial shade to bright indirect light,Oct-24,45-65%,Low,Ensure good ventilation and drainage indoors to prevent fungal issues from high humidity. Vigorous climber/spreader; trim to control growth; toxic if ingested.
English Ivy,Monsoon,West Bengal,"1 time/week (reduce, ambient humidity high)",0.2-0.5,Balanced liquid fertilizer,2.5ml/plant/month (Half dose or skip - avoid fertilizing before/during heavy rain (nutrient leaching)),Medium,Low,Low,Iron,Partial shade to bright indirect light,Oct-24,50-70%,Low,Ensure good ventilation and drainage indoors to prevent fungal issues from high humidity. Vigorous climber/spreader; trim to control growth; toxic if ingested.
English Ivy,Monsoon,Tamil Nadu,"1 time/week (reduce, ambient humidity high)",0.2-0.5,Balanced liquid fertilizer,2.5ml/plant/month (Half dose or skip - avoid fertilizing before/during heavy rain (nutrient leaching)),Medium,Low,Low,Iron,Partial shade to bright indirect light,Oct-24,45-65%,Low,Ensure good ventilation and drainage indoors to prevent fungal issues from high humidity. Vigorous climber/spreader; trim to control growth; toxic if ingested.
English Ivy,Winter,Delhi,1 time/week,0.2-0.5,Balanced liquid fertilizer,2.5ml/plant/month (Half dose - reduced growth/dormancy),Medium,Low,Low,Iron,Partial shade to bright indirect light,Oct-24,30-50%,Low,Keep away from cold drafts and heaters; reduce watering as growth slows. Vigorous climber/spreader; trim to control growth; toxic if ingested.
English Ivy,Winter,Maharashtra,1 time/week,0.2-0.5,Balanced liquid fertilizer,2.5ml/plant/month (Half dose - reduced growth/dormancy),Medium,Low,Low,Iron,Partial shade to bright indirect light,Oct-24,40-60%,Low,Keep away from cold drafts and heaters; reduce watering as growth slows. Vigorous climber/spreader; trim to control growth; toxic if ingested.
English Ivy,Winter,Karnataka,1 time/week,0.2-0.5,Balanced liquid fertilizer,2.5ml/plant/month (Half dose - reduced growth/dormancy),Medium,Low,Low,Iron,Partial shade to bright indirect light,Oct-24,45-65%,Low,Keep away from cold drafts and heaters; reduce watering as growth slows. Vigorous climber/spreader; trim to control growth; toxic if ingested.
English Ivy,Winter,West Bengal,1 time/week,0.2-0.5,Balanced liquid fertilizer,2.5ml/plant/month (Half dose - reduced growth/dormancy),Medium,Low,Low,Iron,Partial shade to bright indirect light,Oct-24,50-70%,Low,Keep away from cold drafts and heaters; reduce watering as growth slows. Vigorous climber/spreader; trim to control growth; toxic if ingested.
English Ivy,Winter,Tamil Nadu,1 time/week,0.2-0.5,Balanced liquid fertilizer,2.5ml/plant/month (Half dose - reduced growth/dormancy),Medium,Low,Low,Iron,Partial shade to bright indirect light,Oct-24,45-65%,Low,Keep away from cold drafts and heaters; reduce watering as growth slows. Vigorous climber/spreader; trim to control growth; toxic if ingested.
English Ivy,Windy,Delhi,2 times/week (keep away from drafts),0.4-1,Balanced liquid fertilizer,5ml/plant/month (Full dose - same as normal growing schedule),Medium,Low,Low,Iron,Partial shade to bright indirect light,Oct-24,30-50%,Low,Indoor plant - shield from drafts near open windows/AC vents rather than outdoor wind. Vigorous climber/spreader; trim to control growth; toxic if ingested.
English Ivy,Windy,Maharashtra,2 times/week (keep away from drafts),0.4-1,Balanced liquid fertilizer,5ml/plant/month (Full dose - same as normal growing schedule),Medium,Low,Low,Iron,Partial shade to bright indirect light,Oct-24,40-60%,Low,Indoor plant - shield from drafts near open windows/AC vents rather than outdoor wind. Vigorous climber/spreader; trim to control growth; toxic if ingested.
English Ivy,Windy,Karnataka,2 times/week (keep away from drafts),0.4-1,Balanced liquid fertilizer,5ml/plant/month (Full dose - same as normal growing schedule),Medium,Low,Low,Iron,Partial shade to bright indirect light,Oct-24,45-65%,Low,Indoor plant - shield from drafts near open windows/AC vents rather than outdoor wind. Vigorous climber/spreader; trim to control growth; toxic if ingested.
English Ivy,Windy,West Bengal,2 times/week (keep away from drafts),0.4-1,Balanced liquid fertilizer,5ml/plant/month (Full dose - same as normal growing schedule),Medium,Low,Low,Iron,Partial shade to bright indirect light,Oct-24,50-70%,Low,Indoor plant - shield from drafts near open windows/AC vents rather than outdoor wind. Vigorous climber/spreader; trim to control growth; toxic if ingested.
English Ivy,Windy,Tamil Nadu,2 times/week (keep away from drafts),0.4-1,Balanced liquid fertilizer,5ml/plant/month (Full dose - same as normal growing schedule),Medium,Low,Low,Iron,Partial shade to bright indirect light,Oct-24,45-65%,Low,Indoor plant - shield from drafts near open windows/AC vents rather than outdoor wind. Vigorous climber/spreader; trim to control growth; toxic if ingested.
Poppy,Summer,Madhya Pradesh,2-3 times/week,01-Mar,NPK 10-10-10,10g/plant/2 weeks (Full dose - active growth period),Low,Medium,Medium,Boron,Full sun,Oct-24,25-45%,Medium,Deadhead spent blooms to encourage continuous flowering; water in early morning. Sow seeds directly (dislikes transplant); avoid overwatering; self-seeds.
Poppy,Summer,Rajasthan,2-3 times/week,01-Mar,NPK 10-10-10,10g/plant/2 weeks (Full dose - active growth period),Low,Medium,Medium,Boron,Full sun,Oct-24,15-35%,Medium,Deadhead spent blooms to encourage continuous flowering; water in early morning. Sow seeds directly (dislikes transplant); avoid overwatering; self-seeds.
Poppy,Summer,Uttar Pradesh,2-3 times/week,01-Mar,NPK 10-10-10,10g/plant/2 weeks (Full dose - active growth period),Low,Medium,Medium,Boron,Full sun,Oct-24,25-45%,Medium,Deadhead spent blooms to encourage continuous flowering; water in early morning. Sow seeds directly (dislikes transplant); avoid overwatering; self-seeds.
Poppy,Summer,Himachal Pradesh,2-3 times/week,01-Mar,NPK 10-10-10,10g/plant/2 weeks (Full dose - active growth period),Low,Medium,Medium,Boron,Full sun,Oct-24,30-50%,Medium,Deadhead spent blooms to encourage continuous flowering; water in early morning. Sow seeds directly (dislikes transplant); avoid overwatering; self-seeds.
Poppy,Summer,Punjab,2-3 times/week,01-Mar,NPK 10-10-10,10g/plant/2 weeks (Full dose - active growth period),Low,Medium,Medium,Boron,Full sun,Oct-24,25-45%,Medium,Deadhead spent blooms to encourage continuous flowering; water in early morning. Sow seeds directly (dislikes transplant); avoid overwatering; self-seeds.
Poppy,Autumn,Madhya Pradesh,2 times/week,01-Feb,NPK 10-10-10,10g/plant/2 weeks (Full dose - transitional growing season),Low,Medium,Medium,Boron,Full sun,Oct-24,25-45%,Medium,Good blooming/growing season for many varieties; maintain regular watering. Sow seeds directly (dislikes transplant); avoid overwatering; self-seeds.
Poppy,Autumn,Rajasthan,2 times/week,01-Feb,NPK 10-10-10,10g/plant/2 weeks (Full dose - transitional growing season),Low,Medium,Medium,Boron,Full sun,Oct-24,15-35%,Medium,Good blooming/growing season for many varieties; maintain regular watering. Sow seeds directly (dislikes transplant); avoid overwatering; self-seeds.
Poppy,Autumn,Uttar Pradesh,2 times/week,01-Feb,NPK 10-10-10,10g/plant/2 weeks (Full dose - transitional growing season),Low,Medium,Medium,Boron,Full sun,Oct-24,25-45%,Medium,Good blooming/growing season for many varieties; maintain regular watering. Sow seeds directly (dislikes transplant); avoid overwatering; self-seeds.
Poppy,Autumn,Himachal Pradesh,2 times/week,01-Feb,NPK 10-10-10,10g/plant/2 weeks (Full dose - transitional growing season),Low,Medium,Medium,Boron,Full sun,Oct-24,30-50%,Medium,Good blooming/growing season for many varieties; maintain regular watering. Sow seeds directly (dislikes transplant); avoid overwatering; self-seeds.
Poppy,Autumn,Punjab,2 times/week,01-Feb,NPK 10-10-10,10g/plant/2 weeks (Full dose - transitional growing season),Low,Medium,Medium,Boron,Full sun,Oct-24,25-45%,Medium,Good blooming/growing season for many varieties; maintain regular watering. Sow seeds directly (dislikes transplant); avoid overwatering; self-seeds.
Poppy,Monsoon,Madhya Pradesh,"Reduce - rely on rainfall, ensure drainage",0.5-1,NPK 10-10-10,5g/plant/2 weeks (Half dose or skip - avoid fertilizing before/during heavy rain (nutrient leaching)),Low,Medium,Medium,Boron,Full sun,Oct-24,25-45%,Medium,Ensure excess water drains away; watch for fungal disease on flowers/foliage. Sow seeds directly (dislikes transplant); avoid overwatering; self-seeds.
Poppy,Monsoon,Rajasthan,"Reduce - rely on rainfall, ensure drainage",0.5-1,NPK 10-10-10,5g/plant/2 weeks (Half dose or skip - avoid fertilizing before/during heavy rain (nutrient leaching)),Low,Medium,Medium,Boron,Full sun,Oct-24,15-35%,Medium,Ensure excess water drains away; watch for fungal disease on flowers/foliage. Sow seeds directly (dislikes transplant); avoid overwatering; self-seeds.
Poppy,Monsoon,Uttar Pradesh,"Reduce - rely on rainfall, ensure drainage",0.5-1,NPK 10-10-10,5g/plant/2 weeks (Half dose or skip - avoid fertilizing before/during heavy rain (nutrient leaching)),Low,Medium,Medium,Boron,Full sun,Oct-24,25-45%,Medium,Ensure excess water drains away; watch for fungal disease on flowers/foliage. Sow seeds directly (dislikes transplant); avoid overwatering; self-seeds.
Poppy,Monsoon,Himachal Pradesh,"Reduce - rely on rainfall, ensure drainage",0.5-1,NPK 10-10-10,5g/plant/2 weeks (Half dose or skip - avoid fertilizing before/during heavy rain (nutrient leaching)),Low,Medium,Medium,Boron,Full sun,Oct-24,30-50%,Medium,Ensure excess water drains away; watch for fungal disease on flowers/foliage. Sow seeds directly (dislikes transplant); avoid overwatering; self-seeds.
Poppy,Monsoon,Punjab,"Reduce - rely on rainfall, ensure drainage",0.5-1,NPK 10-10-10,5g/plant/2 weeks (Half dose or skip - avoid fertilizing before/during heavy rain (nutrient leaching)),Low,Medium,Medium,Boron,Full sun,Oct-24,25-45%,Medium,Ensure excess water drains away; watch for fungal disease on flowers/foliage. Sow seeds directly (dislikes transplant); avoid overwatering; self-seeds.
Poppy,Winter,Madhya Pradesh,2 times/week,01-Feb,NPK 10-10-10,5g/plant/2 weeks (Half dose - reduced growth/dormancy),Low,Medium,Medium,Boron,Full sun,Oct-24,25-45%,Medium,Reduce watering for dormant types; cold-hardy bloomers continue flowering with regular care. Sow seeds directly (dislikes transplant); avoid overwatering; self-seeds.
Poppy,Winter,Rajasthan,2 times/week,01-Feb,NPK 10-10-10,5g/plant/2 weeks (Half dose - reduced growth/dormancy),Low,Medium,Medium,Boron,Full sun,Oct-24,15-35%,Medium,Reduce watering for dormant types; cold-hardy bloomers continue flowering with regular care. Sow seeds directly (dislikes transplant); avoid overwatering; self-seeds.
Poppy,Winter,Uttar Pradesh,2 times/week,01-Feb,NPK 10-10-10,5g/plant/2 weeks (Half dose - reduced growth/dormancy),Low,Medium,Medium,Boron,Full sun,Oct-24,25-45%,Medium,Reduce watering for dormant types; cold-hardy bloomers continue flowering with regular care. Sow seeds directly (dislikes transplant); avoid overwatering; self-seeds.
Poppy,Winter,Himachal Pradesh,2 times/week,01-Feb,NPK 10-10-10,5g/plant/2 weeks (Half dose - reduced growth/dormancy),Low,Medium,Medium,Boron,Full sun,Oct-24,30-50%,Medium,Reduce watering for dormant types; cold-hardy bloomers continue flowering with regular care. Sow seeds directly (dislikes transplant); avoid overwatering; self-seeds.
Poppy,Winter,Punjab,2 times/week,01-Feb,NPK 10-10-10,5g/plant/2 weeks (Half dose - reduced growth/dormancy),Low,Medium,Medium,Boron,Full sun,Oct-24,25-45%,Medium,Reduce watering for dormant types; cold-hardy bloomers continue flowering with regular care. Sow seeds directly (dislikes transplant); avoid overwatering; self-seeds.
Poppy,Windy,Madhya Pradesh,3 times/week,1.5-3,NPK 10-10-10,10g/plant/2 weeks (Full dose - same as normal growing schedule),Low,Medium,Medium,Boron,Full sun,Oct-24,25-45%,Medium,Stake tall stems and place in a sheltered spot to prevent stem breakage and bloom damage. Sow seeds directly (dislikes transplant); avoid overwatering; self-seeds.
Poppy,Windy,Rajasthan,3 times/week,1.5-3,NPK 10-10-10,10g/plant/2 weeks (Full dose - same as normal growing schedule),Low,Medium,Medium,Boron,Full sun,Oct-24,15-35%,Medium,Stake tall stems and place in a sheltered spot to prevent stem breakage and bloom damage. Sow seeds directly (dislikes transplant); avoid overwatering; self-seeds.
Poppy,Windy,Uttar Pradesh,3 times/week,1.5-3,NPK 10-10-10,10g/plant/2 weeks (Full dose - same as normal growing schedule),Low,Medium,Medium,Boron,Full sun,Oct-24,25-45%,Medium,Stake tall stems and place in a sheltered spot to prevent stem breakage and bloom damage. Sow seeds directly (dislikes transplant); avoid overwatering; self-seeds.
Poppy,Windy,Himachal Pradesh,3 times/week,1.5-3,NPK 10-10-10,10g/plant/2 weeks (Full dose - same as normal growing schedule),Low,Medium,Medium,Boron,Full sun,Oct-24,30-50%,Medium,Stake tall stems and place in a sheltered spot to prevent stem breakage and bloom damage. Sow seeds directly (dislikes transplant); avoid overwatering; self-seeds.
Poppy,Windy,Punjab,3 times/week,1.5-3,NPK 10-10-10,10g/plant/2 weeks (Full dose - same as normal growing schedule),Low,Medium,Medium,Boron,Full sun,Oct-24,25-45%,Medium,Stake tall stems and place in a sheltered spot to prevent stem breakage and bloom damage. Sow seeds directly (dislikes transplant); avoid overwatering; self-seeds.
Ipomoea,Summer,Delhi,2-3 times/week,01-Mar,NPK 10-10-10,10g/plant/month (Full dose - active growth period),Low,Medium,Medium,Iron,Full sun,23-35°C,30-50%,Medium,Deadhead spent blooms to encourage continuous flowering; water in early morning. Fast climbing vine; provide trellis support; drought tolerant once established.
Ipomoea,Summer,Maharashtra,2-3 times/week,01-Mar,NPK 10-10-10,10g/plant/month (Full dose - active growth period),Low,Medium,Medium,Iron,Full sun,21-33°C,40-60%,Medium,Deadhead spent blooms to encourage continuous flowering; water in early morning. Fast climbing vine; provide trellis support; drought tolerant once established.
Ipomoea,Summer,Karnataka,2-3 times/week,01-Mar,NPK 10-10-10,10g/plant/month (Full dose - active growth period),Low,Medium,Medium,Iron,Full sun,19-31°C,45-65%,Medium,Deadhead spent blooms to encourage continuous flowering; water in early morning. Fast climbing vine; provide trellis support; drought tolerant once established.
Ipomoea,Summer,West Bengal,2-3 times/week,01-Mar,NPK 10-10-10,10g/plant/month (Full dose - active growth period),Low,Medium,Medium,Iron,Full sun,20-32°C,50-70%,Medium,Deadhead spent blooms to encourage continuous flowering; water in early morning. Fast climbing vine; provide trellis support; drought tolerant once established.
Ipomoea,Summer,Tamil Nadu,2-3 times/week,01-Mar,NPK 10-10-10,10g/plant/month (Full dose - active growth period),Low,Medium,Medium,Iron,Full sun,20-32°C,45-65%,Medium,Deadhead spent blooms to encourage continuous flowering; water in early morning. Fast climbing vine; provide trellis support; drought tolerant once established.
Ipomoea,Autumn,Delhi,2 times/week,01-Feb,NPK 10-10-10,10g/plant/month (Full dose - transitional growing season),Low,Medium,Medium,Iron,Full sun,23-35°C,30-50%,Medium,Good blooming/growing season for many varieties; maintain regular watering. Fast climbing vine; provide trellis support; drought tolerant once established.
Ipomoea,Autumn,Maharashtra,2 times/week,01-Feb,NPK 10-10-10,10g/plant/month (Full dose - transitional growing season),Low,Medium,Medium,Iron,Full sun,21-33°C,40-60%,Medium,Good blooming/growing season for many varieties; maintain regular watering. Fast climbing vine; provide trellis support; drought tolerant once established.
Ipomoea,Autumn,Karnataka,2 times/week,01-Feb,NPK 10-10-10,10g/plant/month (Full dose - transitional growing season),Low,Medium,Medium,Iron,Full sun,19-31°C,45-65%,Medium,Good blooming/growing season for many varieties; maintain regular watering. Fast climbing vine; provide trellis support; drought tolerant once established.
Ipomoea,Autumn,West Bengal,2 times/week,01-Feb,NPK 10-10-10,10g/plant/month (Full dose - transitional growing season),Low,Medium,Medium,Iron,Full sun,20-32°C,50-70%,Medium,Good blooming/growing season for many varieties; maintain regular watering. Fast climbing vine; provide trellis support; drought tolerant once established.
Ipomoea,Autumn,Tamil Nadu,2 times/week,01-Feb,NPK 10-10-10,10g/plant/month (Full dose - transitional growing season),Low,Medium,Medium,Iron,Full sun,20-32°C,45-65%,Medium,Good blooming/growing season for many varieties; maintain regular watering. Fast climbing vine; provide trellis support; drought tolerant once established.
Ipomoea,Monsoon,Delhi,"Reduce - rely on rainfall, ensure drainage",0.5-1,NPK 10-10-10,5g/plant/month (Half dose or skip - avoid fertilizing before/during heavy rain (nutrient leaching)),Low,Medium,Medium,Iron,Full sun,23-35°C,30-50%,Medium,Ensure excess water drains away; watch for fungal disease on flowers/foliage. Fast climbing vine; provide trellis support; drought tolerant once established.
Ipomoea,Monsoon,Maharashtra,"Reduce - rely on rainfall, ensure drainage",0.5-1,NPK 10-10-10,5g/plant/month (Half dose or skip - avoid fertilizing before/during heavy rain (nutrient leaching)),Low,Medium,Medium,Iron,Full sun,21-33°C,40-60%,Medium,Ensure excess water drains away; watch for fungal disease on flowers/foliage. Fast climbing vine; provide trellis support; drought tolerant once established.
Ipomoea,Monsoon,Karnataka,"Reduce - rely on rainfall, ensure drainage",0.5-1,NPK 10-10-10,5g/plant/month (Half dose or skip - avoid fertilizing before/during heavy rain (nutrient leaching)),Low,Medium,Medium,Iron,Full sun,19-31°C,45-65%,Medium,Ensure excess water drains away; watch for fungal disease on flowers/foliage. Fast climbing vine; provide trellis support; drought tolerant once established.
Ipomoea,Monsoon,West Bengal,"Reduce - rely on rainfall, ensure drainage",0.5-1,NPK 10-10-10,5g/plant/month (Half dose or skip - avoid fertilizing before/during heavy rain (nutrient leaching)),Low,Medium,Medium,Iron,Full sun,20-32°C,50-70%,Medium,Ensure excess water drains away; watch for fungal disease on flowers/foliage. Fast climbing vine; provide trellis support; drought tolerant once established.
Ipomoea,Monsoon,Tamil Nadu,"Reduce - rely on rainfall, ensure drainage",0.5-1,NPK 10-10-10,5g/plant/month (Half dose or skip - avoid fertilizing before/during heavy rain (nutrient leaching)),Low,Medium,Medium,Iron,Full sun,20-32°C,45-65%,Medium,Ensure excess water drains away; watch for fungal disease on flowers/foliage. Fast climbing vine; provide trellis support; drought tolerant once established.
Ipomoea,Winter,Delhi,1-2 times/week,0.5-1.5,NPK 10-10-10,5g/plant/month (Half dose - reduced growth/dormancy),Low,Medium,Medium,Iron,Full sun,23-35°C,30-50%,Medium,Reduce watering for dormant types; cold-hardy bloomers continue flowering with regular care. Fast climbing vine; provide trellis support; drought tolerant once established.
Ipomoea,Winter,Maharashtra,1-2 times/week,0.5-1.5,NPK 10-10-10,5g/plant/month (Half dose - reduced growth/dormancy),Low,Medium,Medium,Iron,Full sun,21-33°C,40-60%,Medium,Reduce watering for dormant types; cold-hardy bloomers continue flowering with regular care. Fast climbing vine; provide trellis support; drought tolerant once established.
Ipomoea,Winter,Karnataka,1-2 times/week,0.5-1.5,NPK 10-10-10,5g/plant/month (Half dose - reduced growth/dormancy),Low,Medium,Medium,Iron,Full sun,19-31°C,45-65%,Medium,Reduce watering for dormant types; cold-hardy bloomers continue flowering with regular care. Fast climbing vine; provide trellis support; drought tolerant once established.
Ipomoea,Winter,West Bengal,1-2 times/week,0.5-1.5,NPK 10-10-10,5g/plant/month (Half dose - reduced growth/dormancy),Low,Medium,Medium,Iron,Full sun,20-32°C,50-70%,Medium,Reduce watering for dormant types; cold-hardy bloomers continue flowering with regular care. Fast climbing vine; provide trellis support; drought tolerant once established.
Ipomoea,Winter,Tamil Nadu,1-2 times/week,0.5-1.5,NPK 10-10-10,5g/plant/month (Half dose - reduced growth/dormancy),Low,Medium,Medium,Iron,Full sun,20-32°C,45-65%,Medium,Reduce watering for dormant types; cold-hardy bloomers continue flowering with regular care. Fast climbing vine; provide trellis support; drought tolerant once established.
Ipomoea,Windy,Delhi,3 times/week,1.5-3,NPK 10-10-10,10g/plant/month (Full dose - same as normal growing schedule),Low,Medium,Medium,Iron,Full sun,23-35°C,30-50%,Medium,Stake tall stems and place in a sheltered spot to prevent stem breakage and bloom damage. Fast climbing vine; provide trellis support; drought tolerant once established.
Ipomoea,Windy,Maharashtra,3 times/week,1.5-3,NPK 10-10-10,10g/plant/month (Full dose - same as normal growing schedule),Low,Medium,Medium,Iron,Full sun,21-33°C,40-60%,Medium,Stake tall stems and place in a sheltered spot to prevent stem breakage and bloom damage. Fast climbing vine; provide trellis support; drought tolerant once established.
Ipomoea,Windy,Karnataka,3 times/week,1.5-3,NPK 10-10-10,10g/plant/month (Full dose - same as normal growing schedule),Low,Medium,Medium,Iron,Full sun,19-31°C,45-65%,Medium,Stake tall stems and place in a sheltered spot to prevent stem breakage and bloom damage. Fast climbing vine; provide trellis support; drought tolerant once established.
Ipomoea,Windy,West Bengal,3 times/week,1.5-3,NPK 10-10-10,10g/plant/month (Full dose - same as normal growing schedule),Low,Medium,Medium,Iron,Full sun,20-32°C,50-70%,Medium,Stake tall stems and place in a sheltered spot to prevent stem breakage and bloom damage. Fast climbing vine; provide trellis support; drought tolerant once established.
Ipomoea,Windy,Tamil Nadu,3 times/week,1.5-3,NPK 10-10-10,10g/plant/month (Full dose - same as normal growing schedule),Low,Medium,Medium,Iron,Full sun,20-32°C,45-65%,Medium,Stake tall stems and place in a sheltered spot to prevent stem breakage and bloom damage. Fast climbing vine; provide trellis support; drought tolerant once established.
Ivy,Summer,Delhi,2 times/week,0.4-1,Balanced liquid fertilizer,5ml/plant/month (Full dose - active growth period),Medium,Low,Low,Iron,Partial shade to bright indirect light,Oct-24,30-50%,Low,Keep out of direct harsh sun; increase humidity via misting or a pebble tray. Vigorous climber; prune to control spread; toxic if ingested.
Ivy,Summer,Maharashtra,2 times/week,0.4-1,Balanced liquid fertilizer,5ml/plant/month (Full dose - active growth period),Medium,Low,Low,Iron,Partial shade to bright indirect light,Oct-24,40-60%,Low,Keep out of direct harsh sun; increase humidity via misting or a pebble tray. Vigorous climber; prune to control spread; toxic if ingested.
Ivy,Summer,Karnataka,2 times/week,0.4-1,Balanced liquid fertilizer,5ml/plant/month (Full dose - active growth period),Medium,Low,Low,Iron,Partial shade to bright indirect light,Oct-24,45-65%,Low,Keep out of direct harsh sun; increase humidity via misting or a pebble tray. Vigorous climber; prune to control spread; toxic if ingested.
Ivy,Summer,West Bengal,2 times/week,0.4-1,Balanced liquid fertilizer,5ml/plant/month (Full dose - active growth period),Medium,Low,Low,Iron,Partial shade to bright indirect light,Oct-24,50-70%,Low,Keep out of direct harsh sun; increase humidity via misting or a pebble tray. Vigorous climber; prune to control spread; toxic if ingested.
Ivy,Summer,Tamil Nadu,2 times/week,0.4-1,Balanced liquid fertilizer,5ml/plant/month (Full dose - active growth period),Medium,Low,Low,Iron,Partial shade to bright indirect light,Oct-24,45-65%,Low,Keep out of direct harsh sun; increase humidity via misting or a pebble tray. Vigorous climber; prune to control spread; toxic if ingested.
Ivy,Autumn,Delhi,1-2 times/week,0.3-0.8,Balanced liquid fertilizer,5ml/plant/month (Full dose - transitional growing season),Medium,Low,Low,Iron,Partial shade to bright indirect light,Oct-24,30-50%,Low,Reduce feeding as light levels drop; wipe leaves free of dust. Vigorous climber; prune to control spread; toxic if ingested.
Ivy,Autumn,Maharashtra,1-2 times/week,0.3-0.8,Balanced liquid fertilizer,5ml/plant/month (Full dose - transitional growing season),Medium,Low,Low,Iron,Partial shade to bright indirect light,Oct-24,40-60%,Low,Reduce feeding as light levels drop; wipe leaves free of dust. Vigorous climber; prune to control spread; toxic if ingested.
Ivy,Autumn,Karnataka,1-2 times/week,0.3-0.8,Balanced liquid fertilizer,5ml/plant/month (Full dose - transitional growing season),Medium,Low,Low,Iron,Partial shade to bright indirect light,Oct-24,45-65%,Low,Reduce feeding as light levels drop; wipe leaves free of dust. Vigorous climber; prune to control spread; toxic if ingested.
Ivy,Autumn,West Bengal,1-2 times/week,0.3-0.8,Balanced liquid fertilizer,5ml/plant/month (Full dose - transitional growing season),Medium,Low,Low,Iron,Partial shade to bright indirect light,Oct-24,50-70%,Low,Reduce feeding as light levels drop; wipe leaves free of dust. Vigorous climber; prune to control spread; toxic if ingested.
Ivy,Autumn,Tamil Nadu,1-2 times/week,0.3-0.8,Balanced liquid fertilizer,5ml/plant/month (Full dose - transitional growing season),Medium,Low,Low,Iron,Partial shade to bright indirect light,Oct-24,45-65%,Low,Reduce feeding as light levels drop; wipe leaves free of dust. Vigorous climber; prune to control spread; toxic if ingested.
Ivy,Monsoon,Delhi,"1 time/week (reduce, ambient humidity high)",0.2-0.5,Balanced liquid fertilizer,2.5ml/plant/month (Half dose or skip - avoid fertilizing before/during heavy rain (nutrient leaching)),Medium,Low,Low,Iron,Partial shade to bright indirect light,Oct-24,30-50%,Low,Ensure good ventilation and drainage indoors to prevent fungal issues from high humidity. Vigorous climber; prune to control spread; toxic if ingested.
Ivy,Monsoon,Maharashtra,"1 time/week (reduce, ambient humidity high)",0.2-0.5,Balanced liquid fertilizer,2.5ml/plant/month (Half dose or skip - avoid fertilizing before/during heavy rain (nutrient leaching)),Medium,Low,Low,Iron,Partial shade to bright indirect light,Oct-24,40-60%,Low,Ensure good ventilation and drainage indoors to prevent fungal issues from high humidity. Vigorous climber; prune to control spread; toxic if ingested.
Ivy,Monsoon,Karnataka,"1 time/week (reduce, ambient humidity high)",0.2-0.5,Balanced liquid fertilizer,2.5ml/plant/month (Half dose or skip - avoid fertilizing before/during heavy rain (nutrient leaching)),Medium,Low,Low,Iron,Partial shade to bright indirect light,Oct-24,45-65%,Low,Ensure good ventilation and drainage indoors to prevent fungal issues from high humidity. Vigorous climber; prune to control spread; toxic if ingested.
Ivy,Monsoon,West Bengal,"1 time/week (reduce, ambient humidity high)",0.2-0.5,Balanced liquid fertilizer,2.5ml/plant/month (Half dose or skip - avoid fertilizing before/during heavy rain (nutrient leaching)),Medium,Low,Low,Iron,Partial shade to bright indirect light,Oct-24,50-70%,Low,Ensure good ventilation and drainage indoors to prevent fungal issues from high humidity. Vigorous climber; prune to control spread; toxic if ingested.
Ivy,Monsoon,Tamil Nadu,"1 time/week (reduce, ambient humidity high)",0.2-0.5,Balanced liquid fertilizer,2.5ml/plant/month (Half dose or skip - avoid fertilizing before/during heavy rain (nutrient leaching)),Medium,Low,Low,Iron,Partial shade to bright indirect light,Oct-24,45-65%,Low,Ensure good ventilation and drainage indoors to prevent fungal issues from high humidity. Vigorous climber; prune to control spread; toxic if ingested.
Ivy,Winter,Delhi,1 time/week,0.2-0.5,Balanced liquid fertilizer,2.5ml/plant/month (Half dose - reduced growth/dormancy),Medium,Low,Low,Iron,Partial shade to bright indirect light,Oct-24,30-50%,Low,Keep away from cold drafts and heaters; reduce watering as growth slows. Vigorous climber; prune to control spread; toxic if ingested.
Ivy,Winter,Maharashtra,1 time/week,0.2-0.5,Balanced liquid fertilizer,2.5ml/plant/month (Half dose - reduced growth/dormancy),Medium,Low,Low,Iron,Partial shade to bright indirect light,Oct-24,40-60%,Low,Keep away from cold drafts and heaters; reduce watering as growth slows. Vigorous climber; prune to control spread; toxic if ingested.
Ivy,Winter,Karnataka,1 time/week,0.2-0.5,Balanced liquid fertilizer,2.5ml/plant/month (Half dose - reduced growth/dormancy),Medium,Low,Low,Iron,Partial shade to bright indirect light,Oct-24,45-65%,Low,Keep away from cold drafts and heaters; reduce watering as growth slows. Vigorous climber; prune to control spread; toxic if ingested.
Ivy,Winter,West Bengal,1 time/week,0.2-0.5,Balanced liquid fertilizer,2.5ml/plant/month (Half dose - reduced growth/dormancy),Medium,Low,Low,Iron,Partial shade to bright indirect light,Oct-24,50-70%,Low,Keep away from cold drafts and heaters; reduce watering as growth slows. Vigorous climber; prune to control spread; toxic if ingested.
Ivy,Winter,Tamil Nadu,1 time/week,0.2-0.5,Balanced liquid fertilizer,2.5ml/plant/month (Half dose - reduced growth/dormancy),Medium,Low,Low,Iron,Partial shade to bright indirect light,Oct-24,45-65%,Low,Keep away from cold drafts and heaters; reduce watering as growth slows. Vigorous climber; prune to control spread; toxic if ingested.
Ivy,Windy,Delhi,2 times/week (keep away from drafts),0.4-1,Balanced liquid fertilizer,5ml/plant/month (Full dose - same as normal growing schedule),Medium,Low,Low,Iron,Partial shade to bright indirect light,Oct-24,30-50%,Low,Indoor plant - shield from drafts near open windows/AC vents rather than outdoor wind. Vigorous climber; prune to control spread; toxic if ingested.
Ivy,Windy,Maharashtra,2 times/week (keep away from drafts),0.4-1,Balanced liquid fertilizer,5ml/plant/month (Full dose - same as normal growing schedule),Medium,Low,Low,Iron,Partial shade to bright indirect light,Oct-24,40-60%,Low,Indoor plant - shield from drafts near open windows/AC vents rather than outdoor wind. Vigorous climber; prune to control spread; toxic if ingested.
Ivy,Windy,Karnataka,2 times/week (keep away from drafts),0.4-1,Balanced liquid fertilizer,5ml/plant/month (Full dose - same as normal growing schedule),Medium,Low,Low,Iron,Partial shade to bright indirect light,Oct-24,45-65%,Low,Indoor plant - shield from drafts near open windows/AC vents rather than outdoor wind. Vigorous climber; prune to control spread; toxic if ingested.
Ivy,Windy,West Bengal,2 times/week (keep away from drafts),0.4-1,Balanced liquid fertilizer,5ml/plant/month (Full dose - same as normal growing schedule),Medium,Low,Low,Iron,Partial shade to bright indirect light,Oct-24,50-70%,Low,Indoor plant - shield from drafts near open windows/AC vents rather than outdoor wind. Vigorous climber; prune to control spread; toxic if ingested.
Ivy,Windy,Tamil Nadu,2 times/week (keep away from drafts),0.4-1,Balanced liquid fertilizer,5ml/plant/month (Full dose - same as normal growing schedule),Medium,Low,Low,Iron,Partial shade to bright indirect light,Oct-24,45-65%,Low,Indoor plant - shield from drafts near open windows/AC vents rather than outdoor wind. Vigorous climber; prune to control spread; toxic if ingested.
Monstera Deliciosa,Summer,Delhi,2 times/week,0.4-1,Balanced liquid fertilizer,10ml/plant/month (Full dose - active growth period),Medium,Low,Medium,"Magnesium, Iron",Bright indirect light,21-33°C,50-70%,Low,Keep out of direct harsh sun; increase humidity via misting or a pebble tray. Provide moss pole for climbing support; wipe leaves for dust; avoid direct sun.
Monstera Deliciosa,Summer,Maharashtra,2 times/week,0.4-1,Balanced liquid fertilizer,10ml/plant/month (Full dose - active growth period),Medium,Low,Medium,"Magnesium, Iron",Bright indirect light,19-31°C,60-80%,Low,Keep out of direct harsh sun; increase humidity via misting or a pebble tray. Provide moss pole for climbing support; wipe leaves for dust; avoid direct sun.
Monstera Deliciosa,Summer,Karnataka,2 times/week,0.4-1,Balanced liquid fertilizer,10ml/plant/month (Full dose - active growth period),Medium,Low,Medium,"Magnesium, Iron",Bright indirect light,17-29°C,65-85%,Low,Keep out of direct harsh sun; increase humidity via misting or a pebble tray. Provide moss pole for climbing support; wipe leaves for dust; avoid direct sun.
Monstera Deliciosa,Summer,West Bengal,2 times/week,0.4-1,Balanced liquid fertilizer,10ml/plant/month (Full dose - active growth period),Medium,Low,Medium,"Magnesium, Iron",Bright indirect light,18-30°C,70-90%,Low,Keep out of direct harsh sun; increase humidity via misting or a pebble tray. Provide moss pole for climbing support; wipe leaves for dust; avoid direct sun.
Monstera Deliciosa,Summer,Tamil Nadu,2 times/week,0.4-1,Balanced liquid fertilizer,10ml/plant/month (Full dose - active growth period),Medium,Low,Medium,"Magnesium, Iron",Bright indirect light,18-30°C,65-85%,Low,Keep out of direct harsh sun; increase humidity via misting or a pebble tray. Provide moss pole for climbing support; wipe leaves for dust; avoid direct sun.
Monstera Deliciosa,Autumn,Delhi,1-2 times/week,0.3-0.8,Balanced liquid fertilizer,10ml/plant/month (Full dose - transitional growing season),Medium,Low,Medium,"Magnesium, Iron",Bright indirect light,21-33°C,50-70%,Low,Reduce feeding as light levels drop; wipe leaves free of dust. Provide moss pole for climbing support; wipe leaves for dust; avoid direct sun.
Monstera Deliciosa,Autumn,Maharashtra,1-2 times/week,0.3-0.8,Balanced liquid fertilizer,10ml/plant/month (Full dose - transitional growing season),Medium,Low,Medium,"Magnesium, Iron",Bright indirect light,19-31°C,60-80%,Low,Reduce feeding as light levels drop; wipe leaves free of dust. Provide moss pole for climbing support; wipe leaves for dust; avoid direct sun.
Monstera Deliciosa,Autumn,Karnataka,1-2 times/week,0.3-0.8,Balanced liquid fertilizer,10ml/plant/month (Full dose - transitional growing season),Medium,Low,Medium,"Magnesium, Iron",Bright indirect light,17-29°C,65-85%,Low,Reduce feeding as light levels drop; wipe leaves free of dust. Provide moss pole for climbing support; wipe leaves for dust; avoid direct sun.
Monstera Deliciosa,Autumn,West Bengal,1-2 times/week,0.3-0.8,Balanced liquid fertilizer,10ml/plant/month (Full dose - transitional growing season),Medium,Low,Medium,"Magnesium, Iron",Bright indirect light,18-30°C,70-90%,Low,Reduce feeding as light levels drop; wipe leaves free of dust. Provide moss pole for climbing support; wipe leaves for dust; avoid direct sun.
Monstera Deliciosa,Autumn,Tamil Nadu,1-2 times/week,0.3-0.8,Balanced liquid fertilizer,10ml/plant/month (Full dose - transitional growing season),Medium,Low,Medium,"Magnesium, Iron",Bright indirect light,18-30°C,65-85%,Low,Reduce feeding as light levels drop; wipe leaves free of dust. Provide moss pole for climbing support; wipe leaves for dust; avoid direct sun.
Monstera Deliciosa,Monsoon,Delhi,"1 time/week (reduce, ambient humidity high)",0.2-0.5,Balanced liquid fertilizer,5ml/plant/month (Half dose or skip - avoid fertilizing before/during heavy rain (nutrient leaching)),Medium,Low,Medium,"Magnesium, Iron",Bright indirect light,21-33°C,50-70%,Low,Ensure good ventilation and drainage indoors to prevent fungal issues from high humidity. Provide moss pole for climbing support; wipe leaves for dust; avoid direct sun.
Monstera Deliciosa,Monsoon,Maharashtra,"1 time/week (reduce, ambient humidity high)",0.2-0.5,Balanced liquid fertilizer,5ml/plant/month (Half dose or skip - avoid fertilizing before/during heavy rain (nutrient leaching)),Medium,Low,Medium,"Magnesium, Iron",Bright indirect light,19-31°C,60-80%,Low,Ensure good ventilation and drainage indoors to prevent fungal issues from high humidity. Provide moss pole for climbing support; wipe leaves for dust; avoid direct sun.
Monstera Deliciosa,Monsoon,Karnataka,"1 time/week (reduce, ambient humidity high)",0.2-0.5,Balanced liquid fertilizer,5ml/plant/month (Half dose or skip - avoid fertilizing before/during heavy rain (nutrient leaching)),Medium,Low,Medium,"Magnesium, Iron",Bright indirect light,17-29°C,65-85%,Low,Ensure good ventilation and drainage indoors to prevent fungal issues from high humidity. Provide moss pole for climbing support; wipe leaves for dust; avoid direct sun.
Monstera Deliciosa,Monsoon,West Bengal,"1 time/week (reduce, ambient humidity high)",0.2-0.5,Balanced liquid fertilizer,5ml/plant/month (Half dose or skip - avoid fertilizing before/during heavy rain (nutrient leaching)),Medium,Low,Medium,"Magnesium, Iron",Bright indirect light,18-30°C,70-90%,Low,Ensure good ventilation and drainage indoors to prevent fungal issues from high humidity. Provide moss pole for climbing support; wipe leaves for dust; avoid direct sun.
Monstera Deliciosa,Monsoon,Tamil Nadu,"1 time/week (reduce, ambient humidity high)",0.2-0.5,Balanced liquid fertilizer,5ml/plant/month (Half dose or skip - avoid fertilizing before/during heavy rain (nutrient leaching)),Medium,Low,Medium,"Magnesium, Iron",Bright indirect light,18-30°C,65-85%,Low,Ensure good ventilation and drainage indoors to prevent fungal issues from high humidity. Provide moss pole for climbing support; wipe leaves for dust; avoid direct sun.
Monstera Deliciosa,Winter,Delhi,1 time/week,0.2-0.5,Balanced liquid fertilizer,5ml/plant/month (Half dose - reduced growth/dormancy),Medium,Low,Medium,"Magnesium, Iron",Bright indirect light,21-33°C,50-70%,Low,Keep away from cold drafts and heaters; reduce watering as growth slows. Provide moss pole for climbing support; wipe leaves for dust; avoid direct sun.
Monstera Deliciosa,Winter,Maharashtra,1 time/week,0.2-0.5,Balanced liquid fertilizer,5ml/plant/month (Half dose - reduced growth/dormancy),Medium,Low,Medium,"Magnesium, Iron",Bright indirect light,19-31°C,60-80%,Low,Keep away from cold drafts and heaters; reduce watering as growth slows. Provide moss pole for climbing support; wipe leaves for dust; avoid direct sun.
Monstera Deliciosa,Winter,Karnataka,1 time/week,0.2-0.5,Balanced liquid fertilizer,5ml/plant/month (Half dose - reduced growth/dormancy),Medium,Low,Medium,"Magnesium, Iron",Bright indirect light,17-29°C,65-85%,Low,Keep away from cold drafts and heaters; reduce watering as growth slows. Provide moss pole for climbing support; wipe leaves for dust; avoid direct sun.
Monstera Deliciosa,Winter,West Bengal,1 time/week,0.2-0.5,Balanced liquid fertilizer,5ml/plant/month (Half dose - reduced growth/dormancy),Medium,Low,Medium,"Magnesium, Iron",Bright indirect light,18-30°C,70-90%,Low,Keep away from cold drafts and heaters; reduce watering as growth slows. Provide moss pole for climbing support; wipe leaves for dust; avoid direct sun.
Monstera Deliciosa,Winter,Tamil Nadu,1 time/week,0.2-0.5,Balanced liquid fertilizer,5ml/plant/month (Half dose - reduced growth/dormancy),Medium,Low,Medium,"Magnesium, Iron",Bright indirect light,18-30°C,65-85%,Low,Keep away from cold drafts and heaters; reduce watering as growth slows. Provide moss pole for climbing support; wipe leaves for dust; avoid direct sun.
Monstera Deliciosa,Windy,Delhi,2 times/week (keep away from drafts),0.4-1,Balanced liquid fertilizer,10ml/plant/month (Full dose - same as normal growing schedule),Medium,Low,Medium,"Magnesium, Iron",Bright indirect light,21-33°C,50-70%,Low,Indoor plant - shield from drafts near open windows/AC vents rather than outdoor wind. Provide moss pole for climbing support; wipe leaves for dust; avoid direct sun.
Monstera Deliciosa,Windy,Maharashtra,2 times/week (keep away from drafts),0.4-1,Balanced liquid fertilizer,10ml/plant/month (Full dose - same as normal growing schedule),Medium,Low,Medium,"Magnesium, Iron",Bright indirect light,19-31°C,60-80%,Low,Indoor plant - shield from drafts near open windows/AC vents rather than outdoor wind. Provide moss pole for climbing support; wipe leaves for dust; avoid direct sun.
Monstera Deliciosa,Windy,Karnataka,2 times/week (keep away from drafts),0.4-1,Balanced liquid fertilizer,10ml/plant/month (Full dose - same as normal growing schedule),Medium,Low,Medium,"Magnesium, Iron",Bright indirect light,17-29°C,65-85%,Low,Indoor plant - shield from drafts near open windows/AC vents rather than outdoor wind. Provide moss pole for climbing support; wipe leaves for dust; avoid direct sun.
Monstera Deliciosa,Windy,West Bengal,2 times/week (keep away from drafts),0.4-1,Balanced liquid fertilizer,10ml/plant/month (Full dose - same as normal growing schedule),Medium,Low,Medium,"Magnesium, Iron",Bright indirect light,18-30°C,70-90%,Low,Indoor plant - shield from drafts near open windows/AC vents rather than outdoor wind. Provide moss pole for climbing support; wipe leaves for dust; avoid direct sun.
Monstera Deliciosa,Windy,Tamil Nadu,2 times/week (keep away from drafts),0.4-1,Balanced liquid fertilizer,10ml/plant/month (Full dose - same as normal growing schedule),Medium,Low,Medium,"Magnesium, Iron",Bright indirect light,18-30°C,65-85%,Low,Indoor plant - shield from drafts near open windows/AC vents rather than outdoor wind. Provide moss pole for climbing support; wipe leaves for dust; avoid direct sun.
Philodendron Brasil,Summer,Delhi,2 times/week,0.4-1,Balanced liquid fertilizer,5ml/plant/month (Full dose - active growth period),Medium,Low,Low,Iron,Bright indirect light,21-32°C,40-60%,Low,Keep out of direct harsh sun; increase humidity via misting or a pebble tray. Trailing/climbing habit; let topsoil dry between waterings; toxic if ingested.
Philodendron Brasil,Summer,Maharashtra,2 times/week,0.4-1,Balanced liquid fertilizer,5ml/plant/month (Full dose - active growth period),Medium,Low,Low,Iron,Bright indirect light,19-30°C,50-70%,Low,Keep out of direct harsh sun; increase humidity via misting or a pebble tray. Trailing/climbing habit; let topsoil dry between waterings; toxic if ingested.
Philodendron Brasil,Summer,Karnataka,2 times/week,0.4-1,Balanced liquid fertilizer,5ml/plant/month (Full dose - active growth period),Medium,Low,Low,Iron,Bright indirect light,17-28°C,55-75%,Low,Keep out of direct harsh sun; increase humidity via misting or a pebble tray. Trailing/climbing habit; let topsoil dry between waterings; toxic if ingested.
Philodendron Brasil,Summer,West Bengal,2 times/week,0.4-1,Balanced liquid fertilizer,5ml/plant/month (Full dose - active growth period),Medium,Low,Low,Iron,Bright indirect light,18-29°C,60-80%,Low,Keep out of direct harsh sun; increase humidity via misting or a pebble tray. Trailing/climbing habit; let topsoil dry between waterings; toxic if ingested.
Philodendron Brasil,Summer,Tamil Nadu,2 times/week,0.4-1,Balanced liquid fertilizer,5ml/plant/month (Full dose - active growth period),Medium,Low,Low,Iron,Bright indirect light,18-29°C,55-75%,Low,Keep out of direct harsh sun; increase humidity via misting or a pebble tray. Trailing/climbing habit; let topsoil dry between waterings; toxic if ingested.
Philodendron Brasil,Autumn,Delhi,1-2 times/week,0.3-0.8,Balanced liquid fertilizer,5ml/plant/month (Full dose - transitional growing season),Medium,Low,Low,Iron,Bright indirect light,21-32°C,40-60%,Low,Reduce feeding as light levels drop; wipe leaves free of dust. Trailing/climbing habit; let topsoil dry between waterings; toxic if ingested.
Philodendron Brasil,Autumn,Maharashtra,1-2 times/week,0.3-0.8,Balanced liquid fertilizer,5ml/plant/month (Full dose - transitional growing season),Medium,Low,Low,Iron,Bright indirect light,19-30°C,50-70%,Low,Reduce feeding as light levels drop; wipe leaves free of dust. Trailing/climbing habit; let topsoil dry between waterings; toxic if ingested.
Philodendron Brasil,Autumn,Karnataka,1-2 times/week,0.3-0.8,Balanced liquid fertilizer,5ml/plant/month (Full dose - transitional growing season),Medium,Low,Low,Iron,Bright indirect light,17-28°C,55-75%,Low,Reduce feeding as light levels drop; wipe leaves free of dust. Trailing/climbing habit; let topsoil dry between waterings; toxic if ingested.
Philodendron Brasil,Autumn,West Bengal,1-2 times/week,0.3-0.8,Balanced liquid fertilizer,5ml/plant/month (Full dose - transitional growing season),Medium,Low,Low,Iron,Bright indirect light,18-29°C,60-80%,Low,Reduce feeding as light levels drop; wipe leaves free of dust. Trailing/climbing habit; let topsoil dry between waterings; toxic if ingested.
Philodendron Brasil,Autumn,Tamil Nadu,1-2 times/week,0.3-0.8,Balanced liquid fertilizer,5ml/plant/month (Full dose - transitional growing season),Medium,Low,Low,Iron,Bright indirect light,18-29°C,55-75%,Low,Reduce feeding as light levels drop; wipe leaves free of dust. Trailing/climbing habit; let topsoil dry between waterings; toxic if ingested.
Philodendron Brasil,Monsoon,Delhi,"1 time/week (reduce, ambient humidity high)",0.2-0.5,Balanced liquid fertilizer,2.5ml/plant/month (Half dose or skip - avoid fertilizing before/during heavy rain (nutrient leaching)),Medium,Low,Low,Iron,Bright indirect light,21-32°C,40-60%,Low,Ensure good ventilation and drainage indoors to prevent fungal issues from high humidity. Trailing/climbing habit; let topsoil dry between waterings; toxic if ingested.
Philodendron Brasil,Monsoon,Maharashtra,"1 time/week (reduce, ambient humidity high)",0.2-0.5,Balanced liquid fertilizer,2.5ml/plant/month (Half dose or skip - avoid fertilizing before/during heavy rain (nutrient leaching)),Medium,Low,Low,Iron,Bright indirect light,19-30°C,50-70%,Low,Ensure good ventilation and drainage indoors to prevent fungal issues from high humidity. Trailing/climbing habit; let topsoil dry between waterings; toxic if ingested.
Philodendron Brasil,Monsoon,Karnataka,"1 time/week (reduce, ambient humidity high)",0.2-0.5,Balanced liquid fertilizer,2.5ml/plant/month (Half dose or skip - avoid fertilizing before/during heavy rain (nutrient leaching)),Medium,Low,Low,Iron,Bright indirect light,17-28°C,55-75%,Low,Ensure good ventilation and drainage indoors to prevent fungal issues from high humidity. Trailing/climbing habit; let topsoil dry between waterings; toxic if ingested.
Philodendron Brasil,Monsoon,West Bengal,"1 time/week (reduce, ambient humidity high)",0.2-0.5,Balanced liquid fertilizer,2.5ml/plant/month (Half dose or skip - avoid fertilizing before/during heavy rain (nutrient leaching)),Medium,Low,Low,Iron,Bright indirect light,18-29°C,60-80%,Low,Ensure good ventilation and drainage indoors to prevent fungal issues from high humidity. Trailing/climbing habit; let topsoil dry between waterings; toxic if ingested.
Philodendron Brasil,Monsoon,Tamil Nadu,"1 time/week (reduce, ambient humidity high)",0.2-0.5,Balanced liquid fertilizer,2.5ml/plant/month (Half dose or skip - avoid fertilizing before/during heavy rain (nutrient leaching)),Medium,Low,Low,Iron,Bright indirect light,18-29°C,55-75%,Low,Ensure good ventilation and drainage indoors to prevent fungal issues from high humidity. Trailing/climbing habit; let topsoil dry between waterings; toxic if ingested.
Philodendron Brasil,Winter,Delhi,1 time/week,0.2-0.5,Balanced liquid fertilizer,2.5ml/plant/month (Half dose - reduced growth/dormancy),Medium,Low,Low,Iron,Bright indirect light,21-32°C,40-60%,Low,Keep away from cold drafts and heaters; reduce watering as growth slows. Trailing/climbing habit; let topsoil dry between waterings; toxic if ingested.
Philodendron Brasil,Winter,Maharashtra,1 time/week,0.2-0.5,Balanced liquid fertilizer,2.5ml/plant/month (Half dose - reduced growth/dormancy),Medium,Low,Low,Iron,Bright indirect light,19-30°C,50-70%,Low,Keep away from cold drafts and heaters; reduce watering as growth slows. Trailing/climbing habit; let topsoil dry between waterings; toxic if ingested.
Philodendron Brasil,Winter,Karnataka,1 time/week,0.2-0.5,Balanced liquid fertilizer,2.5ml/plant/month (Half dose - reduced growth/dormancy),Medium,Low,Low,Iron,Bright indirect light,17-28°C,55-75%,Low,Keep away from cold drafts and heaters; reduce watering as growth slows. Trailing/climbing habit; let topsoil dry between waterings; toxic if ingested.
Philodendron Brasil,Winter,West Bengal,1 time/week,0.2-0.5,Balanced liquid fertilizer,2.5ml/plant/month (Half dose - reduced growth/dormancy),Medium,Low,Low,Iron,Bright indirect light,18-29°C,60-80%,Low,Keep away from cold drafts and heaters; reduce watering as growth slows. Trailing/climbing habit; let topsoil dry between waterings; toxic if ingested.
Philodendron Brasil,Winter,Tamil Nadu,1 time/week,0.2-0.5,Balanced liquid fertilizer,2.5ml/plant/month (Half dose - reduced growth/dormancy),Medium,Low,Low,Iron,Bright indirect light,18-29°C,55-75%,Low,Keep away from cold drafts and heaters; reduce watering as growth slows. Trailing/climbing habit; let topsoil dry between waterings; toxic if ingested.
Philodendron Brasil,Windy,Delhi,2 times/week (keep away from drafts),0.4-1,Balanced liquid fertilizer,5ml/plant/month (Full dose - same as normal growing schedule),Medium,Low,Low,Iron,Bright indirect light,21-32°C,40-60%,Low,Indoor plant - shield from drafts near open windows/AC vents rather than outdoor wind. Trailing/climbing habit; let topsoil dry between waterings; toxic if ingested.
Philodendron Brasil,Windy,Maharashtra,2 times/week (keep away from drafts),0.4-1,Balanced liquid fertilizer,5ml/plant/month (Full dose - same as normal growing schedule),Medium,Low,Low,Iron,Bright indirect light,19-30°C,50-70%,Low,Indoor plant - shield from drafts near open windows/AC vents rather than outdoor wind. Trailing/climbing habit; let topsoil dry between waterings; toxic if ingested.
Philodendron Brasil,Windy,Karnataka,2 times/week (keep away from drafts),0.4-1,Balanced liquid fertilizer,5ml/plant/month (Full dose - same as normal growing schedule),Medium,Low,Low,Iron,Bright indirect light,17-28°C,55-75%,Low,Indoor plant - shield from drafts near open windows/AC vents rather than outdoor wind. Trailing/climbing habit; let topsoil dry between waterings; toxic if ingested.
Philodendron Brasil,Windy,West Bengal,2 times/week (keep away from drafts),0.4-1,Balanced liquid fertilizer,5ml/plant/month (Full dose - same as normal growing schedule),Medium,Low,Low,Iron,Bright indirect light,18-29°C,60-80%,Low,Indoor plant - shield from drafts near open windows/AC vents rather than outdoor wind. Trailing/climbing habit; let topsoil dry between waterings; toxic if ingested.
Philodendron Brasil,Windy,Tamil Nadu,2 times/week (keep away from drafts),0.4-1,Balanced liquid fertilizer,5ml/plant/month (Full dose - same as normal growing schedule),Medium,Low,Low,Iron,Bright indirect light,18-29°C,55-75%,Low,Indoor plant - shield from drafts near open windows/AC vents rather than outdoor wind. Trailing/climbing habit; let topsoil dry between waterings; toxic if ingested.
Begonia,Summer,Delhi,2 times/week,0.4-1,"Balanced liquid fertilizer, high P for bloom",10g/plant/2 weeks (Full dose - active growth period),Medium,High,Medium,"Iron, Manganese",Partial shade to bright indirect light,21-30°C,40-60%,Low,Keep out of direct harsh sun; increase humidity via misting or a pebble tray. Avoid overhead watering (fungal issues); allow slight drying between waterings.
Begonia,Summer,Maharashtra,2 times/week,0.4-1,"Balanced liquid fertilizer, high P for bloom",10g/plant/2 weeks (Full dose - active growth period),Medium,High,Medium,"Iron, Manganese",Partial shade to bright indirect light,19-28°C,50-70%,Low,Keep out of direct harsh sun; increase humidity via misting or a pebble tray. Avoid overhead watering (fungal issues); allow slight drying between waterings.
Begonia,Summer,Karnataka,2 times/week,0.4-1,"Balanced liquid fertilizer, high P for bloom",10g/plant/2 weeks (Full dose - active growth period),Medium,High,Medium,"Iron, Manganese",Partial shade to bright indirect light,17-26°C,55-75%,Low,Keep out of direct harsh sun; increase humidity via misting or a pebble tray. Avoid overhead watering (fungal issues); allow slight drying between waterings.
Begonia,Summer,West Bengal,2 times/week,0.4-1,"Balanced liquid fertilizer, high P for bloom",10g/plant/2 weeks (Full dose - active growth period),Medium,High,Medium,"Iron, Manganese",Partial shade to bright indirect light,18-27°C,60-80%,Low,Keep out of direct harsh sun; increase humidity via misting or a pebble tray. Avoid overhead watering (fungal issues); allow slight drying between waterings.
Begonia,Summer,Tamil Nadu,2 times/week,0.4-1,"Balanced liquid fertilizer, high P for bloom",10g/plant/2 weeks (Full dose - active growth period),Medium,High,Medium,"Iron, Manganese",Partial shade to bright indirect light,18-27°C,55-75%,Low,Keep out of direct harsh sun; increase humidity via misting or a pebble tray. Avoid overhead watering (fungal issues); allow slight drying between waterings.
Begonia,Autumn,Delhi,1-2 times/week,0.3-0.8,"Balanced liquid fertilizer, high P for bloom",10g/plant/2 weeks (Full dose - transitional growing season),Medium,High,Medium,"Iron, Manganese",Partial shade to bright indirect light,21-30°C,40-60%,Low,Reduce feeding as light levels drop; wipe leaves free of dust. Avoid overhead watering (fungal issues); allow slight drying between waterings.
Begonia,Autumn,Maharashtra,1-2 times/week,0.3-0.8,"Balanced liquid fertilizer, high P for bloom",10g/plant/2 weeks (Full dose - transitional growing season),Medium,High,Medium,"Iron, Manganese",Partial shade to bright indirect light,19-28°C,50-70%,Low,Reduce feeding as light levels drop; wipe leaves free of dust. Avoid overhead watering (fungal issues); allow slight drying between waterings.
Begonia,Autumn,Karnataka,1-2 times/week,0.3-0.8,"Balanced liquid fertilizer, high P for bloom",10g/plant/2 weeks (Full dose - transitional growing season),Medium,High,Medium,"Iron, Manganese",Partial shade to bright indirect light,17-26°C,55-75%,Low,Reduce feeding as light levels drop; wipe leaves free of dust. Avoid overhead watering (fungal issues); allow slight drying between waterings.
Begonia,Autumn,West Bengal,1-2 times/week,0.3-0.8,"Balanced liquid fertilizer, high P for bloom",10g/plant/2 weeks (Full dose - transitional growing season),Medium,High,Medium,"Iron, Manganese",Partial shade to bright indirect light,18-27°C,60-80%,Low,Reduce feeding as light levels drop; wipe leaves free of dust. Avoid overhead watering (fungal issues); allow slight drying between waterings.
Begonia,Autumn,Tamil Nadu,1-2 times/week,0.3-0.8,"Balanced liquid fertilizer, high P for bloom",10g/plant/2 weeks (Full dose - transitional growing season),Medium,High,Medium,"Iron, Manganese",Partial shade to bright indirect light,18-27°C,55-75%,Low,Reduce feeding as light levels drop; wipe leaves free of dust. Avoid overhead watering (fungal issues); allow slight drying between waterings.
Begonia,Monsoon,Delhi,"1 time/week (reduce, ambient humidity high)",0.2-0.5,"Balanced liquid fertilizer, high P for bloom",5g/plant/2 weeks (Half dose or skip - avoid fertilizing before/during heavy rain (nutrient leaching)),Medium,High,Medium,"Iron, Manganese",Partial shade to bright indirect light,21-30°C,40-60%,Low,Ensure good ventilation and drainage indoors to prevent fungal issues from high humidity. Avoid overhead watering (fungal issues); allow slight drying between waterings.
Begonia,Monsoon,Maharashtra,"1 time/week (reduce, ambient humidity high)",0.2-0.5,"Balanced liquid fertilizer, high P for bloom",5g/plant/2 weeks (Half dose or skip - avoid fertilizing before/during heavy rain (nutrient leaching)),Medium,High,Medium,"Iron, Manganese",Partial shade to bright indirect light,19-28°C,50-70%,Low,Ensure good ventilation and drainage indoors to prevent fungal issues from high humidity. Avoid overhead watering (fungal issues); allow slight drying between waterings.
Begonia,Monsoon,Karnataka,"1 time/week (reduce, ambient humidity high)",0.2-0.5,"Balanced liquid fertilizer, high P for bloom",5g/plant/2 weeks (Half dose or skip - avoid fertilizing before/during heavy rain (nutrient leaching)),Medium,High,Medium,"Iron, Manganese",Partial shade to bright indirect light,17-26°C,55-75%,Low,Ensure good ventilation and drainage indoors to prevent fungal issues from high humidity. Avoid overhead watering (fungal issues); allow slight drying between waterings.
Begonia,Monsoon,West Bengal,"1 time/week (reduce, ambient humidity high)",0.2-0.5,"Balanced liquid fertilizer, high P for bloom",5g/plant/2 weeks (Half dose or skip - avoid fertilizing before/during heavy rain (nutrient leaching)),Medium,High,Medium,"Iron, Manganese",Partial shade to bright indirect light,18-27°C,60-80%,Low,Ensure good ventilation and drainage indoors to prevent fungal issues from high humidity. Avoid overhead watering (fungal issues); allow slight drying between waterings.
Begonia,Monsoon,Tamil Nadu,"1 time/week (reduce, ambient humidity high)",0.2-0.5,"Balanced liquid fertilizer, high P for bloom",5g/plant/2 weeks (Half dose or skip - avoid fertilizing before/during heavy rain (nutrient leaching)),Medium,High,Medium,"Iron, Manganese",Partial shade to bright indirect light,18-27°C,55-75%,Low,Ensure good ventilation and drainage indoors to prevent fungal issues from high humidity. Avoid overhead watering (fungal issues); allow slight drying between waterings.
Begonia,Winter,Delhi,1 time/week,0.2-0.5,"Balanced liquid fertilizer, high P for bloom",5g/plant/2 weeks (Half dose - reduced growth/dormancy),Medium,High,Medium,"Iron, Manganese",Partial shade to bright indirect light,21-30°C,40-60%,Low,Keep away from cold drafts and heaters; reduce watering as growth slows. Avoid overhead watering (fungal issues); allow slight drying between waterings.
Begonia,Winter,Maharashtra,1 time/week,0.2-0.5,"Balanced liquid fertilizer, high P for bloom",5g/plant/2 weeks (Half dose - reduced growth/dormancy),Medium,High,Medium,"Iron, Manganese",Partial shade to bright indirect light,19-28°C,50-70%,Low,Keep away from cold drafts and heaters; reduce watering as growth slows. Avoid overhead watering (fungal issues); allow slight drying between waterings.
Begonia,Winter,Karnataka,1 time/week,0.2-0.5,"Balanced liquid fertilizer, high P for bloom",5g/plant/2 weeks (Half dose - reduced growth/dormancy),Medium,High,Medium,"Iron, Manganese",Partial shade to bright indirect light,17-26°C,55-75%,Low,Keep away from cold drafts and heaters; reduce watering as growth slows. Avoid overhead watering (fungal issues); allow slight drying between waterings.
Begonia,Winter,West Bengal,1 time/week,0.2-0.5,"Balanced liquid fertilizer, high P for bloom",5g/plant/2 weeks (Half dose - reduced growth/dormancy),Medium,High,Medium,"Iron, Manganese",Partial shade to bright indirect light,18-27°C,60-80%,Low,Keep away from cold drafts and heaters; reduce watering as growth slows. Avoid overhead watering (fungal issues); allow slight drying between waterings.
Begonia,Winter,Tamil Nadu,1 time/week,0.2-0.5,"Balanced liquid fertilizer, high P for bloom",5g/plant/2 weeks (Half dose - reduced growth/dormancy),Medium,High,Medium,"Iron, Manganese",Partial shade to bright indirect light,18-27°C,55-75%,Low,Keep away from cold drafts and heaters; reduce watering as growth slows. Avoid overhead watering (fungal issues); allow slight drying between waterings.
Begonia,Windy,Delhi,2 times/week (keep away from drafts),0.4-1,"Balanced liquid fertilizer, high P for bloom",10g/plant/2 weeks (Full dose - same as normal growing schedule),Medium,High,Medium,"Iron, Manganese",Partial shade to bright indirect light,21-30°C,40-60%,Low,Indoor plant - shield from drafts near open windows/AC vents rather than outdoor wind. Avoid overhead watering (fungal issues); allow slight drying between waterings.
Begonia,Windy,Maharashtra,2 times/week (keep away from drafts),0.4-1,"Balanced liquid fertilizer, high P for bloom",10g/plant/2 weeks (Full dose - same as normal growing schedule),Medium,High,Medium,"Iron, Manganese",Partial shade to bright indirect light,19-28°C,50-70%,Low,Indoor plant - shield from drafts near open windows/AC vents rather than outdoor wind. Avoid overhead watering (fungal issues); allow slight drying between waterings.
Begonia,Windy,Karnataka,2 times/week (keep away from drafts),0.4-1,"Balanced liquid fertilizer, high P for bloom",10g/plant/2 weeks (Full dose - same as normal growing schedule),Medium,High,Medium,"Iron, Manganese",Partial shade to bright indirect light,17-26°C,55-75%,Low,Indoor plant - shield from drafts near open windows/AC vents rather than outdoor wind. Avoid overhead watering (fungal issues); allow slight drying between waterings.
Begonia,Windy,West Bengal,2 times/week (keep away from drafts),0.4-1,"Balanced liquid fertilizer, high P for bloom",10g/plant/2 weeks (Full dose - same as normal growing schedule),Medium,High,Medium,"Iron, Manganese",Partial shade to bright indirect light,18-27°C,60-80%,Low,Indoor plant - shield from drafts near open windows/AC vents rather than outdoor wind. Avoid overhead watering (fungal issues); allow slight drying between waterings.
Begonia,Windy,Tamil Nadu,2 times/week (keep away from drafts),0.4-1,"Balanced liquid fertilizer, high P for bloom",10g/plant/2 weeks (Full dose - same as normal growing schedule),Medium,High,Medium,"Iron, Manganese",Partial shade to bright indirect light,18-27°C,55-75%,Low,Indoor plant - shield from drafts near open windows/AC vents rather than outdoor wind. Avoid overhead watering (fungal issues); allow slight drying between waterings.
Blushing Bells (Impatiens),Summer,Kerala,2-3 times/week,01-Mar,NPK 15-30-15 (bloom booster),10g/plant/2 weeks (Full dose - active growth period),Medium,High,Medium,Boron,Partial shade,17-26°C,65-85%,Low,Deadhead spent blooms to encourage continuous flowering; water in early morning. Keep soil consistently moist; deadhead for continuous blooming; shade lover.
Blushing Bells (Impatiens),Summer,Karnataka,2-3 times/week,01-Mar,NPK 15-30-15 (bloom booster),10g/plant/2 weeks (Full dose - active growth period),Medium,High,Medium,Boron,Partial shade,17-26°C,55-75%,Low,Deadhead spent blooms to encourage continuous flowering; water in early morning. Keep soil consistently moist; deadhead for continuous blooming; shade lover.
Blushing Bells (Impatiens),Summer,Tamil Nadu,2-3 times/week,01-Mar,NPK 15-30-15 (bloom booster),10g/plant/2 weeks (Full dose - active growth period),Medium,High,Medium,Boron,Partial shade,18-27°C,55-75%,Low,Deadhead spent blooms to encourage continuous flowering; water in early morning. Keep soil consistently moist; deadhead for continuous blooming; shade lover.
Blushing Bells (Impatiens),Summer,West Bengal,2-3 times/week,01-Mar,NPK 15-30-15 (bloom booster),10g/plant/2 weeks (Full dose - active growth period),Medium,High,Medium,Boron,Partial shade,18-27°C,60-80%,Low,Deadhead spent blooms to encourage continuous flowering; water in early morning. Keep soil consistently moist; deadhead for continuous blooming; shade lover.
Blushing Bells (Impatiens),Summer,Himachal Pradesh,2-3 times/week,01-Mar,NPK 15-30-15 (bloom booster),10g/plant/2 weeks (Full dose - active growth period),Medium,High,Medium,Boron,Partial shade,12-21°C,50-70%,Low,Deadhead spent blooms to encourage continuous flowering; water in early morning. Keep soil consistently moist; deadhead for continuous blooming; shade lover.
Blushing Bells (Impatiens),Autumn,Kerala,2 times/week,01-Feb,NPK 15-30-15 (bloom booster),10g/plant/2 weeks (Full dose - transitional growing season),Medium,High,Medium,Boron,Partial shade,17-26°C,65-85%,Low,Good blooming/growing season for many varieties; maintain regular watering. Keep soil consistently moist; deadhead for continuous blooming; shade lover.
Blushing Bells (Impatiens),Autumn,Karnataka,2 times/week,01-Feb,NPK 15-30-15 (bloom booster),10g/plant/2 weeks (Full dose - transitional growing season),Medium,High,Medium,Boron,Partial shade,17-26°C,55-75%,Low,Good blooming/growing season for many varieties; maintain regular watering. Keep soil consistently moist; deadhead for continuous blooming; shade lover.
Blushing Bells (Impatiens),Autumn,Tamil Nadu,2 times/week,01-Feb,NPK 15-30-15 (bloom booster),10g/plant/2 weeks (Full dose - transitional growing season),Medium,High,Medium,Boron,Partial shade,18-27°C,55-75%,Low,Good blooming/growing season for many varieties; maintain regular watering. Keep soil consistently moist; deadhead for continuous blooming; shade lover.
Blushing Bells (Impatiens),Autumn,West Bengal,2 times/week,01-Feb,NPK 15-30-15 (bloom booster),10g/plant/2 weeks (Full dose - transitional growing season),Medium,High,Medium,Boron,Partial shade,18-27°C,60-80%,Low,Good blooming/growing season for many varieties; maintain regular watering. Keep soil consistently moist; deadhead for continuous blooming; shade lover.
Blushing Bells (Impatiens),Autumn,Himachal Pradesh,2 times/week,01-Feb,NPK 15-30-15 (bloom booster),10g/plant/2 weeks (Full dose - transitional growing season),Medium,High,Medium,Boron,Partial shade,12-21°C,50-70%,Low,Good blooming/growing season for many varieties; maintain regular watering. Keep soil consistently moist; deadhead for continuous blooming; shade lover.
Blushing Bells (Impatiens),Monsoon,Kerala,"Reduce - rely on rainfall, ensure drainage",0.5-1,NPK 15-30-15 (bloom booster),5g/plant/2 weeks (Half dose or skip - avoid fertilizing before/during heavy rain (nutrient leaching)),Medium,High,Medium,Boron,Partial shade,17-26°C,65-85%,Low,Ensure excess water drains away; watch for fungal disease on flowers/foliage. Keep soil consistently moist; deadhead for continuous blooming; shade lover.
Blushing Bells (Impatiens),Monsoon,Karnataka,"Reduce - rely on rainfall, ensure drainage",0.5-1,NPK 15-30-15 (bloom booster),5g/plant/2 weeks (Half dose or skip - avoid fertilizing before/during heavy rain (nutrient leaching)),Medium,High,Medium,Boron,Partial shade,17-26°C,55-75%,Low,Ensure excess water drains away; watch for fungal disease on flowers/foliage. Keep soil consistently moist; deadhead for continuous blooming; shade lover.
Blushing Bells (Impatiens),Monsoon,Tamil Nadu,"Reduce - rely on rainfall, ensure drainage",0.5-1,NPK 15-30-15 (bloom booster),5g/plant/2 weeks (Half dose or skip - avoid fertilizing before/during heavy rain (nutrient leaching)),Medium,High,Medium,Boron,Partial shade,18-27°C,55-75%,Low,Ensure excess water drains away; watch for fungal disease on flowers/foliage. Keep soil consistently moist; deadhead for continuous blooming; shade lover.
Blushing Bells (Impatiens),Monsoon,West Bengal,"Reduce - rely on rainfall, ensure drainage",0.5-1,NPK 15-30-15 (bloom booster),5g/plant/2 weeks (Half dose or skip - avoid fertilizing before/during heavy rain (nutrient leaching)),Medium,High,Medium,Boron,Partial shade,18-27°C,60-80%,Low,Ensure excess water drains away; watch for fungal disease on flowers/foliage. Keep soil consistently moist; deadhead for continuous blooming; shade lover.
Blushing Bells (Impatiens),Monsoon,Himachal Pradesh,"Reduce - rely on rainfall, ensure drainage",0.5-1,NPK 15-30-15 (bloom booster),5g/plant/2 weeks (Half dose or skip - avoid fertilizing before/during heavy rain (nutrient leaching)),Medium,High,Medium,Boron,Partial shade,12-21°C,50-70%,Low,Ensure excess water drains away; watch for fungal disease on flowers/foliage. Keep soil consistently moist; deadhead for continuous blooming; shade lover.
Blushing Bells (Impatiens),Winter,Kerala,1-2 times/week,0.5-1.5,NPK 15-30-15 (bloom booster),5g/plant/2 weeks (Half dose - reduced growth/dormancy),Medium,High,Medium,Boron,Partial shade,17-26°C,65-85%,Low,Reduce watering for dormant types; cold-hardy bloomers continue flowering with regular care. Keep soil consistently moist; deadhead for continuous blooming; shade lover.
Blushing Bells (Impatiens),Winter,Karnataka,1-2 times/week,0.5-1.5,NPK 15-30-15 (bloom booster),5g/plant/2 weeks (Half dose - reduced growth/dormancy),Medium,High,Medium,Boron,Partial shade,17-26°C,55-75%,Low,Reduce watering for dormant types; cold-hardy bloomers continue flowering with regular care. Keep soil consistently moist; deadhead for continuous blooming; shade lover.
Blushing Bells (Impatiens),Winter,Tamil Nadu,1-2 times/week,0.5-1.5,NPK 15-30-15 (bloom booster),5g/plant/2 weeks (Half dose - reduced growth/dormancy),Medium,High,Medium,Boron,Partial shade,18-27°C,55-75%,Low,Reduce watering for dormant types; cold-hardy bloomers continue flowering with regular care. Keep soil consistently moist; deadhead for continuous blooming; shade lover.
Blushing Bells (Impatiens),Winter,West Bengal,1-2 times/week,0.5-1.5,NPK 15-30-15 (bloom booster),5g/plant/2 weeks (Half dose - reduced growth/dormancy),Medium,High,Medium,Boron,Partial shade,18-27°C,60-80%,Low,Reduce watering for dormant types; cold-hardy bloomers continue flowering with regular care. Keep soil consistently moist; deadhead for continuous blooming; shade lover.
Blushing Bells (Impatiens),Winter,Himachal Pradesh,1-2 times/week,0.5-1.5,NPK 15-30-15 (bloom booster),5g/plant/2 weeks (Half dose - reduced growth/dormancy),Medium,High,Medium,Boron,Partial shade,12-21°C,50-70%,Low,Reduce watering for dormant types; cold-hardy bloomers continue flowering with regular care. Keep soil consistently moist; deadhead for continuous blooming; shade lover.
Blushing Bells (Impatiens),Windy,Kerala,3 times/week,1.5-3,NPK 15-30-15 (bloom booster),10g/plant/2 weeks (Full dose - same as normal growing schedule),Medium,High,Medium,Boron,Partial shade,17-26°C,65-85%,Low,Stake tall stems and place in a sheltered spot to prevent stem breakage and bloom damage. Keep soil consistently moist; deadhead for continuous blooming; shade lover.
Blushing Bells (Impatiens),Windy,Karnataka,3 times/week,1.5-3,NPK 15-30-15 (bloom booster),10g/plant/2 weeks (Full dose - same as normal growing schedule),Medium,High,Medium,Boron,Partial shade,17-26°C,55-75%,Low,Stake tall stems and place in a sheltered spot to prevent stem breakage and bloom damage. Keep soil consistently moist; deadhead for continuous blooming; shade lover.
Blushing Bells (Impatiens),Windy,Tamil Nadu,3 times/week,1.5-3,NPK 15-30-15 (bloom booster),10g/plant/2 weeks (Full dose - same as normal growing schedule),Medium,High,Medium,Boron,Partial shade,18-27°C,55-75%,Low,Stake tall stems and place in a sheltered spot to prevent stem breakage and bloom damage. Keep soil consistently moist; deadhead for continuous blooming; shade lover.
Blushing Bells (Impatiens),Windy,West Bengal,3 times/week,1.5-3,NPK 15-30-15 (bloom booster),10g/plant/2 weeks (Full dose - same as normal growing schedule),Medium,High,Medium,Boron,Partial shade,18-27°C,60-80%,Low,Stake tall stems and place in a sheltered spot to prevent stem breakage and bloom damage. Keep soil consistently moist; deadhead for continuous blooming; shade lover.
Blushing Bells (Impatiens),Windy,Himachal Pradesh,3 times/week,1.5-3,NPK 15-30-15 (bloom booster),10g/plant/2 weeks (Full dose - same as normal growing schedule),Medium,High,Medium,Boron,Partial shade,12-21°C,50-70%,Low,Stake tall stems and place in a sheltered spot to prevent stem breakage and bloom damage. Keep soil consistently moist; deadhead for continuous blooming; shade lover.
Insulin Plant,Summer,Kerala,Daily/alternate days,0.5-1,Organic compost/NPK 10-10-10,10g/plant/month (Full dose - active growth period),Medium,Low,Medium,Iron,Full sun to partial shade,19-31°C,65-85%,Low,Harvest regularly to encourage bushy growth; provide light afternoon shade in extreme heat. Medicinal plant (Costus igneus); keep soil moist; propagate easily via stem cuttings.
Insulin Plant,Summer,Tamil Nadu,Daily/alternate days,0.5-1,Organic compost/NPK 10-10-10,10g/plant/month (Full dose - active growth period),Medium,Low,Medium,Iron,Full sun to partial shade,20-32°C,55-75%,Low,Harvest regularly to encourage bushy growth; provide light afternoon shade in extreme heat. Medicinal plant (Costus igneus); keep soil moist; propagate easily via stem cuttings.
Insulin Plant,Summer,Karnataka,Daily/alternate days,0.5-1,Organic compost/NPK 10-10-10,10g/plant/month (Full dose - active growth period),Medium,Low,Medium,Iron,Full sun to partial shade,19-31°C,55-75%,Low,Harvest regularly to encourage bushy growth; provide light afternoon shade in extreme heat. Medicinal plant (Costus igneus); keep soil moist; propagate easily via stem cuttings.
Insulin Plant,Summer,Andhra Pradesh,Daily/alternate days,0.5-1,Organic compost/NPK 10-10-10,10g/plant/month (Full dose - active growth period),Medium,Low,Medium,Iron,Full sun to partial shade,21-33°C,55-75%,Low,Harvest regularly to encourage bushy growth; provide light afternoon shade in extreme heat. Medicinal plant (Costus igneus); keep soil moist; propagate easily via stem cuttings.
Insulin Plant,Summer,Maharashtra,Daily/alternate days,0.5-1,Organic compost/NPK 10-10-10,10g/plant/month (Full dose - active growth period),Medium,Low,Medium,Iron,Full sun to partial shade,21-33°C,50-70%,Low,Harvest regularly to encourage bushy growth; provide light afternoon shade in extreme heat. Medicinal plant (Costus igneus); keep soil moist; propagate easily via stem cuttings.
Insulin Plant,Autumn,Kerala,2-3 times/week,0.4-0.7,Organic compost/NPK 10-10-10,10g/plant/month (Full dose - transitional growing season),Medium,Low,Medium,Iron,Full sun to partial shade,19-31°C,65-85%,Low,Continue regular harvesting; growth remains active in mild temperatures. Medicinal plant (Costus igneus); keep soil moist; propagate easily via stem cuttings.
Insulin Plant,Autumn,Tamil Nadu,2-3 times/week,0.4-0.7,Organic compost/NPK 10-10-10,10g/plant/month (Full dose - transitional growing season),Medium,Low,Medium,Iron,Full sun to partial shade,20-32°C,55-75%,Low,Continue regular harvesting; growth remains active in mild temperatures. Medicinal plant (Costus igneus); keep soil moist; propagate easily via stem cuttings.
Insulin Plant,Autumn,Karnataka,2-3 times/week,0.4-0.7,Organic compost/NPK 10-10-10,10g/plant/month (Full dose - transitional growing season),Medium,Low,Medium,Iron,Full sun to partial shade,19-31°C,55-75%,Low,Continue regular harvesting; growth remains active in mild temperatures. Medicinal plant (Costus igneus); keep soil moist; propagate easily via stem cuttings.
Insulin Plant,Autumn,Andhra Pradesh,2-3 times/week,0.4-0.7,Organic compost/NPK 10-10-10,10g/plant/month (Full dose - transitional growing season),Medium,Low,Medium,Iron,Full sun to partial shade,21-33°C,55-75%,Low,Continue regular harvesting; growth remains active in mild temperatures. Medicinal plant (Costus igneus); keep soil moist; propagate easily via stem cuttings.
Insulin Plant,Autumn,Maharashtra,2-3 times/week,0.4-0.7,Organic compost/NPK 10-10-10,10g/plant/month (Full dose - transitional growing season),Medium,Low,Medium,Iron,Full sun to partial shade,21-33°C,50-70%,Low,Continue regular harvesting; growth remains active in mild temperatures. Medicinal plant (Costus igneus); keep soil moist; propagate easily via stem cuttings.
Insulin Plant,Monsoon,Kerala,As needed - only if no rain,0.2-0.4,Organic compost/NPK 10-10-10,5g/plant/month (Half dose or skip - avoid fertilizing before/during heavy rain (nutrient leaching)),Medium,Low,Medium,Iron,Full sun to partial shade,19-31°C,65-85%,Low,Ensure good drainage to prevent root rot and fungal leaf spots; avoid waterlogged pots. Medicinal plant (Costus igneus); keep soil moist; propagate easily via stem cuttings.
Insulin Plant,Monsoon,Tamil Nadu,As needed - only if no rain,0.2-0.4,Organic compost/NPK 10-10-10,5g/plant/month (Half dose or skip - avoid fertilizing before/during heavy rain (nutrient leaching)),Medium,Low,Medium,Iron,Full sun to partial shade,20-32°C,55-75%,Low,Ensure good drainage to prevent root rot and fungal leaf spots; avoid waterlogged pots. Medicinal plant (Costus igneus); keep soil moist; propagate easily via stem cuttings.
Insulin Plant,Monsoon,Karnataka,As needed - only if no rain,0.2-0.4,Organic compost/NPK 10-10-10,5g/plant/month (Half dose or skip - avoid fertilizing before/during heavy rain (nutrient leaching)),Medium,Low,Medium,Iron,Full sun to partial shade,19-31°C,55-75%,Low,Ensure good drainage to prevent root rot and fungal leaf spots; avoid waterlogged pots. Medicinal plant (Costus igneus); keep soil moist; propagate easily via stem cuttings.
Insulin Plant,Monsoon,Andhra Pradesh,As needed - only if no rain,0.2-0.4,Organic compost/NPK 10-10-10,5g/plant/month (Half dose or skip - avoid fertilizing before/during heavy rain (nutrient leaching)),Medium,Low,Medium,Iron,Full sun to partial shade,21-33°C,55-75%,Low,Ensure good drainage to prevent root rot and fungal leaf spots; avoid waterlogged pots. Medicinal plant (Costus igneus); keep soil moist; propagate easily via stem cuttings.
Insulin Plant,Monsoon,Maharashtra,As needed - only if no rain,0.2-0.4,Organic compost/NPK 10-10-10,5g/plant/month (Half dose or skip - avoid fertilizing before/during heavy rain (nutrient leaching)),Medium,Low,Medium,Iron,Full sun to partial shade,21-33°C,50-70%,Low,Ensure good drainage to prevent root rot and fungal leaf spots; avoid waterlogged pots. Medicinal plant (Costus igneus); keep soil moist; propagate easily via stem cuttings.
Insulin Plant,Winter,Kerala,2 times/week,0.3-0.5,Organic compost/NPK 10-10-10,5g/plant/month (Half dose - reduced growth/dormancy),Medium,Low,Medium,Iron,Full sun to partial shade,19-31°C,65-85%,Low,Protect from frost/cold drafts; move containers indoors or to a sheltered spot if needed. Medicinal plant (Costus igneus); keep soil moist; propagate easily via stem cuttings.
Insulin Plant,Winter,Tamil Nadu,2 times/week,0.3-0.5,Organic compost/NPK 10-10-10,5g/plant/month (Half dose - reduced growth/dormancy),Medium,Low,Medium,Iron,Full sun to partial shade,20-32°C,55-75%,Low,Protect from frost/cold drafts; move containers indoors or to a sheltered spot if needed. Medicinal plant (Costus igneus); keep soil moist; propagate easily via stem cuttings.
Insulin Plant,Winter,Karnataka,2 times/week,0.3-0.5,Organic compost/NPK 10-10-10,5g/plant/month (Half dose - reduced growth/dormancy),Medium,Low,Medium,Iron,Full sun to partial shade,19-31°C,55-75%,Low,Protect from frost/cold drafts; move containers indoors or to a sheltered spot if needed. Medicinal plant (Costus igneus); keep soil moist; propagate easily via stem cuttings.
Insulin Plant,Winter,Andhra Pradesh,2 times/week,0.3-0.5,Organic compost/NPK 10-10-10,5g/plant/month (Half dose - reduced growth/dormancy),Medium,Low,Medium,Iron,Full sun to partial shade,21-33°C,55-75%,Low,Protect from frost/cold drafts; move containers indoors or to a sheltered spot if needed. Medicinal plant (Costus igneus); keep soil moist; propagate easily via stem cuttings.
Insulin Plant,Winter,Maharashtra,2 times/week,0.3-0.5,Organic compost/NPK 10-10-10,5g/plant/month (Half dose - reduced growth/dormancy),Medium,Low,Medium,Iron,Full sun to partial shade,21-33°C,50-70%,Low,Protect from frost/cold drafts; move containers indoors or to a sheltered spot if needed. Medicinal plant (Costus igneus); keep soil moist; propagate easily via stem cuttings.
Insulin Plant,Windy,Kerala,Daily/alternate days,0.6-1,Organic compost/NPK 10-10-10,10g/plant/month (Full dose - same as normal growing schedule),Medium,Low,Medium,Iron,Full sun to partial shade,19-31°C,65-85%,Low,Stake or shelter tender stems; increase watering slightly as wind dries soil faster. Medicinal plant (Costus igneus); keep soil moist; propagate easily via stem cuttings.
Insulin Plant,Windy,Tamil Nadu,Daily/alternate days,0.6-1,Organic compost/NPK 10-10-10,10g/plant/month (Full dose - same as normal growing schedule),Medium,Low,Medium,Iron,Full sun to partial shade,20-32°C,55-75%,Low,Stake or shelter tender stems; increase watering slightly as wind dries soil faster. Medicinal plant (Costus igneus); keep soil moist; propagate easily via stem cuttings.
Insulin Plant,Windy,Karnataka,Daily/alternate days,0.6-1,Organic compost/NPK 10-10-10,10g/plant/month (Full dose - same as normal growing schedule),Medium,Low,Medium,Iron,Full sun to partial shade,19-31°C,55-75%,Low,Stake or shelter tender stems; increase watering slightly as wind dries soil faster. Medicinal plant (Costus igneus); keep soil moist; propagate easily via stem cuttings.
Insulin Plant,Windy,Andhra Pradesh,Daily/alternate days,0.6-1,Organic compost/NPK 10-10-10,10g/plant/month (Full dose - same as normal growing schedule),Medium,Low,Medium,Iron,Full sun to partial shade,21-33°C,55-75%,Low,Stake or shelter tender stems; increase watering slightly as wind dries soil faster. Medicinal plant (Costus igneus); keep soil moist; propagate easily via stem cuttings.
Insulin Plant,Windy,Maharashtra,Daily/alternate days,0.6-1,Organic compost/NPK 10-10-10,10g/plant/month (Full dose - same as normal growing schedule),Medium,Low,Medium,Iron,Full sun to partial shade,21-33°C,50-70%,Low,Stake or shelter tender stems; increase watering slightly as wind dries soil faster. Medicinal plant (Costus igneus); keep soil moist; propagate easily via stem cuttings.
Oregano,Summer,Himachal Pradesh,Daily/alternate days,0.5-1,Balanced organic fertilizer (light feeder),5g/plant/2 months (Full dose - active growth period),Low,Low,Low,Iron,Full sun,9-24°C,30-50%,Medium,Harvest regularly to encourage bushy growth; provide light afternoon shade in extreme heat. Drought tolerant once established; harvest regularly to prevent legginess.
Oregano,Summer,Karnataka,Daily/alternate days,0.5-1,Balanced organic fertilizer (light feeder),5g/plant/2 months (Full dose - active growth period),Low,Low,Low,Iron,Full sun,14-29°C,35-55%,Medium,Harvest regularly to encourage bushy growth; provide light afternoon shade in extreme heat. Drought tolerant once established; harvest regularly to prevent legginess.
Oregano,Summer,Tamil Nadu,Daily/alternate days,0.5-1,Balanced organic fertilizer (light feeder),5g/plant/2 months (Full dose - active growth period),Low,Low,Low,Iron,Full sun,15-30°C,35-55%,Medium,Harvest regularly to encourage bushy growth; provide light afternoon shade in extreme heat. Drought tolerant once established; harvest regularly to prevent legginess.
Oregano,Summer,Maharashtra,Daily/alternate days,0.5-1,Balanced organic fertilizer (light feeder),5g/plant/2 months (Full dose - active growth period),Low,Low,Low,Iron,Full sun,16-31°C,30-50%,Medium,Harvest regularly to encourage bushy growth; provide light afternoon shade in extreme heat. Drought tolerant once established; harvest regularly to prevent legginess.
Oregano,Summer,Uttarakhand,Daily/alternate days,0.5-1,Balanced organic fertilizer (light feeder),5g/plant/2 months (Full dose - active growth period),Low,Low,Low,Iron,Full sun,10-25°C,30-50%,Medium,Harvest regularly to encourage bushy growth; provide light afternoon shade in extreme heat. Drought tolerant once established; harvest regularly to prevent legginess.
Oregano,Autumn,Himachal Pradesh,2-3 times/week,0.4-0.7,Balanced organic fertilizer (light feeder),5g/plant/2 months (Full dose - transitional growing season),Low,Low,Low,Iron,Full sun,9-24°C,30-50%,Medium,Continue regular harvesting; growth remains active in mild temperatures. Drought tolerant once established; harvest regularly to prevent legginess.
Oregano,Autumn,Karnataka,2-3 times/week,0.4-0.7,Balanced organic fertilizer (light feeder),5g/plant/2 months (Full dose - transitional growing season),Low,Low,Low,Iron,Full sun,14-29°C,35-55%,Medium,Continue regular harvesting; growth remains active in mild temperatures. Drought tolerant once established; harvest regularly to prevent legginess.
Oregano,Autumn,Tamil Nadu,2-3 times/week,0.4-0.7,Balanced organic fertilizer (light feeder),5g/plant/2 months (Full dose - transitional growing season),Low,Low,Low,Iron,Full sun,15-30°C,35-55%,Medium,Continue regular harvesting; growth remains active in mild temperatures. Drought tolerant once established; harvest regularly to prevent legginess.
Oregano,Autumn,Maharashtra,2-3 times/week,0.4-0.7,Balanced organic fertilizer (light feeder),5g/plant/2 months (Full dose - transitional growing season),Low,Low,Low,Iron,Full sun,16-31°C,30-50%,Medium,Continue regular harvesting; growth remains active in mild temperatures. Drought tolerant once established; harvest regularly to prevent legginess.
Oregano,Autumn,Uttarakhand,2-3 times/week,0.4-0.7,Balanced organic fertilizer (light feeder),5g/plant/2 months (Full dose - transitional growing season),Low,Low,Low,Iron,Full sun,10-25°C,30-50%,Medium,Continue regular harvesting; growth remains active in mild temperatures. Drought tolerant once established; harvest regularly to prevent legginess.
Oregano,Monsoon,Himachal Pradesh,As needed - only if no rain,0.2-0.4,Balanced organic fertilizer (light feeder),2.5g/plant/2 months (Half dose or skip - avoid fertilizing before/during heavy rain (nutrient leaching)),Low,Low,Low,Iron,Full sun,9-24°C,30-50%,Medium,Ensure good drainage to prevent root rot and fungal leaf spots; avoid waterlogged pots. Drought tolerant once established; harvest regularly to prevent legginess.
Oregano,Monsoon,Karnataka,As needed - only if no rain,0.2-0.4,Balanced organic fertilizer (light feeder),2.5g/plant/2 months (Half dose or skip - avoid fertilizing before/during heavy rain (nutrient leaching)),Low,Low,Low,Iron,Full sun,14-29°C,35-55%,Medium,Ensure good drainage to prevent root rot and fungal leaf spots; avoid waterlogged pots. Drought tolerant once established; harvest regularly to prevent legginess.
Oregano,Monsoon,Tamil Nadu,As needed - only if no rain,0.2-0.4,Balanced organic fertilizer (light feeder),2.5g/plant/2 months (Half dose or skip - avoid fertilizing before/during heavy rain (nutrient leaching)),Low,Low,Low,Iron,Full sun,15-30°C,35-55%,Medium,Ensure good drainage to prevent root rot and fungal leaf spots; avoid waterlogged pots. Drought tolerant once established; harvest regularly to prevent legginess.
Oregano,Monsoon,Maharashtra,As needed - only if no rain,0.2-0.4,Balanced organic fertilizer (light feeder),2.5g/plant/2 months (Half dose or skip - avoid fertilizing before/during heavy rain (nutrient leaching)),Low,Low,Low,Iron,Full sun,16-31°C,30-50%,Medium,Ensure good drainage to prevent root rot and fungal leaf spots; avoid waterlogged pots. Drought tolerant once established; harvest regularly to prevent legginess.
Oregano,Monsoon,Uttarakhand,As needed - only if no rain,0.2-0.4,Balanced organic fertilizer (light feeder),2.5g/plant/2 months (Half dose or skip - avoid fertilizing before/during heavy rain (nutrient leaching)),Low,Low,Low,Iron,Full sun,10-25°C,30-50%,Medium,Ensure good drainage to prevent root rot and fungal leaf spots; avoid waterlogged pots. Drought tolerant once established; harvest regularly to prevent legginess.
Oregano,Winter,Himachal Pradesh,2 times/week,0.3-0.5,Balanced organic fertilizer (light feeder),2.5g/plant/2 months (Half dose - reduced growth/dormancy),Low,Low,Low,Iron,Full sun,9-24°C,30-50%,Medium,Protect from frost/cold drafts; move containers indoors or to a sheltered spot if needed. Drought tolerant once established; harvest regularly to prevent legginess.
Oregano,Winter,Karnataka,2 times/week,0.3-0.5,Balanced organic fertilizer (light feeder),2.5g/plant/2 months (Half dose - reduced growth/dormancy),Low,Low,Low,Iron,Full sun,14-29°C,35-55%,Medium,Protect from frost/cold drafts; move containers indoors or to a sheltered spot if needed. Drought tolerant once established; harvest regularly to prevent legginess.
Oregano,Winter,Tamil Nadu,2 times/week,0.3-0.5,Balanced organic fertilizer (light feeder),2.5g/plant/2 months (Half dose - reduced growth/dormancy),Low,Low,Low,Iron,Full sun,15-30°C,35-55%,Medium,Protect from frost/cold drafts; move containers indoors or to a sheltered spot if needed. Drought tolerant once established; harvest regularly to prevent legginess.
Oregano,Winter,Maharashtra,2 times/week,0.3-0.5,Balanced organic fertilizer (light feeder),2.5g/plant/2 months (Half dose - reduced growth/dormancy),Low,Low,Low,Iron,Full sun,16-31°C,30-50%,Medium,Protect from frost/cold drafts; move containers indoors or to a sheltered spot if needed. Drought tolerant once established; harvest regularly to prevent legginess.
Oregano,Winter,Uttarakhand,2 times/week,0.3-0.5,Balanced organic fertilizer (light feeder),2.5g/plant/2 months (Half dose - reduced growth/dormancy),Low,Low,Low,Iron,Full sun,10-25°C,30-50%,Medium,Protect from frost/cold drafts; move containers indoors or to a sheltered spot if needed. Drought tolerant once established; harvest regularly to prevent legginess.
Oregano,Windy,Himachal Pradesh,Daily/alternate days,0.6-1,Balanced organic fertilizer (light feeder),5g/plant/2 months (Full dose - same as normal growing schedule),Low,Low,Low,Iron,Full sun,9-24°C,30-50%,Medium,Stake or shelter tender stems; increase watering slightly as wind dries soil faster. Drought tolerant once established; harvest regularly to prevent legginess.
Oregano,Windy,Karnataka,Daily/alternate days,0.6-1,Balanced organic fertilizer (light feeder),5g/plant/2 months (Full dose - same as normal growing schedule),Low,Low,Low,Iron,Full sun,14-29°C,35-55%,Medium,Stake or shelter tender stems; increase watering slightly as wind dries soil faster. Drought tolerant once established; harvest regularly to prevent legginess.
Oregano,Windy,Tamil Nadu,Daily/alternate days,0.6-1,Balanced organic fertilizer (light feeder),5g/plant/2 months (Full dose - same as normal growing schedule),Low,Low,Low,Iron,Full sun,15-30°C,35-55%,Medium,Stake or shelter tender stems; increase watering slightly as wind dries soil faster. Drought tolerant once established; harvest regularly to prevent legginess.
Oregano,Windy,Maharashtra,Daily/alternate days,0.6-1,Balanced organic fertilizer (light feeder),5g/plant/2 months (Full dose - same as normal growing schedule),Low,Low,Low,Iron,Full sun,16-31°C,30-50%,Medium,Stake or shelter tender stems; increase watering slightly as wind dries soil faster. Drought tolerant once established; harvest regularly to prevent legginess.
Oregano,Windy,Uttarakhand,Daily/alternate days,0.6-1,Balanced organic fertilizer (light feeder),5g/plant/2 months (Full dose - same as normal growing schedule),Low,Low,Low,Iron,Full sun,10-25°C,30-50%,Medium,Stake or shelter tender stems; increase watering slightly as wind dries soil faster. Drought tolerant once established; harvest regularly to prevent legginess.
Calotropis,Summer,Rajasthan,2-3 times/week,05-Oct,Minimal/organic compost,10g/plant/2 months (Full dose - active growth period),Low,Low,Low,Iron,Full sun,24-44°C,5-25%,High,"Deep, infrequent watering encourages strong root growth; mulch around base. Highly drought tolerant weed-like shrub; toxic sap; needs almost no care."
Calotropis,Summer,Gujarat,2-3 times/week,05-Oct,Minimal/organic compost,10g/plant/2 months (Full dose - active growth period),Low,Low,Low,Iron,Full sun,22-42°C,10-30%,High,"Deep, infrequent watering encourages strong root growth; mulch around base. Highly drought tolerant weed-like shrub; toxic sap; needs almost no care."
Calotropis,Summer,Haryana,2-3 times/week,05-Oct,Minimal/organic compost,10g/plant/2 months (Full dose - active growth period),Low,Low,Low,Iron,Full sun,22-42°C,12-32%,High,"Deep, infrequent watering encourages strong root growth; mulch around base. Highly drought tolerant weed-like shrub; toxic sap; needs almost no care."
Calotropis,Summer,Punjab,2-3 times/week,05-Oct,Minimal/organic compost,10g/plant/2 months (Full dose - active growth period),Low,Low,Low,Iron,Full sun,22-42°C,15-35%,High,"Deep, infrequent watering encourages strong root growth; mulch around base. Highly drought tolerant weed-like shrub; toxic sap; needs almost no care."
Calotropis,Summer,Tamil Nadu,2-3 times/week,05-Oct,Minimal/organic compost,10g/plant/2 months (Full dose - active growth period),Low,Low,Low,Iron,Full sun,20-40°C,25-45%,High,"Deep, infrequent watering encourages strong root growth; mulch around base. Highly drought tolerant weed-like shrub; toxic sap; needs almost no care."
Calotropis,Autumn,Rajasthan,1-2 times/week,03-Jul,Minimal/organic compost,10g/plant/2 months (Full dose - transitional growing season),Low,Low,Low,Iron,Full sun,24-44°C,5-25%,High,Reduce watering gradually as growth slows; good season for planting/transplanting. Highly drought tolerant weed-like shrub; toxic sap; needs almost no care.
Calotropis,Autumn,Gujarat,1-2 times/week,03-Jul,Minimal/organic compost,10g/plant/2 months (Full dose - transitional growing season),Low,Low,Low,Iron,Full sun,22-42°C,10-30%,High,Reduce watering gradually as growth slows; good season for planting/transplanting. Highly drought tolerant weed-like shrub; toxic sap; needs almost no care.
Calotropis,Autumn,Haryana,1-2 times/week,03-Jul,Minimal/organic compost,10g/plant/2 months (Full dose - transitional growing season),Low,Low,Low,Iron,Full sun,22-42°C,12-32%,High,Reduce watering gradually as growth slows; good season for planting/transplanting. Highly drought tolerant weed-like shrub; toxic sap; needs almost no care.
Calotropis,Autumn,Punjab,1-2 times/week,03-Jul,Minimal/organic compost,10g/plant/2 months (Full dose - transitional growing season),Low,Low,Low,Iron,Full sun,22-42°C,15-35%,High,Reduce watering gradually as growth slows; good season for planting/transplanting. Highly drought tolerant weed-like shrub; toxic sap; needs almost no care.
Calotropis,Autumn,Tamil Nadu,1-2 times/week,03-Jul,Minimal/organic compost,10g/plant/2 months (Full dose - transitional growing season),Low,Low,Low,Iron,Full sun,20-40°C,25-45%,High,Reduce watering gradually as growth slows; good season for planting/transplanting. Highly drought tolerant weed-like shrub; toxic sap; needs almost no care.
Calotropis,Monsoon,Rajasthan,Minimal - rainfall usually sufficient,0-2,Minimal/organic compost,5g/plant/2 months (Half dose or skip - avoid fertilizing before/during heavy rain (nutrient leaching)),Low,Low,Low,Iron,Full sun,24-44°C,5-25%,High,Ensure soil drains well to prevent waterlogging around roots; avoid fertilizing. Highly drought tolerant weed-like shrub; toxic sap; needs almost no care.
Calotropis,Monsoon,Gujarat,Minimal - rainfall usually sufficient,0-2,Minimal/organic compost,5g/plant/2 months (Half dose or skip - avoid fertilizing before/during heavy rain (nutrient leaching)),Low,Low,Low,Iron,Full sun,22-42°C,10-30%,High,Ensure soil drains well to prevent waterlogging around roots; avoid fertilizing. Highly drought tolerant weed-like shrub; toxic sap; needs almost no care.
Calotropis,Monsoon,Haryana,Minimal - rainfall usually sufficient,0-2,Minimal/organic compost,5g/plant/2 months (Half dose or skip - avoid fertilizing before/during heavy rain (nutrient leaching)),Low,Low,Low,Iron,Full sun,22-42°C,12-32%,High,Ensure soil drains well to prevent waterlogging around roots; avoid fertilizing. Highly drought tolerant weed-like shrub; toxic sap; needs almost no care.
Calotropis,Monsoon,Punjab,Minimal - rainfall usually sufficient,0-2,Minimal/organic compost,5g/plant/2 months (Half dose or skip - avoid fertilizing before/during heavy rain (nutrient leaching)),Low,Low,Low,Iron,Full sun,22-42°C,15-35%,High,Ensure soil drains well to prevent waterlogging around roots; avoid fertilizing. Highly drought tolerant weed-like shrub; toxic sap; needs almost no care.
Calotropis,Monsoon,Tamil Nadu,Minimal - rainfall usually sufficient,0-2,Minimal/organic compost,5g/plant/2 months (Half dose or skip - avoid fertilizing before/during heavy rain (nutrient leaching)),Low,Low,Low,Iron,Full sun,20-40°C,25-45%,High,Ensure soil drains well to prevent waterlogging around roots; avoid fertilizing. Highly drought tolerant weed-like shrub; toxic sap; needs almost no care.
Calotropis,Winter,Rajasthan,1 time/week,02-May,Minimal/organic compost,5g/plant/2 months (Half dose - reduced growth/dormancy),Low,Low,Low,Iron,Full sun,24-44°C,5-25%,High,Water sparingly; protect young trees from cold with mulch or wrapping if frost-prone. Highly drought tolerant weed-like shrub; toxic sap; needs almost no care.
Calotropis,Winter,Gujarat,1 time/week,02-May,Minimal/organic compost,5g/plant/2 months (Half dose - reduced growth/dormancy),Low,Low,Low,Iron,Full sun,22-42°C,10-30%,High,Water sparingly; protect young trees from cold with mulch or wrapping if frost-prone. Highly drought tolerant weed-like shrub; toxic sap; needs almost no care.
Calotropis,Winter,Haryana,1 time/week,02-May,Minimal/organic compost,5g/plant/2 months (Half dose - reduced growth/dormancy),Low,Low,Low,Iron,Full sun,22-42°C,12-32%,High,Water sparingly; protect young trees from cold with mulch or wrapping if frost-prone. Highly drought tolerant weed-like shrub; toxic sap; needs almost no care.
Calotropis,Winter,Punjab,1 time/week,02-May,Minimal/organic compost,5g/plant/2 months (Half dose - reduced growth/dormancy),Low,Low,Low,Iron,Full sun,22-42°C,15-35%,High,Water sparingly; protect young trees from cold with mulch or wrapping if frost-prone. Highly drought tolerant weed-like shrub; toxic sap; needs almost no care.
Calotropis,Winter,Tamil Nadu,1 time/week,02-May,Minimal/organic compost,5g/plant/2 months (Half dose - reduced growth/dormancy),Low,Low,Low,Iron,Full sun,20-40°C,25-45%,High,Water sparingly; protect young trees from cold with mulch or wrapping if frost-prone. Highly drought tolerant weed-like shrub; toxic sap; needs almost no care.
Calotropis,Windy,Rajasthan,2 times/week,05-Aug,Minimal/organic compost,10g/plant/2 months (Full dose - same as normal growing schedule),Low,Low,Low,Iron,Full sun,24-44°C,5-25%,High,Stake young trees firmly; established trees are generally wind tolerant. Highly drought tolerant weed-like shrub; toxic sap; needs almost no care.
Calotropis,Windy,Gujarat,2 times/week,05-Aug,Minimal/organic compost,10g/plant/2 months (Full dose - same as normal growing schedule),Low,Low,Low,Iron,Full sun,22-42°C,10-30%,High,Stake young trees firmly; established trees are generally wind tolerant. Highly drought tolerant weed-like shrub; toxic sap; needs almost no care.
Calotropis,Windy,Haryana,2 times/week,05-Aug,Minimal/organic compost,10g/plant/2 months (Full dose - same as normal growing schedule),Low,Low,Low,Iron,Full sun,22-42°C,12-32%,High,Stake young trees firmly; established trees are generally wind tolerant. Highly drought tolerant weed-like shrub; toxic sap; needs almost no care.
Calotropis,Windy,Punjab,2 times/week,05-Aug,Minimal/organic compost,10g/plant/2 months (Full dose - same as normal growing schedule),Low,Low,Low,Iron,Full sun,22-42°C,15-35%,High,Stake young trees firmly; established trees are generally wind tolerant. Highly drought tolerant weed-like shrub; toxic sap; needs almost no care.
Calotropis,Windy,Tamil Nadu,2 times/week,05-Aug,Minimal/organic compost,10g/plant/2 months (Full dose - same as normal growing schedule),Low,Low,Low,Iron,Full sun,20-40°C,25-45%,High,Stake young trees firmly; established trees are generally wind tolerant. Highly drought tolerant weed-like shrub; toxic sap; needs almost no care.
Golden Barrel Cactus,Summer,Delhi,1-2 times/week,0.3-0.5,Cactus fertilizer (low N),5g/plant/2 months (Full dose - active growth period),Low,Medium,Medium,Calcium,Full sun,21-38°C,10-30%,High,Provide full sun; water deeply then let soil dry completely before next watering. Extremely drought tolerant; well-draining gritty soil; protect from frost.
Golden Barrel Cactus,Summer,Maharashtra,1-2 times/week,0.3-0.5,Cactus fertilizer (low N),5g/plant/2 months (Full dose - active growth period),Low,Medium,Medium,Calcium,Full sun,19-36°C,20-40%,High,Provide full sun; water deeply then let soil dry completely before next watering. Extremely drought tolerant; well-draining gritty soil; protect from frost.
Golden Barrel Cactus,Summer,Karnataka,1-2 times/week,0.3-0.5,Cactus fertilizer (low N),5g/plant/2 months (Full dose - active growth period),Low,Medium,Medium,Calcium,Full sun,17-34°C,25-45%,High,Provide full sun; water deeply then let soil dry completely before next watering. Extremely drought tolerant; well-draining gritty soil; protect from frost.
Golden Barrel Cactus,Summer,West Bengal,1-2 times/week,0.3-0.5,Cactus fertilizer (low N),5g/plant/2 months (Full dose - active growth period),Low,Medium,Medium,Calcium,Full sun,18-35°C,30-50%,High,Provide full sun; water deeply then let soil dry completely before next watering. Extremely drought tolerant; well-draining gritty soil; protect from frost.
Golden Barrel Cactus,Summer,Tamil Nadu,1-2 times/week,0.3-0.5,Cactus fertilizer (low N),5g/plant/2 months (Full dose - active growth period),Low,Medium,Medium,Calcium,Full sun,18-35°C,25-45%,High,Provide full sun; water deeply then let soil dry completely before next watering. Extremely drought tolerant; well-draining gritty soil; protect from frost.
Golden Barrel Cactus,Autumn,Delhi,1-2 times/month,0.2-0.3,Cactus fertilizer (low N),5g/plant/2 months (Full dose - transitional growing season),Low,Medium,Medium,Calcium,Full sun,21-38°C,10-30%,High,Growth slows; begin tapering off watering frequency as temperatures drop. Extremely drought tolerant; well-draining gritty soil; protect from frost.
Golden Barrel Cactus,Autumn,Maharashtra,1-2 times/month,0.2-0.3,Cactus fertilizer (low N),5g/plant/2 months (Full dose - transitional growing season),Low,Medium,Medium,Calcium,Full sun,19-36°C,20-40%,High,Growth slows; begin tapering off watering frequency as temperatures drop. Extremely drought tolerant; well-draining gritty soil; protect from frost.
Golden Barrel Cactus,Autumn,Karnataka,1-2 times/month,0.2-0.3,Cactus fertilizer (low N),5g/plant/2 months (Full dose - transitional growing season),Low,Medium,Medium,Calcium,Full sun,17-34°C,25-45%,High,Growth slows; begin tapering off watering frequency as temperatures drop. Extremely drought tolerant; well-draining gritty soil; protect from frost.
Golden Barrel Cactus,Autumn,West Bengal,1-2 times/month,0.2-0.3,Cactus fertilizer (low N),5g/plant/2 months (Full dose - transitional growing season),Low,Medium,Medium,Calcium,Full sun,18-35°C,30-50%,High,Growth slows; begin tapering off watering frequency as temperatures drop. Extremely drought tolerant; well-draining gritty soil; protect from frost.
Golden Barrel Cactus,Autumn,Tamil Nadu,1-2 times/month,0.2-0.3,Cactus fertilizer (low N),5g/plant/2 months (Full dose - transitional growing season),Low,Medium,Medium,Calcium,Full sun,18-35°C,25-45%,High,Growth slows; begin tapering off watering frequency as temperatures drop. Extremely drought tolerant; well-draining gritty soil; protect from frost.
Golden Barrel Cactus,Monsoon,Delhi,Rarely - only if no rain for 2+ weeks,0.1-0.2,Cactus fertilizer (low N),2.5g/plant/2 months (Half dose or skip - avoid fertilizing before/during heavy rain (nutrient leaching)),Low,Medium,Medium,Calcium,Full sun,21-38°C,10-30%,High,Move under cover or ensure sharp drainage to prevent root rot from excess rain. Extremely drought tolerant; well-draining gritty soil; protect from frost.
Golden Barrel Cactus,Monsoon,Maharashtra,Rarely - only if no rain for 2+ weeks,0.1-0.2,Cactus fertilizer (low N),2.5g/plant/2 months (Half dose or skip - avoid fertilizing before/during heavy rain (nutrient leaching)),Low,Medium,Medium,Calcium,Full sun,19-36°C,20-40%,High,Move under cover or ensure sharp drainage to prevent root rot from excess rain. Extremely drought tolerant; well-draining gritty soil; protect from frost.
Golden Barrel Cactus,Monsoon,Karnataka,Rarely - only if no rain for 2+ weeks,0.1-0.2,Cactus fertilizer (low N),2.5g/plant/2 months (Half dose or skip - avoid fertilizing before/during heavy rain (nutrient leaching)),Low,Medium,Medium,Calcium,Full sun,17-34°C,25-45%,High,Move under cover or ensure sharp drainage to prevent root rot from excess rain. Extremely drought tolerant; well-draining gritty soil; protect from frost.
Golden Barrel Cactus,Monsoon,West Bengal,Rarely - only if no rain for 2+ weeks,0.1-0.2,Cactus fertilizer (low N),2.5g/plant/2 months (Half dose or skip - avoid fertilizing before/during heavy rain (nutrient leaching)),Low,Medium,Medium,Calcium,Full sun,18-35°C,30-50%,High,Move under cover or ensure sharp drainage to prevent root rot from excess rain. Extremely drought tolerant; well-draining gritty soil; protect from frost.
Golden Barrel Cactus,Monsoon,Tamil Nadu,Rarely - only if no rain for 2+ weeks,0.1-0.2,Cactus fertilizer (low N),2.5g/plant/2 months (Half dose or skip - avoid fertilizing before/during heavy rain (nutrient leaching)),Low,Medium,Medium,Calcium,Full sun,18-35°C,25-45%,High,Move under cover or ensure sharp drainage to prevent root rot from excess rain. Extremely drought tolerant; well-draining gritty soil; protect from frost.
Golden Barrel Cactus,Winter,Delhi,Once a month or less,0.1-0.2,Cactus fertilizer (low N),2.5g/plant/2 months (Half dose - reduced growth/dormancy),Low,Medium,Medium,Calcium,Full sun,21-38°C,10-30%,High,"Keep nearly dry and in a warm, bright spot; avoid cold, wet soil which causes rot. Extremely drought tolerant; well-draining gritty soil; protect from frost."
Golden Barrel Cactus,Winter,Maharashtra,Once a month or less,0.1-0.2,Cactus fertilizer (low N),2.5g/plant/2 months (Half dose - reduced growth/dormancy),Low,Medium,Medium,Calcium,Full sun,19-36°C,20-40%,High,"Keep nearly dry and in a warm, bright spot; avoid cold, wet soil which causes rot. Extremely drought tolerant; well-draining gritty soil; protect from frost."
Golden Barrel Cactus,Winter,Karnataka,Once a month or less,0.1-0.2,Cactus fertilizer (low N),2.5g/plant/2 months (Half dose - reduced growth/dormancy),Low,Medium,Medium,Calcium,Full sun,17-34°C,25-45%,High,"Keep nearly dry and in a warm, bright spot; avoid cold, wet soil which causes rot. Extremely drought tolerant; well-draining gritty soil; protect from frost."
Golden Barrel Cactus,Winter,West Bengal,Once a month or less,0.1-0.2,Cactus fertilizer (low N),2.5g/plant/2 months (Half dose - reduced growth/dormancy),Low,Medium,Medium,Calcium,Full sun,18-35°C,30-50%,High,"Keep nearly dry and in a warm, bright spot; avoid cold, wet soil which causes rot. Extremely drought tolerant; well-draining gritty soil; protect from frost."
Golden Barrel Cactus,Winter,Tamil Nadu,Once a month or less,0.1-0.2,Cactus fertilizer (low N),2.5g/plant/2 months (Half dose - reduced growth/dormancy),Low,Medium,Medium,Calcium,Full sun,18-35°C,25-45%,High,"Keep nearly dry and in a warm, bright spot; avoid cold, wet soil which causes rot. Extremely drought tolerant; well-draining gritty soil; protect from frost."
Golden Barrel Cactus,Windy,Delhi,1-2 times/week,0.3-0.5,Cactus fertilizer (low N),5g/plant/2 months (Full dose - same as normal growing schedule),Low,Medium,Medium,Calcium,Full sun,21-38°C,10-30%,High,Naturally wind hardy; no special protection needed; ensure pot/planting is stable. Extremely drought tolerant; well-draining gritty soil; protect from frost.
Golden Barrel Cactus,Windy,Maharashtra,1-2 times/week,0.3-0.5,Cactus fertilizer (low N),5g/plant/2 months (Full dose - same as normal growing schedule),Low,Medium,Medium,Calcium,Full sun,19-36°C,20-40%,High,Naturally wind hardy; no special protection needed; ensure pot/planting is stable. Extremely drought tolerant; well-draining gritty soil; protect from frost.
Golden Barrel Cactus,Windy,Karnataka,1-2 times/week,0.3-0.5,Cactus fertilizer (low N),5g/plant/2 months (Full dose - same as normal growing schedule),Low,Medium,Medium,Calcium,Full sun,17-34°C,25-45%,High,Naturally wind hardy; no special protection needed; ensure pot/planting is stable. Extremely drought tolerant; well-draining gritty soil; protect from frost.
Golden Barrel Cactus,Windy,West Bengal,1-2 times/week,0.3-0.5,Cactus fertilizer (low N),5g/plant/2 months (Full dose - same as normal growing schedule),Low,Medium,Medium,Calcium,Full sun,18-35°C,30-50%,High,Naturally wind hardy; no special protection needed; ensure pot/planting is stable. Extremely drought tolerant; well-draining gritty soil; protect from frost.
Golden Barrel Cactus,Windy,Tamil Nadu,1-2 times/week,0.3-0.5,Cactus fertilizer (low N),5g/plant/2 months (Full dose - same as normal growing schedule),Low,Medium,Medium,Calcium,Full sun,18-35°C,25-45%,High,Naturally wind hardy; no special protection needed; ensure pot/planting is stable. Extremely drought tolerant; well-draining gritty soil; protect from frost.
Sunset Glow,Summer,Karnataka,1-2 times/week,0.3-0.5,Succulent fertilizer (low N),5g/plant/2 months (Full dose - active growth period),Low,Medium,Medium,Calcium,Full sun for best color,14-26°C,35-55%,Medium,Provide full sun; water deeply then let soil dry completely before next watering. Echeveria-type succulent; bright light intensifies color; avoid overwatering.
Sunset Glow,Summer,Tamil Nadu,1-2 times/week,0.3-0.5,Succulent fertilizer (low N),5g/plant/2 months (Full dose - active growth period),Low,Medium,Medium,Calcium,Full sun for best color,15-27°C,35-55%,Medium,Provide full sun; water deeply then let soil dry completely before next watering. Echeveria-type succulent; bright light intensifies color; avoid overwatering.
Sunset Glow,Summer,Maharashtra,1-2 times/week,0.3-0.5,Succulent fertilizer (low N),5g/plant/2 months (Full dose - active growth period),Low,Medium,Medium,Calcium,Full sun for best color,16-28°C,30-50%,Medium,Provide full sun; water deeply then let soil dry completely before next watering. Echeveria-type succulent; bright light intensifies color; avoid overwatering.
Sunset Glow,Summer,West Bengal,1-2 times/week,0.3-0.5,Succulent fertilizer (low N),5g/plant/2 months (Full dose - active growth period),Low,Medium,Medium,Calcium,Full sun for best color,15-27°C,40-60%,Medium,Provide full sun; water deeply then let soil dry completely before next watering. Echeveria-type succulent; bright light intensifies color; avoid overwatering.
Sunset Glow,Summer,Kerala,1-2 times/week,0.3-0.5,Succulent fertilizer (low N),5g/plant/2 months (Full dose - active growth period),Low,Medium,Medium,Calcium,Full sun for best color,14-26°C,45-65%,Medium,Provide full sun; water deeply then let soil dry completely before next watering. Echeveria-type succulent; bright light intensifies color; avoid overwatering.
Sunset Glow,Autumn,Karnataka,1-2 times/month,0.2-0.3,Succulent fertilizer (low N),5g/plant/2 months (Full dose - transitional growing season),Low,Medium,Medium,Calcium,Full sun for best color,14-26°C,35-55%,Medium,Growth slows; begin tapering off watering frequency as temperatures drop. Echeveria-type succulent; bright light intensifies color; avoid overwatering.
Sunset Glow,Autumn,Tamil Nadu,1-2 times/month,0.2-0.3,Succulent fertilizer (low N),5g/plant/2 months (Full dose - transitional growing season),Low,Medium,Medium,Calcium,Full sun for best color,15-27°C,35-55%,Medium,Growth slows; begin tapering off watering frequency as temperatures drop. Echeveria-type succulent; bright light intensifies color; avoid overwatering.
Sunset Glow,Autumn,Maharashtra,1-2 times/month,0.2-0.3,Succulent fertilizer (low N),5g/plant/2 months (Full dose - transitional growing season),Low,Medium,Medium,Calcium,Full sun for best color,16-28°C,30-50%,Medium,Growth slows; begin tapering off watering frequency as temperatures drop. Echeveria-type succulent; bright light intensifies color; avoid overwatering.
Sunset Glow,Autumn,West Bengal,1-2 times/month,0.2-0.3,Succulent fertilizer (low N),5g/plant/2 months (Full dose - transitional growing season),Low,Medium,Medium,Calcium,Full sun for best color,15-27°C,40-60%,Medium,Growth slows; begin tapering off watering frequency as temperatures drop. Echeveria-type succulent; bright light intensifies color; avoid overwatering.
Sunset Glow,Autumn,Kerala,1-2 times/month,0.2-0.3,Succulent fertilizer (low N),5g/plant/2 months (Full dose - transitional growing season),Low,Medium,Medium,Calcium,Full sun for best color,14-26°C,45-65%,Medium,Growth slows; begin tapering off watering frequency as temperatures drop. Echeveria-type succulent; bright light intensifies color; avoid overwatering.
Sunset Glow,Monsoon,Karnataka,Rarely - only if no rain for 2+ weeks,0.1-0.2,Succulent fertilizer (low N),2.5g/plant/2 months (Half dose or skip - avoid fertilizing before/during heavy rain (nutrient leaching)),Low,Medium,Medium,Calcium,Full sun for best color,14-26°C,35-55%,Medium,Move under cover or ensure sharp drainage to prevent root rot from excess rain. Echeveria-type succulent; bright light intensifies color; avoid overwatering.
Sunset Glow,Monsoon,Tamil Nadu,Rarely - only if no rain for 2+ weeks,0.1-0.2,Succulent fertilizer (low N),2.5g/plant/2 months (Half dose or skip - avoid fertilizing before/during heavy rain (nutrient leaching)),Low,Medium,Medium,Calcium,Full sun for best color,15-27°C,35-55%,Medium,Move under cover or ensure sharp drainage to prevent root rot from excess rain. Echeveria-type succulent; bright light intensifies color; avoid overwatering.
Sunset Glow,Monsoon,Maharashtra,Rarely - only if no rain for 2+ weeks,0.1-0.2,Succulent fertilizer (low N),2.5g/plant/2 months (Half dose or skip - avoid fertilizing before/during heavy rain (nutrient leaching)),Low,Medium,Medium,Calcium,Full sun for best color,16-28°C,30-50%,Medium,Move under cover or ensure sharp drainage to prevent root rot from excess rain. Echeveria-type succulent; bright light intensifies color; avoid overwatering.
Sunset Glow,Monsoon,West Bengal,Rarely - only if no rain for 2+ weeks,0.1-0.2,Succulent fertilizer (low N),2.5g/plant/2 months (Half dose or skip - avoid fertilizing before/during heavy rain (nutrient leaching)),Low,Medium,Medium,Calcium,Full sun for best color,15-27°C,40-60%,Medium,Move under cover or ensure sharp drainage to prevent root rot from excess rain. Echeveria-type succulent; bright light intensifies color; avoid overwatering.
Sunset Glow,Monsoon,Kerala,Rarely - only if no rain for 2+ weeks,0.1-0.2,Succulent fertilizer (low N),2.5g/plant/2 months (Half dose or skip - avoid fertilizing before/during heavy rain (nutrient leaching)),Low,Medium,Medium,Calcium,Full sun for best color,14-26°C,45-65%,Medium,Move under cover or ensure sharp drainage to prevent root rot from excess rain. Echeveria-type succulent; bright light intensifies color; avoid overwatering.
Sunset Glow,Winter,Karnataka,Once a month or less,0.1-0.2,Succulent fertilizer (low N),2.5g/plant/2 months (Half dose - reduced growth/dormancy),Low,Medium,Medium,Calcium,Full sun for best color,14-26°C,35-55%,Medium,"Keep nearly dry and in a warm, bright spot; avoid cold, wet soil which causes rot. Echeveria-type succulent; bright light intensifies color; avoid overwatering."
Sunset Glow,Winter,Tamil Nadu,Once a month or less,0.1-0.2,Succulent fertilizer (low N),2.5g/plant/2 months (Half dose - reduced growth/dormancy),Low,Medium,Medium,Calcium,Full sun for best color,15-27°C,35-55%,Medium,"Keep nearly dry and in a warm, bright spot; avoid cold, wet soil which causes rot. Echeveria-type succulent; bright light intensifies color; avoid overwatering."
Sunset Glow,Winter,Maharashtra,Once a month or less,0.1-0.2,Succulent fertilizer (low N),2.5g/plant/2 months (Half dose - reduced growth/dormancy),Low,Medium,Medium,Calcium,Full sun for best color,16-28°C,30-50%,Medium,"Keep nearly dry and in a warm, bright spot; avoid cold, wet soil which causes rot. Echeveria-type succulent; bright light intensifies color; avoid overwatering."
Sunset Glow,Winter,West Bengal,Once a month or less,0.1-0.2,Succulent fertilizer (low N),2.5g/plant/2 months (Half dose - reduced growth/dormancy),Low,Medium,Medium,Calcium,Full sun for best color,15-27°C,40-60%,Medium,"Keep nearly dry and in a warm, bright spot; avoid cold, wet soil which causes rot. Echeveria-type succulent; bright light intensifies color; avoid overwatering."
Sunset Glow,Winter,Kerala,Once a month or less,0.1-0.2,Succulent fertilizer (low N),2.5g/plant/2 months (Half dose - reduced growth/dormancy),Low,Medium,Medium,Calcium,Full sun for best color,14-26°C,45-65%,Medium,"Keep nearly dry and in a warm, bright spot; avoid cold, wet soil which causes rot. Echeveria-type succulent; bright light intensifies color; avoid overwatering."
Sunset Glow,Windy,Karnataka,1-2 times/week,0.3-0.5,Succulent fertilizer (low N),5g/plant/2 months (Full dose - same as normal growing schedule),Low,Medium,Medium,Calcium,Full sun for best color,14-26°C,35-55%,Medium,Naturally wind hardy; no special protection needed; ensure pot/planting is stable. Echeveria-type succulent; bright light intensifies color; avoid overwatering.
Sunset Glow,Windy,Tamil Nadu,1-2 times/week,0.3-0.5,Succulent fertilizer (low N),5g/plant/2 months (Full dose - same as normal growing schedule),Low,Medium,Medium,Calcium,Full sun for best color,15-27°C,35-55%,Medium,Naturally wind hardy; no special protection needed; ensure pot/planting is stable. Echeveria-type succulent; bright light intensifies color; avoid overwatering.
Sunset Glow,Windy,Maharashtra,1-2 times/week,0.3-0.5,Succulent fertilizer (low N),5g/plant/2 months (Full dose - same as normal growing schedule),Low,Medium,Medium,Calcium,Full sun for best color,16-28°C,30-50%,Medium,Naturally wind hardy; no special protection needed; ensure pot/planting is stable. Echeveria-type succulent; bright light intensifies color; avoid overwatering.
Sunset Glow,Windy,West Bengal,1-2 times/week,0.3-0.5,Succulent fertilizer (low N),5g/plant/2 months (Full dose - same as normal growing schedule),Low,Medium,Medium,Calcium,Full sun for best color,15-27°C,40-60%,Medium,Naturally wind hardy; no special protection needed; ensure pot/planting is stable. Echeveria-type succulent; bright light intensifies color; avoid overwatering.
Sunset Glow,Windy,Kerala,1-2 times/week,0.3-0.5,Succulent fertilizer (low N),5g/plant/2 months (Full dose - same as normal growing schedule),Low,Medium,Medium,Calcium,Full sun for best color,14-26°C,45-65%,Medium,Naturally wind hardy; no special protection needed; ensure pot/planting is stable. Echeveria-type succulent; bright light intensifies color; avoid overwatering.
Dates,Summer,Rajasthan,2-3 times/week,Oct-20,NPK 12-12-17 or organic compost,100g/plant/season (Full dose - active growth period),Medium,Medium,High,"Boron, Manganese, Zinc",Full sun,24-44°C,5-25%,High,Mulch to retain soil moisture; water at the base to avoid leaf diseases. Highly heat and drought tolerant once established; needs well-drained soil.
Dates,Summer,Gujarat,2-3 times/week,Oct-20,NPK 12-12-17 or organic compost,100g/plant/season (Full dose - active growth period),Medium,Medium,High,"Boron, Manganese, Zinc",Full sun,22-42°C,10-30%,High,Mulch to retain soil moisture; water at the base to avoid leaf diseases. Highly heat and drought tolerant once established; needs well-drained soil.
Dates,Summer,Punjab,2-3 times/week,Oct-20,NPK 12-12-17 or organic compost,100g/plant/season (Full dose - active growth period),Medium,Medium,High,"Boron, Manganese, Zinc",Full sun,22-42°C,15-35%,High,Mulch to retain soil moisture; water at the base to avoid leaf diseases. Highly heat and drought tolerant once established; needs well-drained soil.
Dates,Summer,Haryana,2-3 times/week,Oct-20,NPK 12-12-17 or organic compost,100g/plant/season (Full dose - active growth period),Medium,Medium,High,"Boron, Manganese, Zinc",Full sun,22-42°C,12-32%,High,Mulch to retain soil moisture; water at the base to avoid leaf diseases. Highly heat and drought tolerant once established; needs well-drained soil.
Dates,Summer,Tamil Nadu,2-3 times/week,Oct-20,NPK 12-12-17 or organic compost,100g/plant/season (Full dose - active growth period),Medium,Medium,High,"Boron, Manganese, Zinc",Full sun,20-40°C,25-45%,High,Mulch to retain soil moisture; water at the base to avoid leaf diseases. Highly heat and drought tolerant once established; needs well-drained soil.
Dates,Autumn,Rajasthan,1-2 times/week,06-Dec,NPK 12-12-17 or organic compost,100g/plant/season (Full dose - transitional growing season),Medium,Medium,High,"Boron, Manganese, Zinc",Full sun,24-44°C,5-25%,High,Good growing period; maintain consistent watering as fruiting/harvest continues. Highly heat and drought tolerant once established; needs well-drained soil.
Dates,Autumn,Gujarat,1-2 times/week,06-Dec,NPK 12-12-17 or organic compost,100g/plant/season (Full dose - transitional growing season),Medium,Medium,High,"Boron, Manganese, Zinc",Full sun,22-42°C,10-30%,High,Good growing period; maintain consistent watering as fruiting/harvest continues. Highly heat and drought tolerant once established; needs well-drained soil.
Dates,Autumn,Punjab,1-2 times/week,06-Dec,NPK 12-12-17 or organic compost,100g/plant/season (Full dose - transitional growing season),Medium,Medium,High,"Boron, Manganese, Zinc",Full sun,22-42°C,15-35%,High,Good growing period; maintain consistent watering as fruiting/harvest continues. Highly heat and drought tolerant once established; needs well-drained soil.
Dates,Autumn,Haryana,1-2 times/week,06-Dec,NPK 12-12-17 or organic compost,100g/plant/season (Full dose - transitional growing season),Medium,Medium,High,"Boron, Manganese, Zinc",Full sun,22-42°C,12-32%,High,Good growing period; maintain consistent watering as fruiting/harvest continues. Highly heat and drought tolerant once established; needs well-drained soil.
Dates,Autumn,Tamil Nadu,1-2 times/week,06-Dec,NPK 12-12-17 or organic compost,100g/plant/season (Full dose - transitional growing season),Medium,Medium,High,"Boron, Manganese, Zinc",Full sun,20-40°C,25-45%,High,Good growing period; maintain consistent watering as fruiting/harvest continues. Highly heat and drought tolerant once established; needs well-drained soil.
Dates,Monsoon,Rajasthan,Minimal - rainfall usually sufficient,01-Mar,NPK 12-12-17 or organic compost,50g/plant/season (Half dose or skip - avoid fertilizing before/during heavy rain (nutrient leaching)),Medium,Medium,High,"Boron, Manganese, Zinc",Full sun,24-44°C,5-25%,High,Ensure raised beds/good drainage; watch for fungal disease and pest pressure. Highly heat and drought tolerant once established; needs well-drained soil.
Dates,Monsoon,Gujarat,Minimal - rainfall usually sufficient,01-Mar,NPK 12-12-17 or organic compost,50g/plant/season (Half dose or skip - avoid fertilizing before/during heavy rain (nutrient leaching)),Medium,Medium,High,"Boron, Manganese, Zinc",Full sun,22-42°C,10-30%,High,Ensure raised beds/good drainage; watch for fungal disease and pest pressure. Highly heat and drought tolerant once established; needs well-drained soil.
Dates,Monsoon,Punjab,Minimal - rainfall usually sufficient,01-Mar,NPK 12-12-17 or organic compost,50g/plant/season (Half dose or skip - avoid fertilizing before/during heavy rain (nutrient leaching)),Medium,Medium,High,"Boron, Manganese, Zinc",Full sun,22-42°C,15-35%,High,Ensure raised beds/good drainage; watch for fungal disease and pest pressure. Highly heat and drought tolerant once established; needs well-drained soil.
Dates,Monsoon,Haryana,Minimal - rainfall usually sufficient,01-Mar,NPK 12-12-17 or organic compost,50g/plant/season (Half dose or skip - avoid fertilizing before/during heavy rain (nutrient leaching)),Medium,Medium,High,"Boron, Manganese, Zinc",Full sun,22-42°C,12-32%,High,Ensure raised beds/good drainage; watch for fungal disease and pest pressure. Highly heat and drought tolerant once established; needs well-drained soil.
Dates,Monsoon,Tamil Nadu,Minimal - rainfall usually sufficient,01-Mar,NPK 12-12-17 or organic compost,50g/plant/season (Half dose or skip - avoid fertilizing before/during heavy rain (nutrient leaching)),Medium,Medium,High,"Boron, Manganese, Zinc",Full sun,20-40°C,25-45%,High,Ensure raised beds/good drainage; watch for fungal disease and pest pressure. Highly heat and drought tolerant once established; needs well-drained soil.
Dates,Winter,Rajasthan,1 time/week,04-Aug,NPK 12-12-17 or organic compost,50g/plant/season (Half dose - reduced growth/dormancy),Medium,Medium,High,"Boron, Manganese, Zinc",Full sun,24-44°C,5-25%,High,Protect from frost; reduce watering frequency as growth slows in cool weather. Highly heat and drought tolerant once established; needs well-drained soil.
Dates,Winter,Gujarat,1 time/week,04-Aug,NPK 12-12-17 or organic compost,50g/plant/season (Half dose - reduced growth/dormancy),Medium,Medium,High,"Boron, Manganese, Zinc",Full sun,22-42°C,10-30%,High,Protect from frost; reduce watering frequency as growth slows in cool weather. Highly heat and drought tolerant once established; needs well-drained soil.
Dates,Winter,Punjab,1 time/week,04-Aug,NPK 12-12-17 or organic compost,50g/plant/season (Half dose - reduced growth/dormancy),Medium,Medium,High,"Boron, Manganese, Zinc",Full sun,22-42°C,15-35%,High,Protect from frost; reduce watering frequency as growth slows in cool weather. Highly heat and drought tolerant once established; needs well-drained soil.
Dates,Winter,Haryana,1 time/week,04-Aug,NPK 12-12-17 or organic compost,50g/plant/season (Half dose - reduced growth/dormancy),Medium,Medium,High,"Boron, Manganese, Zinc",Full sun,22-42°C,12-32%,High,Protect from frost; reduce watering frequency as growth slows in cool weather. Highly heat and drought tolerant once established; needs well-drained soil.
Dates,Winter,Tamil Nadu,1 time/week,04-Aug,NPK 12-12-17 or organic compost,50g/plant/season (Half dose - reduced growth/dormancy),Medium,Medium,High,"Boron, Manganese, Zinc",Full sun,20-40°C,25-45%,High,Protect from frost; reduce watering frequency as growth slows in cool weather. Highly heat and drought tolerant once established; needs well-drained soil.
Dates,Windy,Rajasthan,2 times/week,Dec-18,NPK 12-12-17 or organic compost,100g/plant/season (Full dose - same as normal growing schedule),Medium,Medium,High,"Boron, Manganese, Zinc",Full sun,24-44°C,5-25%,High,Stake or cage plants for support; shield young seedlings from strong gusts. Highly heat and drought tolerant once established; needs well-drained soil.
Dates,Windy,Gujarat,2 times/week,Dec-18,NPK 12-12-17 or organic compost,100g/plant/season (Full dose - same as normal growing schedule),Medium,Medium,High,"Boron, Manganese, Zinc",Full sun,22-42°C,10-30%,High,Stake or cage plants for support; shield young seedlings from strong gusts. Highly heat and drought tolerant once established; needs well-drained soil.
Dates,Windy,Punjab,2 times/week,Dec-18,NPK 12-12-17 or organic compost,100g/plant/season (Full dose - same as normal growing schedule),Medium,Medium,High,"Boron, Manganese, Zinc",Full sun,22-42°C,15-35%,High,Stake or cage plants for support; shield young seedlings from strong gusts. Highly heat and drought tolerant once established; needs well-drained soil.
Dates,Windy,Haryana,2 times/week,Dec-18,NPK 12-12-17 or organic compost,100g/plant/season (Full dose - same as normal growing schedule),Medium,Medium,High,"Boron, Manganese, Zinc",Full sun,22-42°C,12-32%,High,Stake or cage plants for support; shield young seedlings from strong gusts. Highly heat and drought tolerant once established; needs well-drained soil.
Dates,Windy,Tamil Nadu,2 times/week,Dec-18,NPK 12-12-17 or organic compost,100g/plant/season (Full dose - same as normal growing schedule),Medium,Medium,High,"Boron, Manganese, Zinc",Full sun,20-40°C,25-45%,High,Stake or cage plants for support; shield young seedlings from strong gusts. Highly heat and drought tolerant once established; needs well-drained soil.
Tulip,Summer,Jammu and Kashmir,2-3 times/week,01-Mar,Bulb fertilizer (high P and K),10g/plant at planting (Full dose - active growth period),Low,High,High,Calcium,Full sun to partial shade,Oct-18,35-55%,Low,Deadhead spent blooms to encourage continuous flowering; water in early morning. Plant bulbs in autumn; requires cold dormancy period; avoid waterlogging bulbs.
Tulip,Summer,Himachal Pradesh,2-3 times/week,01-Mar,Bulb fertilizer (high P and K),10g/plant at planting (Full dose - active growth period),Low,High,High,Calcium,Full sun to partial shade,Oct-18,40-60%,Low,Deadhead spent blooms to encourage continuous flowering; water in early morning. Plant bulbs in autumn; requires cold dormancy period; avoid waterlogging bulbs.
Tulip,Summer,Uttarakhand,2-3 times/week,01-Mar,Bulb fertilizer (high P and K),10g/plant at planting (Full dose - active growth period),Low,High,High,Calcium,Full sun to partial shade,Oct-18,40-60%,Low,Deadhead spent blooms to encourage continuous flowering; water in early morning. Plant bulbs in autumn; requires cold dormancy period; avoid waterlogging bulbs.
Tulip,Summer,Sikkim,2-3 times/week,01-Mar,Bulb fertilizer (high P and K),10g/plant at planting (Full dose - active growth period),Low,High,High,Calcium,Full sun to partial shade,Oct-18,50-70%,Low,Deadhead spent blooms to encourage continuous flowering; water in early morning. Plant bulbs in autumn; requires cold dormancy period; avoid waterlogging bulbs.
Tulip,Summer,West Bengal,2-3 times/week,01-Mar,Bulb fertilizer (high P and K),10g/plant at planting (Full dose - active growth period),Low,High,High,Calcium,Full sun to partial shade,Oct-18,50-70%,Low,Deadhead spent blooms to encourage continuous flowering; water in early morning. Plant bulbs in autumn; requires cold dormancy period; avoid waterlogging bulbs.
Tulip,Autumn,Jammu and Kashmir,2 times/week,01-Feb,Bulb fertilizer (high P and K),10g/plant at planting (Full dose - transitional growing season),Low,High,High,Calcium,Full sun to partial shade,Oct-18,35-55%,Low,Good blooming/growing season for many varieties; maintain regular watering. Plant bulbs in autumn; requires cold dormancy period; avoid waterlogging bulbs.
Tulip,Autumn,Himachal Pradesh,2 times/week,01-Feb,Bulb fertilizer (high P and K),10g/plant at planting (Full dose - transitional growing season),Low,High,High,Calcium,Full sun to partial shade,Oct-18,40-60%,Low,Good blooming/growing season for many varieties; maintain regular watering. Plant bulbs in autumn; requires cold dormancy period; avoid waterlogging bulbs.
Tulip,Autumn,Uttarakhand,2 times/week,01-Feb,Bulb fertilizer (high P and K),10g/plant at planting (Full dose - transitional growing season),Low,High,High,Calcium,Full sun to partial shade,Oct-18,40-60%,Low,Good blooming/growing season for many varieties; maintain regular watering. Plant bulbs in autumn; requires cold dormancy period; avoid waterlogging bulbs.
Tulip,Autumn,Sikkim,2 times/week,01-Feb,Bulb fertilizer (high P and K),10g/plant at planting (Full dose - transitional growing season),Low,High,High,Calcium,Full sun to partial shade,Oct-18,50-70%,Low,Good blooming/growing season for many varieties; maintain regular watering. Plant bulbs in autumn; requires cold dormancy period; avoid waterlogging bulbs.
Tulip,Autumn,West Bengal,2 times/week,01-Feb,Bulb fertilizer (high P and K),10g/plant at planting (Full dose - transitional growing season),Low,High,High,Calcium,Full sun to partial shade,Oct-18,50-70%,Low,Good blooming/growing season for many varieties; maintain regular watering. Plant bulbs in autumn; requires cold dormancy period; avoid waterlogging bulbs.
Tulip,Monsoon,Jammu and Kashmir,"Reduce - rely on rainfall, ensure drainage",0.5-1,Bulb fertilizer (high P and K),5g/plant at planting (Half dose or skip - avoid fertilizing before/during heavy rain (nutrient leaching)),Low,High,High,Calcium,Full sun to partial shade,Oct-18,35-55%,Low,Ensure excess water drains away; watch for fungal disease on flowers/foliage. Plant bulbs in autumn; requires cold dormancy period; avoid waterlogging bulbs.
Tulip,Monsoon,Himachal Pradesh,"Reduce - rely on rainfall, ensure drainage",0.5-1,Bulb fertilizer (high P and K),5g/plant at planting (Half dose or skip - avoid fertilizing before/during heavy rain (nutrient leaching)),Low,High,High,Calcium,Full sun to partial shade,Oct-18,40-60%,Low,Ensure excess water drains away; watch for fungal disease on flowers/foliage. Plant bulbs in autumn; requires cold dormancy period; avoid waterlogging bulbs.
Tulip,Monsoon,Uttarakhand,"Reduce - rely on rainfall, ensure drainage",0.5-1,Bulb fertilizer (high P and K),5g/plant at planting (Half dose or skip - avoid fertilizing before/during heavy rain (nutrient leaching)),Low,High,High,Calcium,Full sun to partial shade,Oct-18,40-60%,Low,Ensure excess water drains away; watch for fungal disease on flowers/foliage. Plant bulbs in autumn; requires cold dormancy period; avoid waterlogging bulbs.
Tulip,Monsoon,Sikkim,"Reduce - rely on rainfall, ensure drainage",0.5-1,Bulb fertilizer (high P and K),5g/plant at planting (Half dose or skip - avoid fertilizing before/during heavy rain (nutrient leaching)),Low,High,High,Calcium,Full sun to partial shade,Oct-18,50-70%,Low,Ensure excess water drains away; watch for fungal disease on flowers/foliage. Plant bulbs in autumn; requires cold dormancy period; avoid waterlogging bulbs.
Tulip,Monsoon,West Bengal,"Reduce - rely on rainfall, ensure drainage",0.5-1,Bulb fertilizer (high P and K),5g/plant at planting (Half dose or skip - avoid fertilizing before/during heavy rain (nutrient leaching)),Low,High,High,Calcium,Full sun to partial shade,Oct-18,50-70%,Low,Ensure excess water drains away; watch for fungal disease on flowers/foliage. Plant bulbs in autumn; requires cold dormancy period; avoid waterlogging bulbs.
Tulip,Winter,Jammu and Kashmir,2 times/week,01-Feb,Bulb fertilizer (high P and K),5g/plant at planting (Half dose - reduced growth/dormancy),Low,High,High,Calcium,Full sun to partial shade,Oct-18,35-55%,Low,Reduce watering for dormant types; cold-hardy bloomers continue flowering with regular care. Plant bulbs in autumn; requires cold dormancy period; avoid waterlogging bulbs.
Tulip,Winter,Himachal Pradesh,2 times/week,01-Feb,Bulb fertilizer (high P and K),5g/plant at planting (Half dose - reduced growth/dormancy),Low,High,High,Calcium,Full sun to partial shade,Oct-18,40-60%,Low,Reduce watering for dormant types; cold-hardy bloomers continue flowering with regular care. Plant bulbs in autumn; requires cold dormancy period; avoid waterlogging bulbs.
Tulip,Winter,Uttarakhand,2 times/week,01-Feb,Bulb fertilizer (high P and K),5g/plant at planting (Half dose - reduced growth/dormancy),Low,High,High,Calcium,Full sun to partial shade,Oct-18,40-60%,Low,Reduce watering for dormant types; cold-hardy bloomers continue flowering with regular care. Plant bulbs in autumn; requires cold dormancy period; avoid waterlogging bulbs.
Tulip,Winter,Sikkim,2 times/week,01-Feb,Bulb fertilizer (high P and K),5g/plant at planting (Half dose - reduced growth/dormancy),Low,High,High,Calcium,Full sun to partial shade,Oct-18,50-70%,Low,Reduce watering for dormant types; cold-hardy bloomers continue flowering with regular care. Plant bulbs in autumn; requires cold dormancy period; avoid waterlogging bulbs.
Tulip,Winter,West Bengal,2 times/week,01-Feb,Bulb fertilizer (high P and K),5g/plant at planting (Half dose - reduced growth/dormancy),Low,High,High,Calcium,Full sun to partial shade,Oct-18,50-70%,Low,Reduce watering for dormant types; cold-hardy bloomers continue flowering with regular care. Plant bulbs in autumn; requires cold dormancy period; avoid waterlogging bulbs.
Tulip,Windy,Jammu and Kashmir,3 times/week,1.5-3,Bulb fertilizer (high P and K),10g/plant at planting (Full dose - same as normal growing schedule),Low,High,High,Calcium,Full sun to partial shade,Oct-18,35-55%,Low,Stake tall stems and place in a sheltered spot to prevent stem breakage and bloom damage. Plant bulbs in autumn; requires cold dormancy period; avoid waterlogging bulbs.
Tulip,Windy,Himachal Pradesh,3 times/week,1.5-3,Bulb fertilizer (high P and K),10g/plant at planting (Full dose - same as normal growing schedule),Low,High,High,Calcium,Full sun to partial shade,Oct-18,40-60%,Low,Stake tall stems and place in a sheltered spot to prevent stem breakage and bloom damage. Plant bulbs in autumn; requires cold dormancy period; avoid waterlogging bulbs.
Tulip,Windy,Uttarakhand,3 times/week,1.5-3,Bulb fertilizer (high P and K),10g/plant at planting (Full dose - same as normal growing schedule),Low,High,High,Calcium,Full sun to partial shade,Oct-18,40-60%,Low,Stake tall stems and place in a sheltered spot to prevent stem breakage and bloom damage. Plant bulbs in autumn; requires cold dormancy period; avoid waterlogging bulbs.
Tulip,Windy,Sikkim,3 times/week,1.5-3,Bulb fertilizer (high P and K),10g/plant at planting (Full dose - same as normal growing schedule),Low,High,High,Calcium,Full sun to partial shade,Oct-18,50-70%,Low,Stake tall stems and place in a sheltered spot to prevent stem breakage and bloom damage. Plant bulbs in autumn; requires cold dormancy period; avoid waterlogging bulbs.
Tulip,Windy,West Bengal,3 times/week,1.5-3,Bulb fertilizer (high P and K),10g/plant at planting (Full dose - same as normal growing schedule),Low,High,High,Calcium,Full sun to partial shade,Oct-18,50-70%,Low,Stake tall stems and place in a sheltered spot to prevent stem breakage and bloom damage. Plant bulbs in autumn; requires cold dormancy period; avoid waterlogging bulbs.
Camellia,Summer,West Bengal,2-3 times/week,01-Mar,Acidic NPK 10-10-10 (azalea/camellia feed),15g/plant/month (Full dose - active growth period),Medium,Medium,Medium,Iron (acid-loving),Partial shade to filtered sun,Oct-25,60-80%,Low,"Deadhead spent blooms to encourage continuous flowering; water in early morning. Prefers acidic, well-drained soil; avoid direct hot afternoon sun; mulch roots."
Camellia,Summer,Assam,2-3 times/week,01-Mar,Acidic NPK 10-10-10 (azalea/camellia feed),15g/plant/month (Full dose - active growth period),Medium,Medium,Medium,Iron (acid-loving),Partial shade to filtered sun,Oct-25,65-85%,Low,"Deadhead spent blooms to encourage continuous flowering; water in early morning. Prefers acidic, well-drained soil; avoid direct hot afternoon sun; mulch roots."
Camellia,Summer,Himachal Pradesh,2-3 times/week,01-Mar,Acidic NPK 10-10-10 (azalea/camellia feed),15g/plant/month (Full dose - active growth period),Medium,Medium,Medium,Iron (acid-loving),Partial shade to filtered sun,Oct-25,50-70%,Low,"Deadhead spent blooms to encourage continuous flowering; water in early morning. Prefers acidic, well-drained soil; avoid direct hot afternoon sun; mulch roots."
Camellia,Summer,Sikkim,2-3 times/week,01-Mar,Acidic NPK 10-10-10 (azalea/camellia feed),15g/plant/month (Full dose - active growth period),Medium,Medium,Medium,Iron (acid-loving),Partial shade to filtered sun,Oct-25,60-80%,Low,"Deadhead spent blooms to encourage continuous flowering; water in early morning. Prefers acidic, well-drained soil; avoid direct hot afternoon sun; mulch roots."
Camellia,Summer,Uttarakhand,2-3 times/week,01-Mar,Acidic NPK 10-10-10 (azalea/camellia feed),15g/plant/month (Full dose - active growth period),Medium,Medium,Medium,Iron (acid-loving),Partial shade to filtered sun,Oct-25,50-70%,Low,"Deadhead spent blooms to encourage continuous flowering; water in early morning. Prefers acidic, well-drained soil; avoid direct hot afternoon sun; mulch roots."
Camellia,Autumn,West Bengal,2 times/week,01-Feb,Acidic NPK 10-10-10 (azalea/camellia feed),15g/plant/month (Full dose - transitional growing season),Medium,Medium,Medium,Iron (acid-loving),Partial shade to filtered sun,Oct-25,60-80%,Low,"Good blooming/growing season for many varieties; maintain regular watering. Prefers acidic, well-drained soil; avoid direct hot afternoon sun; mulch roots."
Camellia,Autumn,Assam,2 times/week,01-Feb,Acidic NPK 10-10-10 (azalea/camellia feed),15g/plant/month (Full dose - transitional growing season),Medium,Medium,Medium,Iron (acid-loving),Partial shade to filtered sun,Oct-25,65-85%,Low,"Good blooming/growing season for many varieties; maintain regular watering. Prefers acidic, well-drained soil; avoid direct hot afternoon sun; mulch roots."
Camellia,Autumn,Himachal Pradesh,2 times/week,01-Feb,Acidic NPK 10-10-10 (azalea/camellia feed),15g/plant/month (Full dose - transitional growing season),Medium,Medium,Medium,Iron (acid-loving),Partial shade to filtered sun,Oct-25,50-70%,Low,"Good blooming/growing season for many varieties; maintain regular watering. Prefers acidic, well-drained soil; avoid direct hot afternoon sun; mulch roots."
Camellia,Autumn,Sikkim,2 times/week,01-Feb,Acidic NPK 10-10-10 (azalea/camellia feed),15g/plant/month (Full dose - transitional growing season),Medium,Medium,Medium,Iron (acid-loving),Partial shade to filtered sun,Oct-25,60-80%,Low,"Good blooming/growing season for many varieties; maintain regular watering. Prefers acidic, well-drained soil; avoid direct hot afternoon sun; mulch roots."
Camellia,Autumn,Uttarakhand,2 times/week,01-Feb,Acidic NPK 10-10-10 (azalea/camellia feed),15g/plant/month (Full dose - transitional growing season),Medium,Medium,Medium,Iron (acid-loving),Partial shade to filtered sun,Oct-25,50-70%,Low,"Good blooming/growing season for many varieties; maintain regular watering. Prefers acidic, well-drained soil; avoid direct hot afternoon sun; mulch roots."
Camellia,Monsoon,West Bengal,"Reduce - rely on rainfall, ensure drainage",0.5-1,Acidic NPK 10-10-10 (azalea/camellia feed),7.5g/plant/month (Half dose or skip - avoid fertilizing before/during heavy rain (nutrient leaching)),Medium,Medium,Medium,Iron (acid-loving),Partial shade to filtered sun,Oct-25,60-80%,Low,"Ensure excess water drains away; watch for fungal disease on flowers/foliage. Prefers acidic, well-drained soil; avoid direct hot afternoon sun; mulch roots."
Camellia,Monsoon,Assam,"Reduce - rely on rainfall, ensure drainage",0.5-1,Acidic NPK 10-10-10 (azalea/camellia feed),7.5g/plant/month (Half dose or skip - avoid fertilizing before/during heavy rain (nutrient leaching)),Medium,Medium,Medium,Iron (acid-loving),Partial shade to filtered sun,Oct-25,65-85%,Low,"Ensure excess water drains away; watch for fungal disease on flowers/foliage. Prefers acidic, well-drained soil; avoid direct hot afternoon sun; mulch roots."
Camellia,Monsoon,Himachal Pradesh,"Reduce - rely on rainfall, ensure drainage",0.5-1,Acidic NPK 10-10-10 (azalea/camellia feed),7.5g/plant/month (Half dose or skip - avoid fertilizing before/during heavy rain (nutrient leaching)),Medium,Medium,Medium,Iron (acid-loving),Partial shade to filtered sun,Oct-25,50-70%,Low,"Ensure excess water drains away; watch for fungal disease on flowers/foliage. Prefers acidic, well-drained soil; avoid direct hot afternoon sun; mulch roots."
Camellia,Monsoon,Sikkim,"Reduce - rely on rainfall, ensure drainage",0.5-1,Acidic NPK 10-10-10 (azalea/camellia feed),7.5g/plant/month (Half dose or skip - avoid fertilizing before/during heavy rain (nutrient leaching)),Medium,Medium,Medium,Iron (acid-loving),Partial shade to filtered sun,Oct-25,60-80%,Low,"Ensure excess water drains away; watch for fungal disease on flowers/foliage. Prefers acidic, well-drained soil; avoid direct hot afternoon sun; mulch roots."
Camellia,Monsoon,Uttarakhand,"Reduce - rely on rainfall, ensure drainage",0.5-1,Acidic NPK 10-10-10 (azalea/camellia feed),7.5g/plant/month (Half dose or skip - avoid fertilizing before/during heavy rain (nutrient leaching)),Medium,Medium,Medium,Iron (acid-loving),Partial shade to filtered sun,Oct-25,50-70%,Low,"Ensure excess water drains away; watch for fungal disease on flowers/foliage. Prefers acidic, well-drained soil; avoid direct hot afternoon sun; mulch roots."
Camellia,Winter,West Bengal,2 times/week,01-Feb,Acidic NPK 10-10-10 (azalea/camellia feed),7.5g/plant/month (Half dose - reduced growth/dormancy),Medium,Medium,Medium,Iron (acid-loving),Partial shade to filtered sun,Oct-25,60-80%,Low,"Reduce watering for dormant types; cold-hardy bloomers continue flowering with regular care. Prefers acidic, well-drained soil; avoid direct hot afternoon sun; mulch roots."
Camellia,Winter,Assam,2 times/week,01-Feb,Acidic NPK 10-10-10 (azalea/camellia feed),7.5g/plant/month (Half dose - reduced growth/dormancy),Medium,Medium,Medium,Iron (acid-loving),Partial shade to filtered sun,Oct-25,65-85%,Low,"Reduce watering for dormant types; cold-hardy bloomers continue flowering with regular care. Prefers acidic, well-drained soil; avoid direct hot afternoon sun; mulch roots."
Camellia,Winter,Himachal Pradesh,2 times/week,01-Feb,Acidic NPK 10-10-10 (azalea/camellia feed),7.5g/plant/month (Half dose - reduced growth/dormancy),Medium,Medium,Medium,Iron (acid-loving),Partial shade to filtered sun,Oct-25,50-70%,Low,"Reduce watering for dormant types; cold-hardy bloomers continue flowering with regular care. Prefers acidic, well-drained soil; avoid direct hot afternoon sun; mulch roots."
Camellia,Winter,Sikkim,2 times/week,01-Feb,Acidic NPK 10-10-10 (azalea/camellia feed),7.5g/plant/month (Half dose - reduced growth/dormancy),Medium,Medium,Medium,Iron (acid-loving),Partial shade to filtered sun,Oct-25,60-80%,Low,"Reduce watering for dormant types; cold-hardy bloomers continue flowering with regular care. Prefers acidic, well-drained soil; avoid direct hot afternoon sun; mulch roots."
Camellia,Winter,Uttarakhand,2 times/week,01-Feb,Acidic NPK 10-10-10 (azalea/camellia feed),7.5g/plant/month (Half dose - reduced growth/dormancy),Medium,Medium,Medium,Iron (acid-loving),Partial shade to filtered sun,Oct-25,50-70%,Low,"Reduce watering for dormant types; cold-hardy bloomers continue flowering with regular care. Prefers acidic, well-drained soil; avoid direct hot afternoon sun; mulch roots."
Camellia,Windy,West Bengal,3 times/week,1.5-3,Acidic NPK 10-10-10 (azalea/camellia feed),15g/plant/month (Full dose - same as normal growing schedule),Medium,Medium,Medium,Iron (acid-loving),Partial shade to filtered sun,Oct-25,60-80%,Low,"Stake tall stems and place in a sheltered spot to prevent stem breakage and bloom damage. Prefers acidic, well-drained soil; avoid direct hot afternoon sun; mulch roots."
Camellia,Windy,Assam,3 times/week,1.5-3,Acidic NPK 10-10-10 (azalea/camellia feed),15g/plant/month (Full dose - same as normal growing schedule),Medium,Medium,Medium,Iron (acid-loving),Partial shade to filtered sun,Oct-25,65-85%,Low,"Stake tall stems and place in a sheltered spot to prevent stem breakage and bloom damage. Prefers acidic, well-drained soil; avoid direct hot afternoon sun; mulch roots."
Camellia,Windy,Himachal Pradesh,3 times/week,1.5-3,Acidic NPK 10-10-10 (azalea/camellia feed),15g/plant/month (Full dose - same as normal growing schedule),Medium,Medium,Medium,Iron (acid-loving),Partial shade to filtered sun,Oct-25,50-70%,Low,"Stake tall stems and place in a sheltered spot to prevent stem breakage and bloom damage. Prefers acidic, well-drained soil; avoid direct hot afternoon sun; mulch roots."
Camellia,Windy,Sikkim,3 times/week,1.5-3,Acidic NPK 10-10-10 (azalea/camellia feed),15g/plant/month (Full dose - same as normal growing schedule),Medium,Medium,Medium,Iron (acid-loving),Partial shade to filtered sun,Oct-25,60-80%,Low,"Stake tall stems and place in a sheltered spot to prevent stem breakage and bloom damage. Prefers acidic, well-drained soil; avoid direct hot afternoon sun; mulch roots."
Camellia,Windy,Uttarakhand,3 times/week,1.5-3,Acidic NPK 10-10-10 (azalea/camellia feed),15g/plant/month (Full dose - same as normal growing schedule),Medium,Medium,Medium,Iron (acid-loving),Partial shade to filtered sun,Oct-25,50-70%,Low,"Stake tall stems and place in a sheltered spot to prevent stem breakage and bloom damage. Prefers acidic, well-drained soil; avoid direct hot afternoon sun; mulch roots."
Hibiscus,Summer,Tamil Nadu,2-3 times/week,01-Mar,NPK 10-10-10 (or bloom booster with high K),20g/plant/month (Full dose - active growth period),Medium,Medium,High,"Iron, Magnesium",Full sun,18-32°C,45-65%,Medium,Deadhead spent blooms to encourage continuous flowering; water in early morning. Regular deadheading encourages more blooms; prune to shape; consistent watering.
Hibiscus,Summer,Kerala,2-3 times/week,01-Mar,NPK 10-10-10 (or bloom booster with high K),20g/plant/month (Full dose - active growth period),Medium,Medium,High,"Iron, Magnesium",Full sun,17-31°C,55-75%,Medium,Deadhead spent blooms to encourage continuous flowering; water in early morning. Regular deadheading encourages more blooms; prune to shape; consistent watering.
Hibiscus,Summer,Karnataka,2-3 times/week,01-Mar,NPK 10-10-10 (or bloom booster with high K),20g/plant/month (Full dose - active growth period),Medium,Medium,High,"Iron, Magnesium",Full sun,17-31°C,45-65%,Medium,Deadhead spent blooms to encourage continuous flowering; water in early morning. Regular deadheading encourages more blooms; prune to shape; consistent watering.
Hibiscus,Summer,West Bengal,2-3 times/week,01-Mar,NPK 10-10-10 (or bloom booster with high K),20g/plant/month (Full dose - active growth period),Medium,Medium,High,"Iron, Magnesium",Full sun,18-32°C,50-70%,Medium,Deadhead spent blooms to encourage continuous flowering; water in early morning. Regular deadheading encourages more blooms; prune to shape; consistent watering.
Hibiscus,Summer,Maharashtra,2-3 times/week,01-Mar,NPK 10-10-10 (or bloom booster with high K),20g/plant/month (Full dose - active growth period),Medium,Medium,High,"Iron, Magnesium",Full sun,19-33°C,40-60%,Medium,Deadhead spent blooms to encourage continuous flowering; water in early morning. Regular deadheading encourages more blooms; prune to shape; consistent watering.
Hibiscus,Autumn,Tamil Nadu,2 times/week,01-Feb,NPK 10-10-10 (or bloom booster with high K),20g/plant/month (Full dose - transitional growing season),Medium,Medium,High,"Iron, Magnesium",Full sun,18-32°C,45-65%,Medium,Good blooming/growing season for many varieties; maintain regular watering. Regular deadheading encourages more blooms; prune to shape; consistent watering.
Hibiscus,Autumn,Kerala,2 times/week,01-Feb,NPK 10-10-10 (or bloom booster with high K),20g/plant/month (Full dose - transitional growing season),Medium,Medium,High,"Iron, Magnesium",Full sun,17-31°C,55-75%,Medium,Good blooming/growing season for many varieties; maintain regular watering. Regular deadheading encourages more blooms; prune to shape; consistent watering.
Hibiscus,Autumn,Karnataka,2 times/week,01-Feb,NPK 10-10-10 (or bloom booster with high K),20g/plant/month (Full dose - transitional growing season),Medium,Medium,High,"Iron, Magnesium",Full sun,17-31°C,45-65%,Medium,Good blooming/growing season for many varieties; maintain regular watering. Regular deadheading encourages more blooms; prune to shape; consistent watering.
Hibiscus,Autumn,West Bengal,2 times/week,01-Feb,NPK 10-10-10 (or bloom booster with high K),20g/plant/month (Full dose - transitional growing season),Medium,Medium,High,"Iron, Magnesium",Full sun,18-32°C,50-70%,Medium,Good blooming/growing season for many varieties; maintain regular watering. Regular deadheading encourages more blooms; prune to shape; consistent watering.
Hibiscus,Autumn,Maharashtra,2 times/week,01-Feb,NPK 10-10-10 (or bloom booster with high K),20g/plant/month (Full dose - transitional growing season),Medium,Medium,High,"Iron, Magnesium",Full sun,19-33°C,40-60%,Medium,Good blooming/growing season for many varieties; maintain regular watering. Regular deadheading encourages more blooms; prune to shape; consistent watering.
Hibiscus,Monsoon,Tamil Nadu,"Reduce - rely on rainfall, ensure drainage",0.5-1,NPK 10-10-10 (or bloom booster with high K),10g/plant/month (Half dose or skip - avoid fertilizing before/during heavy rain (nutrient leaching)),Medium,Medium,High,"Iron, Magnesium",Full sun,18-32°C,45-65%,Medium,Ensure excess water drains away; watch for fungal disease on flowers/foliage. Regular deadheading encourages more blooms; prune to shape; consistent watering.
Hibiscus,Monsoon,Kerala,"Reduce - rely on rainfall, ensure drainage",0.5-1,NPK 10-10-10 (or bloom booster with high K),10g/plant/month (Half dose or skip - avoid fertilizing before/during heavy rain (nutrient leaching)),Medium,Medium,High,"Iron, Magnesium",Full sun,17-31°C,55-75%,Medium,Ensure excess water drains away; watch for fungal disease on flowers/foliage. Regular deadheading encourages more blooms; prune to shape; consistent watering.
Hibiscus,Monsoon,Karnataka,"Reduce - rely on rainfall, ensure drainage",0.5-1,NPK 10-10-10 (or bloom booster with high K),10g/plant/month (Half dose or skip - avoid fertilizing before/during heavy rain (nutrient leaching)),Medium,Medium,High,"Iron, Magnesium",Full sun,17-31°C,45-65%,Medium,Ensure excess water drains away; watch for fungal disease on flowers/foliage. Regular deadheading encourages more blooms; prune to shape; consistent watering.
Hibiscus,Monsoon,West Bengal,"Reduce - rely on rainfall, ensure drainage",0.5-1,NPK 10-10-10 (or bloom booster with high K),10g/plant/month (Half dose or skip - avoid fertilizing before/during heavy rain (nutrient leaching)),Medium,Medium,High,"Iron, Magnesium",Full sun,18-32°C,50-70%,Medium,Ensure excess water drains away; watch for fungal disease on flowers/foliage. Regular deadheading encourages more blooms; prune to shape; consistent watering.
Hibiscus,Monsoon,Maharashtra,"Reduce - rely on rainfall, ensure drainage",0.5-1,NPK 10-10-10 (or bloom booster with high K),10g/plant/month (Half dose or skip - avoid fertilizing before/during heavy rain (nutrient leaching)),Medium,Medium,High,"Iron, Magnesium",Full sun,19-33°C,40-60%,Medium,Ensure excess water drains away; watch for fungal disease on flowers/foliage. Regular deadheading encourages more blooms; prune to shape; consistent watering.
Hibiscus,Winter,Tamil Nadu,1-2 times/week,0.5-1.5,NPK 10-10-10 (or bloom booster with high K),10g/plant/month (Half dose - reduced growth/dormancy),Medium,Medium,High,"Iron, Magnesium",Full sun,18-32°C,45-65%,Medium,Reduce watering for dormant types; cold-hardy bloomers continue flowering with regular care. Regular deadheading encourages more blooms; prune to shape; consistent watering.
Hibiscus,Winter,Kerala,1-2 times/week,0.5-1.5,NPK 10-10-10 (or bloom booster with high K),10g/plant/month (Half dose - reduced growth/dormancy),Medium,Medium,High,"Iron, Magnesium",Full sun,17-31°C,55-75%,Medium,Reduce watering for dormant types; cold-hardy bloomers continue flowering with regular care. Regular deadheading encourages more blooms; prune to shape; consistent watering.
Hibiscus,Winter,Karnataka,1-2 times/week,0.5-1.5,NPK 10-10-10 (or bloom booster with high K),10g/plant/month (Half dose - reduced growth/dormancy),Medium,Medium,High,"Iron, Magnesium",Full sun,17-31°C,45-65%,Medium,Reduce watering for dormant types; cold-hardy bloomers continue flowering with regular care. Regular deadheading encourages more blooms; prune to shape; consistent watering.
Hibiscus,Winter,West Bengal,1-2 times/week,0.5-1.5,NPK 10-10-10 (or bloom booster with high K),10g/plant/month (Half dose - reduced growth/dormancy),Medium,Medium,High,"Iron, Magnesium",Full sun,18-32°C,50-70%,Medium,Reduce watering for dormant types; cold-hardy bloomers continue flowering with regular care. Regular deadheading encourages more blooms; prune to shape; consistent watering.
Hibiscus,Winter,Maharashtra,1-2 times/week,0.5-1.5,NPK 10-10-10 (or bloom booster with high K),10g/plant/month (Half dose - reduced growth/dormancy),Medium,Medium,High,"Iron, Magnesium",Full sun,19-33°C,40-60%,Medium,Reduce watering for dormant types; cold-hardy bloomers continue flowering with regular care. Regular deadheading encourages more blooms; prune to shape; consistent watering.
Hibiscus,Windy,Tamil Nadu,3 times/week,1.5-3,NPK 10-10-10 (or bloom booster with high K),20g/plant/month (Full dose - same as normal growing schedule),Medium,Medium,High,"Iron, Magnesium",Full sun,18-32°C,45-65%,Medium,Stake tall stems and place in a sheltered spot to prevent stem breakage and bloom damage. Regular deadheading encourages more blooms; prune to shape; consistent watering.
Hibiscus,Windy,Kerala,3 times/week,1.5-3,NPK 10-10-10 (or bloom booster with high K),20g/plant/month (Full dose - same as normal growing schedule),Medium,Medium,High,"Iron, Magnesium",Full sun,17-31°C,55-75%,Medium,Stake tall stems and place in a sheltered spot to prevent stem breakage and bloom damage. Regular deadheading encourages more blooms; prune to shape; consistent watering.
Hibiscus,Windy,Karnataka,3 times/week,1.5-3,NPK 10-10-10 (or bloom booster with high K),20g/plant/month (Full dose - same as normal growing schedule),Medium,Medium,High,"Iron, Magnesium",Full sun,17-31°C,45-65%,Medium,Stake tall stems and place in a sheltered spot to prevent stem breakage and bloom damage. Regular deadheading encourages more blooms; prune to shape; consistent watering.
Hibiscus,Windy,West Bengal,3 times/week,1.5-3,NPK 10-10-10 (or bloom booster with high K),20g/plant/month (Full dose - same as normal growing schedule),Medium,Medium,High,"Iron, Magnesium",Full sun,18-32°C,50-70%,Medium,Stake tall stems and place in a sheltered spot to prevent stem breakage and bloom damage. Regular deadheading encourages more blooms; prune to shape; consistent watering.
Hibiscus,Windy,Maharashtra,3 times/week,1.5-3,NPK 10-10-10 (or bloom booster with high K),20g/plant/month (Full dose - same as normal growing schedule),Medium,Medium,High,"Iron, Magnesium",Full sun,19-33°C,40-60%,Medium,Stake tall stems and place in a sheltered spot to prevent stem breakage and bloom damage. Regular deadheading encourages more blooms; prune to shape; consistent watering.
Cyclamen,Summer,Himachal Pradesh,2-3 times/week,01-Mar,"Balanced liquid fertilizer, high P",5ml/plant/2 weeks (Full dose - active growth period),Low,High,Medium,Iron,"Bright indirect light, cool conditions",Oct-18,50-70%,Low,Deadhead spent blooms to encourage continuous flowering; water in early morning. Water from below to avoid crown rot; goes dormant in summer heat; keep cool.
Cyclamen,Summer,Uttarakhand,2-3 times/week,01-Mar,"Balanced liquid fertilizer, high P",5ml/plant/2 weeks (Full dose - active growth period),Low,High,Medium,Iron,"Bright indirect light, cool conditions",Oct-18,50-70%,Low,Deadhead spent blooms to encourage continuous flowering; water in early morning. Water from below to avoid crown rot; goes dormant in summer heat; keep cool.
Cyclamen,Summer,West Bengal,2-3 times/week,01-Mar,"Balanced liquid fertilizer, high P",5ml/plant/2 weeks (Full dose - active growth period),Low,High,Medium,Iron,"Bright indirect light, cool conditions",Oct-18,60-80%,Low,Deadhead spent blooms to encourage continuous flowering; water in early morning. Water from below to avoid crown rot; goes dormant in summer heat; keep cool.
Cyclamen,Summer,Karnataka,2-3 times/week,01-Mar,"Balanced liquid fertilizer, high P",5ml/plant/2 weeks (Full dose - active growth period),Low,High,Medium,Iron,"Bright indirect light, cool conditions",Oct-18,55-75%,Low,Deadhead spent blooms to encourage continuous flowering; water in early morning. Water from below to avoid crown rot; goes dormant in summer heat; keep cool.
Cyclamen,Summer,Sikkim,2-3 times/week,01-Mar,"Balanced liquid fertilizer, high P",5ml/plant/2 weeks (Full dose - active growth period),Low,High,Medium,Iron,"Bright indirect light, cool conditions",Oct-18,60-80%,Low,Deadhead spent blooms to encourage continuous flowering; water in early morning. Water from below to avoid crown rot; goes dormant in summer heat; keep cool.
Cyclamen,Autumn,Himachal Pradesh,2 times/week,01-Feb,"Balanced liquid fertilizer, high P",5ml/plant/2 weeks (Full dose - transitional growing season),Low,High,Medium,Iron,"Bright indirect light, cool conditions",Oct-18,50-70%,Low,Good blooming/growing season for many varieties; maintain regular watering. Water from below to avoid crown rot; goes dormant in summer heat; keep cool.
Cyclamen,Autumn,Uttarakhand,2 times/week,01-Feb,"Balanced liquid fertilizer, high P",5ml/plant/2 weeks (Full dose - transitional growing season),Low,High,Medium,Iron,"Bright indirect light, cool conditions",Oct-18,50-70%,Low,Good blooming/growing season for many varieties; maintain regular watering. Water from below to avoid crown rot; goes dormant in summer heat; keep cool.
Cyclamen,Autumn,West Bengal,2 times/week,01-Feb,"Balanced liquid fertilizer, high P",5ml/plant/2 weeks (Full dose - transitional growing season),Low,High,Medium,Iron,"Bright indirect light, cool conditions",Oct-18,60-80%,Low,Good blooming/growing season for many varieties; maintain regular watering. Water from below to avoid crown rot; goes dormant in summer heat; keep cool.
Cyclamen,Autumn,Karnataka,2 times/week,01-Feb,"Balanced liquid fertilizer, high P",5ml/plant/2 weeks (Full dose - transitional growing season),Low,High,Medium,Iron,"Bright indirect light, cool conditions",Oct-18,55-75%,Low,Good blooming/growing season for many varieties; maintain regular watering. Water from below to avoid crown rot; goes dormant in summer heat; keep cool.
Cyclamen,Autumn,Sikkim,2 times/week,01-Feb,"Balanced liquid fertilizer, high P",5ml/plant/2 weeks (Full dose - transitional growing season),Low,High,Medium,Iron,"Bright indirect light, cool conditions",Oct-18,60-80%,Low,Good blooming/growing season for many varieties; maintain regular watering. Water from below to avoid crown rot; goes dormant in summer heat; keep cool.
Cyclamen,Monsoon,Himachal Pradesh,"Reduce - rely on rainfall, ensure drainage",0.5-1,"Balanced liquid fertilizer, high P",2.5ml/plant/2 weeks (Half dose or skip - avoid fertilizing before/during heavy rain (nutrient leaching)),Low,High,Medium,Iron,"Bright indirect light, cool conditions",Oct-18,50-70%,Low,Ensure excess water drains away; watch for fungal disease on flowers/foliage. Water from below to avoid crown rot; goes dormant in summer heat; keep cool.
Cyclamen,Monsoon,Uttarakhand,"Reduce - rely on rainfall, ensure drainage",0.5-1,"Balanced liquid fertilizer, high P",2.5ml/plant/2 weeks (Half dose or skip - avoid fertilizing before/during heavy rain (nutrient leaching)),Low,High,Medium,Iron,"Bright indirect light, cool conditions",Oct-18,50-70%,Low,Ensure excess water drains away; watch for fungal disease on flowers/foliage. Water from below to avoid crown rot; goes dormant in summer heat; keep cool.
Cyclamen,Monsoon,West Bengal,"Reduce - rely on rainfall, ensure drainage",0.5-1,"Balanced liquid fertilizer, high P",2.5ml/plant/2 weeks (Half dose or skip - avoid fertilizing before/during heavy rain (nutrient leaching)),Low,High,Medium,Iron,"Bright indirect light, cool conditions",Oct-18,60-80%,Low,Ensure excess water drains away; watch for fungal disease on flowers/foliage. Water from below to avoid crown rot; goes dormant in summer heat; keep cool.
Cyclamen,Monsoon,Karnataka,"Reduce - rely on rainfall, ensure drainage",0.5-1,"Balanced liquid fertilizer, high P",2.5ml/plant/2 weeks (Half dose or skip - avoid fertilizing before/during heavy rain (nutrient leaching)),Low,High,Medium,Iron,"Bright indirect light, cool conditions",Oct-18,55-75%,Low,Ensure excess water drains away; watch for fungal disease on flowers/foliage. Water from below to avoid crown rot; goes dormant in summer heat; keep cool.
Cyclamen,Monsoon,Sikkim,"Reduce - rely on rainfall, ensure drainage",0.5-1,"Balanced liquid fertilizer, high P",2.5ml/plant/2 weeks (Half dose or skip - avoid fertilizing before/during heavy rain (nutrient leaching)),Low,High,Medium,Iron,"Bright indirect light, cool conditions",Oct-18,60-80%,Low,Ensure excess water drains away; watch for fungal disease on flowers/foliage. Water from below to avoid crown rot; goes dormant in summer heat; keep cool.
Cyclamen,Winter,Himachal Pradesh,2 times/week,01-Feb,"Balanced liquid fertilizer, high P",2.5ml/plant/2 weeks (Half dose - reduced growth/dormancy),Low,High,Medium,Iron,"Bright indirect light, cool conditions",Oct-18,50-70%,Low,Reduce watering for dormant types; cold-hardy bloomers continue flowering with regular care. Water from below to avoid crown rot; goes dormant in summer heat; keep cool.
Cyclamen,Winter,Uttarakhand,2 times/week,01-Feb,"Balanced liquid fertilizer, high P",2.5ml/plant/2 weeks (Half dose - reduced growth/dormancy),Low,High,Medium,Iron,"Bright indirect light, cool conditions",Oct-18,50-70%,Low,Reduce watering for dormant types; cold-hardy bloomers continue flowering with regular care. Water from below to avoid crown rot; goes dormant in summer heat; keep cool.
Cyclamen,Winter,West Bengal,2 times/week,01-Feb,"Balanced liquid fertilizer, high P",2.5ml/plant/2 weeks (Half dose - reduced growth/dormancy),Low,High,Medium,Iron,"Bright indirect light, cool conditions",Oct-18,60-80%,Low,Reduce watering for dormant types; cold-hardy bloomers continue flowering with regular care. Water from below to avoid crown rot; goes dormant in summer heat; keep cool.
Cyclamen,Winter,Karnataka,2 times/week,01-Feb,"Balanced liquid fertilizer, high P",2.5ml/plant/2 weeks (Half dose - reduced growth/dormancy),Low,High,Medium,Iron,"Bright indirect light, cool conditions",Oct-18,55-75%,Low,Reduce watering for dormant types; cold-hardy bloomers continue flowering with regular care. Water from below to avoid crown rot; goes dormant in summer heat; keep cool.
Cyclamen,Winter,Sikkim,2 times/week,01-Feb,"Balanced liquid fertilizer, high P",2.5ml/plant/2 weeks (Half dose - reduced growth/dormancy),Low,High,Medium,Iron,"Bright indirect light, cool conditions",Oct-18,60-80%,Low,Reduce watering for dormant types; cold-hardy bloomers continue flowering with regular care. Water from below to avoid crown rot; goes dormant in summer heat; keep cool.
Cyclamen,Windy,Himachal Pradesh,3 times/week,1.5-3,"Balanced liquid fertilizer, high P",5ml/plant/2 weeks (Full dose - same as normal growing schedule),Low,High,Medium,Iron,"Bright indirect light, cool conditions",Oct-18,50-70%,Low,Stake tall stems and place in a sheltered spot to prevent stem breakage and bloom damage. Water from below to avoid crown rot; goes dormant in summer heat; keep cool.
Cyclamen,Windy,Uttarakhand,3 times/week,1.5-3,"Balanced liquid fertilizer, high P",5ml/plant/2 weeks (Full dose - same as normal growing schedule),Low,High,Medium,Iron,"Bright indirect light, cool conditions",Oct-18,50-70%,Low,Stake tall stems and place in a sheltered spot to prevent stem breakage and bloom damage. Water from below to avoid crown rot; goes dormant in summer heat; keep cool.
Cyclamen,Windy,West Bengal,3 times/week,1.5-3,"Balanced liquid fertilizer, high P",5ml/plant/2 weeks (Full dose - same as normal growing schedule),Low,High,Medium,Iron,"Bright indirect light, cool conditions",Oct-18,60-80%,Low,Stake tall stems and place in a sheltered spot to prevent stem breakage and bloom damage. Water from below to avoid crown rot; goes dormant in summer heat; keep cool.
Cyclamen,Windy,Karnataka,3 times/week,1.5-3,"Balanced liquid fertilizer, high P",5ml/plant/2 weeks (Full dose - same as normal growing schedule),Low,High,Medium,Iron,"Bright indirect light, cool conditions",Oct-18,55-75%,Low,Stake tall stems and place in a sheltered spot to prevent stem breakage and bloom damage. Water from below to avoid crown rot; goes dormant in summer heat; keep cool.
Cyclamen,Windy,Sikkim,3 times/week,1.5-3,"Balanced liquid fertilizer, high P",5ml/plant/2 weeks (Full dose - same as normal growing schedule),Low,High,Medium,Iron,"Bright indirect light, cool conditions",Oct-18,60-80%,Low,Stake tall stems and place in a sheltered spot to prevent stem breakage and bloom damage. Water from below to avoid crown rot; goes dormant in summer heat; keep cool.
Red Cactus,Summer,Delhi,1-2 times/week,0.3-0.5,Cactus fertilizer (low N),5g/plant/2 months (Full dose - active growth period),Low,Medium,Medium,Calcium,Bright indirect light,21-30°C,20-40%,Low,Provide full sun; water deeply then let soil dry completely before next watering. Grafted colored cactus; avoid direct hot sun; let soil dry fully between waterings.
Red Cactus,Summer,Maharashtra,1-2 times/week,0.3-0.5,Cactus fertilizer (low N),5g/plant/2 months (Full dose - active growth period),Low,Medium,Medium,Calcium,Bright indirect light,19-28°C,30-50%,Low,Provide full sun; water deeply then let soil dry completely before next watering. Grafted colored cactus; avoid direct hot sun; let soil dry fully between waterings.
Red Cactus,Summer,Karnataka,1-2 times/week,0.3-0.5,Cactus fertilizer (low N),5g/plant/2 months (Full dose - active growth period),Low,Medium,Medium,Calcium,Bright indirect light,17-26°C,35-55%,Low,Provide full sun; water deeply then let soil dry completely before next watering. Grafted colored cactus; avoid direct hot sun; let soil dry fully between waterings.
Red Cactus,Summer,West Bengal,1-2 times/week,0.3-0.5,Cactus fertilizer (low N),5g/plant/2 months (Full dose - active growth period),Low,Medium,Medium,Calcium,Bright indirect light,18-27°C,40-60%,Low,Provide full sun; water deeply then let soil dry completely before next watering. Grafted colored cactus; avoid direct hot sun; let soil dry fully between waterings.
Red Cactus,Summer,Tamil Nadu,1-2 times/week,0.3-0.5,Cactus fertilizer (low N),5g/plant/2 months (Full dose - active growth period),Low,Medium,Medium,Calcium,Bright indirect light,18-27°C,35-55%,Low,Provide full sun; water deeply then let soil dry completely before next watering. Grafted colored cactus; avoid direct hot sun; let soil dry fully between waterings.
Red Cactus,Autumn,Delhi,1-2 times/month,0.2-0.3,Cactus fertilizer (low N),5g/plant/2 months (Full dose - transitional growing season),Low,Medium,Medium,Calcium,Bright indirect light,21-30°C,20-40%,Low,Growth slows; begin tapering off watering frequency as temperatures drop. Grafted colored cactus; avoid direct hot sun; let soil dry fully between waterings.
Red Cactus,Autumn,Maharashtra,1-2 times/month,0.2-0.3,Cactus fertilizer (low N),5g/plant/2 months (Full dose - transitional growing season),Low,Medium,Medium,Calcium,Bright indirect light,19-28°C,30-50%,Low,Growth slows; begin tapering off watering frequency as temperatures drop. Grafted colored cactus; avoid direct hot sun; let soil dry fully between waterings.
Red Cactus,Autumn,Karnataka,1-2 times/month,0.2-0.3,Cactus fertilizer (low N),5g/plant/2 months (Full dose - transitional growing season),Low,Medium,Medium,Calcium,Bright indirect light,17-26°C,35-55%,Low,Growth slows; begin tapering off watering frequency as temperatures drop. Grafted colored cactus; avoid direct hot sun; let soil dry fully between waterings.
Red Cactus,Autumn,West Bengal,1-2 times/month,0.2-0.3,Cactus fertilizer (low N),5g/plant/2 months (Full dose - transitional growing season),Low,Medium,Medium,Calcium,Bright indirect light,18-27°C,40-60%,Low,Growth slows; begin tapering off watering frequency as temperatures drop. Grafted colored cactus; avoid direct hot sun; let soil dry fully between waterings.
Red Cactus,Autumn,Tamil Nadu,1-2 times/month,0.2-0.3,Cactus fertilizer (low N),5g/plant/2 months (Full dose - transitional growing season),Low,Medium,Medium,Calcium,Bright indirect light,18-27°C,35-55%,Low,Growth slows; begin tapering off watering frequency as temperatures drop. Grafted colored cactus; avoid direct hot sun; let soil dry fully between waterings.
Red Cactus,Monsoon,Delhi,Rarely - only if no rain for 2+ weeks,0.1-0.2,Cactus fertilizer (low N),2.5g/plant/2 months (Half dose or skip - avoid fertilizing before/during heavy rain (nutrient leaching)),Low,Medium,Medium,Calcium,Bright indirect light,21-30°C,20-40%,Low,Move under cover or ensure sharp drainage to prevent root rot from excess rain. Grafted colored cactus; avoid direct hot sun; let soil dry fully between waterings.
Red Cactus,Monsoon,Maharashtra,Rarely - only if no rain for 2+ weeks,0.1-0.2,Cactus fertilizer (low N),2.5g/plant/2 months (Half dose or skip - avoid fertilizing before/during heavy rain (nutrient leaching)),Low,Medium,Medium,Calcium,Bright indirect light,19-28°C,30-50%,Low,Move under cover or ensure sharp drainage to prevent root rot from excess rain. Grafted colored cactus; avoid direct hot sun; let soil dry fully between waterings.
Red Cactus,Monsoon,Karnataka,Rarely - only if no rain for 2+ weeks,0.1-0.2,Cactus fertilizer (low N),2.5g/plant/2 months (Half dose or skip - avoid fertilizing before/during heavy rain (nutrient leaching)),Low,Medium,Medium,Calcium,Bright indirect light,17-26°C,35-55%,Low,Move under cover or ensure sharp drainage to prevent root rot from excess rain. Grafted colored cactus; avoid direct hot sun; let soil dry fully between waterings.
Red Cactus,Monsoon,West Bengal,Rarely - only if no rain for 2+ weeks,0.1-0.2,Cactus fertilizer (low N),2.5g/plant/2 months (Half dose or skip - avoid fertilizing before/during heavy rain (nutrient leaching)),Low,Medium,Medium,Calcium,Bright indirect light,18-27°C,40-60%,Low,Move under cover or ensure sharp drainage to prevent root rot from excess rain. Grafted colored cactus; avoid direct hot sun; let soil dry fully between waterings.
Red Cactus,Monsoon,Tamil Nadu,Rarely - only if no rain for 2+ weeks,0.1-0.2,Cactus fertilizer (low N),2.5g/plant/2 months (Half dose or skip - avoid fertilizing before/during heavy rain (nutrient leaching)),Low,Medium,Medium,Calcium,Bright indirect light,18-27°C,35-55%,Low,Move under cover or ensure sharp drainage to prevent root rot from excess rain. Grafted colored cactus; avoid direct hot sun; let soil dry fully between waterings.
Red Cactus,Winter,Delhi,Once a month or less,0.1-0.2,Cactus fertilizer (low N),2.5g/plant/2 months (Half dose - reduced growth/dormancy),Low,Medium,Medium,Calcium,Bright indirect light,21-30°C,20-40%,Low,"Keep nearly dry and in a warm, bright spot; avoid cold, wet soil which causes rot. Grafted colored cactus; avoid direct hot sun; let soil dry fully between waterings."
Red Cactus,Winter,Maharashtra,Once a month or less,0.1-0.2,Cactus fertilizer (low N),2.5g/plant/2 months (Half dose - reduced growth/dormancy),Low,Medium,Medium,Calcium,Bright indirect light,19-28°C,30-50%,Low,"Keep nearly dry and in a warm, bright spot; avoid cold, wet soil which causes rot. Grafted colored cactus; avoid direct hot sun; let soil dry fully between waterings."
Red Cactus,Winter,Karnataka,Once a month or less,0.1-0.2,Cactus fertilizer (low N),2.5g/plant/2 months (Half dose - reduced growth/dormancy),Low,Medium,Medium,Calcium,Bright indirect light,17-26°C,35-55%,Low,"Keep nearly dry and in a warm, bright spot; avoid cold, wet soil which causes rot. Grafted colored cactus; avoid direct hot sun; let soil dry fully between waterings."
Red Cactus,Winter,West Bengal,Once a month or less,0.1-0.2,Cactus fertilizer (low N),2.5g/plant/2 months (Half dose - reduced growth/dormancy),Low,Medium,Medium,Calcium,Bright indirect light,18-27°C,40-60%,Low,"Keep nearly dry and in a warm, bright spot; avoid cold, wet soil which causes rot. Grafted colored cactus; avoid direct hot sun; let soil dry fully between waterings."
Red Cactus,Winter,Tamil Nadu,Once a month or less,0.1-0.2,Cactus fertilizer (low N),2.5g/plant/2 months (Half dose - reduced growth/dormancy),Low,Medium,Medium,Calcium,Bright indirect light,18-27°C,35-55%,Low,"Keep nearly dry and in a warm, bright spot; avoid cold, wet soil which causes rot. Grafted colored cactus; avoid direct hot sun; let soil dry fully between waterings."
Red Cactus,Windy,Delhi,1-2 times/week,0.3-0.5,Cactus fertilizer (low N),5g/plant/2 months (Full dose - same as normal growing schedule),Low,Medium,Medium,Calcium,Bright indirect light,21-30°C,20-40%,Low,Naturally wind hardy; no special protection needed; ensure pot/planting is stable. Grafted colored cactus; avoid direct hot sun; let soil dry fully between waterings.
Red Cactus,Windy,Maharashtra,1-2 times/week,0.3-0.5,Cactus fertilizer (low N),5g/plant/2 months (Full dose - same as normal growing schedule),Low,Medium,Medium,Calcium,Bright indirect light,19-28°C,30-50%,Low,Naturally wind hardy; no special protection needed; ensure pot/planting is stable. Grafted colored cactus; avoid direct hot sun; let soil dry fully between waterings.
Red Cactus,Windy,Karnataka,1-2 times/week,0.3-0.5,Cactus fertilizer (low N),5g/plant/2 months (Full dose - same as normal growing schedule),Low,Medium,Medium,Calcium,Bright indirect light,17-26°C,35-55%,Low,Naturally wind hardy; no special protection needed; ensure pot/planting is stable. Grafted colored cactus; avoid direct hot sun; let soil dry fully between waterings.
Red Cactus,Windy,West Bengal,1-2 times/week,0.3-0.5,Cactus fertilizer (low N),5g/plant/2 months (Full dose - same as normal growing schedule),Low,Medium,Medium,Calcium,Bright indirect light,18-27°C,40-60%,Low,Naturally wind hardy; no special protection needed; ensure pot/planting is stable. Grafted colored cactus; avoid direct hot sun; let soil dry fully between waterings.
Red Cactus,Windy,Tamil Nadu,1-2 times/week,0.3-0.5,Cactus fertilizer (low N),5g/plant/2 months (Full dose - same as normal growing schedule),Low,Medium,Medium,Calcium,Bright indirect light,18-27°C,35-55%,Low,Naturally wind hardy; no special protection needed; ensure pot/planting is stable. Grafted colored cactus; avoid direct hot sun; let soil dry fully between waterings.
Purple Basil,Summer,Karnataka,Daily/alternate days,0.5-1,Organic compost/NPK 10-10-10,10g/plant/month (Full dose - active growth period),Medium,Low,Medium,Iron,Full sun,19-31°C,45-65%,Low,Harvest regularly to encourage bushy growth; provide light afternoon shade in extreme heat. Pinch flowering tops to prolong leaf production; harvest regularly.
Purple Basil,Summer,Tamil Nadu,Daily/alternate days,0.5-1,Organic compost/NPK 10-10-10,10g/plant/month (Full dose - active growth period),Medium,Low,Medium,Iron,Full sun,20-32°C,45-65%,Low,Harvest regularly to encourage bushy growth; provide light afternoon shade in extreme heat. Pinch flowering tops to prolong leaf production; harvest regularly.
Purple Basil,Summer,Maharashtra,Daily/alternate days,0.5-1,Organic compost/NPK 10-10-10,10g/plant/month (Full dose - active growth period),Medium,Low,Medium,Iron,Full sun,21-33°C,40-60%,Low,Harvest regularly to encourage bushy growth; provide light afternoon shade in extreme heat. Pinch flowering tops to prolong leaf production; harvest regularly.
Purple Basil,Summer,Uttar Pradesh,Daily/alternate days,0.5-1,Organic compost/NPK 10-10-10,10g/plant/month (Full dose - active growth period),Medium,Low,Medium,Iron,Full sun,22-34°C,35-55%,Low,Harvest regularly to encourage bushy growth; provide light afternoon shade in extreme heat. Pinch flowering tops to prolong leaf production; harvest regularly.
Purple Basil,Summer,Kerala,Daily/alternate days,0.5-1,Organic compost/NPK 10-10-10,10g/plant/month (Full dose - active growth period),Medium,Low,Medium,Iron,Full sun,19-31°C,55-75%,Low,Harvest regularly to encourage bushy growth; provide light afternoon shade in extreme heat. Pinch flowering tops to prolong leaf production; harvest regularly.
Purple Basil,Autumn,Karnataka,2-3 times/week,0.4-0.7,Organic compost/NPK 10-10-10,10g/plant/month (Full dose - transitional growing season),Medium,Low,Medium,Iron,Full sun,19-31°C,45-65%,Low,Continue regular harvesting; growth remains active in mild temperatures. Pinch flowering tops to prolong leaf production; harvest regularly.
Purple Basil,Autumn,Tamil Nadu,2-3 times/week,0.4-0.7,Organic compost/NPK 10-10-10,10g/plant/month (Full dose - transitional growing season),Medium,Low,Medium,Iron,Full sun,20-32°C,45-65%,Low,Continue regular harvesting; growth remains active in mild temperatures. Pinch flowering tops to prolong leaf production; harvest regularly.
Purple Basil,Autumn,Maharashtra,2-3 times/week,0.4-0.7,Organic compost/NPK 10-10-10,10g/plant/month (Full dose - transitional growing season),Medium,Low,Medium,Iron,Full sun,21-33°C,40-60%,Low,Continue regular harvesting; growth remains active in mild temperatures. Pinch flowering tops to prolong leaf production; harvest regularly.
Purple Basil,Autumn,Uttar Pradesh,2-3 times/week,0.4-0.7,Organic compost/NPK 10-10-10,10g/plant/month (Full dose - transitional growing season),Medium,Low,Medium,Iron,Full sun,22-34°C,35-55%,Low,Continue regular harvesting; growth remains active in mild temperatures. Pinch flowering tops to prolong leaf production; harvest regularly.
Purple Basil,Autumn,Kerala,2-3 times/week,0.4-0.7,Organic compost/NPK 10-10-10,10g/plant/month (Full dose - transitional growing season),Medium,Low,Medium,Iron,Full sun,19-31°C,55-75%,Low,Continue regular harvesting; growth remains active in mild temperatures. Pinch flowering tops to prolong leaf production; harvest regularly.
Purple Basil,Monsoon,Karnataka,As needed - only if no rain,0.2-0.4,Organic compost/NPK 10-10-10,5g/plant/month (Half dose or skip - avoid fertilizing before/during heavy rain (nutrient leaching)),Medium,Low,Medium,Iron,Full sun,19-31°C,45-65%,Low,Ensure good drainage to prevent root rot and fungal leaf spots; avoid waterlogged pots. Pinch flowering tops to prolong leaf production; harvest regularly.
Purple Basil,Monsoon,Tamil Nadu,As needed - only if no rain,0.2-0.4,Organic compost/NPK 10-10-10,5g/plant/month (Half dose or skip - avoid fertilizing before/during heavy rain (nutrient leaching)),Medium,Low,Medium,Iron,Full sun,20-32°C,45-65%,Low,Ensure good drainage to prevent root rot and fungal leaf spots; avoid waterlogged pots. Pinch flowering tops to prolong leaf production; harvest regularly.
Purple Basil,Monsoon,Maharashtra,As needed - only if no rain,0.2-0.4,Organic compost/NPK 10-10-10,5g/plant/month (Half dose or skip - avoid fertilizing before/during heavy rain (nutrient leaching)),Medium,Low,Medium,Iron,Full sun,21-33°C,40-60%,Low,Ensure good drainage to prevent root rot and fungal leaf spots; avoid waterlogged pots. Pinch flowering tops to prolong leaf production; harvest regularly.
Purple Basil,Monsoon,Uttar Pradesh,As needed - only if no rain,0.2-0.4,Organic compost/NPK 10-10-10,5g/plant/month (Half dose or skip - avoid fertilizing before/during heavy rain (nutrient leaching)),Medium,Low,Medium,Iron,Full sun,22-34°C,35-55%,Low,Ensure good drainage to prevent root rot and fungal leaf spots; avoid waterlogged pots. Pinch flowering tops to prolong leaf production; harvest regularly.
Purple Basil,Monsoon,Kerala,As needed - only if no rain,0.2-0.4,Organic compost/NPK 10-10-10,5g/plant/month (Half dose or skip - avoid fertilizing before/during heavy rain (nutrient leaching)),Medium,Low,Medium,Iron,Full sun,19-31°C,55-75%,Low,Ensure good drainage to prevent root rot and fungal leaf spots; avoid waterlogged pots. Pinch flowering tops to prolong leaf production; harvest regularly.
Purple Basil,Winter,Karnataka,2 times/week,0.3-0.5,Organic compost/NPK 10-10-10,5g/plant/month (Half dose - reduced growth/dormancy),Medium,Low,Medium,Iron,Full sun,19-31°C,45-65%,Low,Protect from frost/cold drafts; move containers indoors or to a sheltered spot if needed. Pinch flowering tops to prolong leaf production; harvest regularly.
Purple Basil,Winter,Tamil Nadu,2 times/week,0.3-0.5,Organic compost/NPK 10-10-10,5g/plant/month (Half dose - reduced growth/dormancy),Medium,Low,Medium,Iron,Full sun,20-32°C,45-65%,Low,Protect from frost/cold drafts; move containers indoors or to a sheltered spot if needed. Pinch flowering tops to prolong leaf production; harvest regularly.
Purple Basil,Winter,Maharashtra,2 times/week,0.3-0.5,Organic compost/NPK 10-10-10,5g/plant/month (Half dose - reduced growth/dormancy),Medium,Low,Medium,Iron,Full sun,21-33°C,40-60%,Low,Protect from frost/cold drafts; move containers indoors or to a sheltered spot if needed. Pinch flowering tops to prolong leaf production; harvest regularly.
Purple Basil,Winter,Uttar Pradesh,2 times/week,0.3-0.5,Organic compost/NPK 10-10-10,5g/plant/month (Half dose - reduced growth/dormancy),Medium,Low,Medium,Iron,Full sun,22-34°C,35-55%,Low,Protect from frost/cold drafts; move containers indoors or to a sheltered spot if needed. Pinch flowering tops to prolong leaf production; harvest regularly.
Purple Basil,Winter,Kerala,2 times/week,0.3-0.5,Organic compost/NPK 10-10-10,5g/plant/month (Half dose - reduced growth/dormancy),Medium,Low,Medium,Iron,Full sun,19-31°C,55-75%,Low,Protect from frost/cold drafts; move containers indoors or to a sheltered spot if needed. Pinch flowering tops to prolong leaf production; harvest regularly.
Purple Basil,Windy,Karnataka,Daily/alternate days,0.6-1,Organic compost/NPK 10-10-10,10g/plant/month (Full dose - same as normal growing schedule),Medium,Low,Medium,Iron,Full sun,19-31°C,45-65%,Low,Stake or shelter tender stems; increase watering slightly as wind dries soil faster. Pinch flowering tops to prolong leaf production; harvest regularly.
Purple Basil,Windy,Tamil Nadu,Daily/alternate days,0.6-1,Organic compost/NPK 10-10-10,10g/plant/month (Full dose - same as normal growing schedule),Medium,Low,Medium,Iron,Full sun,20-32°C,45-65%,Low,Stake or shelter tender stems; increase watering slightly as wind dries soil faster. Pinch flowering tops to prolong leaf production; harvest regularly.
Purple Basil,Windy,Maharashtra,Daily/alternate days,0.6-1,Organic compost/NPK 10-10-10,10g/plant/month (Full dose - same as normal growing schedule),Medium,Low,Medium,Iron,Full sun,21-33°C,40-60%,Low,Stake or shelter tender stems; increase watering slightly as wind dries soil faster. Pinch flowering tops to prolong leaf production; harvest regularly.
Purple Basil,Windy,Uttar Pradesh,Daily/alternate days,0.6-1,Organic compost/NPK 10-10-10,10g/plant/month (Full dose - same as normal growing schedule),Medium,Low,Medium,Iron,Full sun,22-34°C,35-55%,Low,Stake or shelter tender stems; increase watering slightly as wind dries soil faster. Pinch flowering tops to prolong leaf production; harvest regularly.
Purple Basil,Windy,Kerala,Daily/alternate days,0.6-1,Organic compost/NPK 10-10-10,10g/plant/month (Full dose - same as normal growing schedule),Medium,Low,Medium,Iron,Full sun,19-31°C,55-75%,Low,Stake or shelter tender stems; increase watering slightly as wind dries soil faster. Pinch flowering tops to prolong leaf production; harvest regularly.
Blue Forget-Me-Not,Summer,Himachal Pradesh,2-3 times/week,01-Mar,NPK 10-10-10,5g/plant/month (Full dose - active growth period),Medium,Medium,Low,Iron,Partial shade to full sun,Oct-22,50-70%,Low,Deadhead spent blooms to encourage continuous flowering; water in early morning. Keep soil consistently moist; self-seeds readily; good for borders/shade gardens.
Blue Forget-Me-Not,Summer,Uttarakhand,2-3 times/week,01-Mar,NPK 10-10-10,5g/plant/month (Full dose - active growth period),Medium,Medium,Low,Iron,Partial shade to full sun,Oct-22,50-70%,Low,Deadhead spent blooms to encourage continuous flowering; water in early morning. Keep soil consistently moist; self-seeds readily; good for borders/shade gardens.
Blue Forget-Me-Not,Summer,West Bengal,2-3 times/week,01-Mar,NPK 10-10-10,5g/plant/month (Full dose - active growth period),Medium,Medium,Low,Iron,Partial shade to full sun,Oct-22,60-80%,Low,Deadhead spent blooms to encourage continuous flowering; water in early morning. Keep soil consistently moist; self-seeds readily; good for borders/shade gardens.
Blue Forget-Me-Not,Summer,Sikkim,2-3 times/week,01-Mar,NPK 10-10-10,5g/plant/month (Full dose - active growth period),Medium,Medium,Low,Iron,Partial shade to full sun,Oct-22,60-80%,Low,Deadhead spent blooms to encourage continuous flowering; water in early morning. Keep soil consistently moist; self-seeds readily; good for borders/shade gardens.
Blue Forget-Me-Not,Summer,Karnataka,2-3 times/week,01-Mar,NPK 10-10-10,5g/plant/month (Full dose - active growth period),Medium,Medium,Low,Iron,Partial shade to full sun,Oct-22,55-75%,Low,Deadhead spent blooms to encourage continuous flowering; water in early morning. Keep soil consistently moist; self-seeds readily; good for borders/shade gardens.
Blue Forget-Me-Not,Autumn,Himachal Pradesh,2 times/week,01-Feb,NPK 10-10-10,5g/plant/month (Full dose - transitional growing season),Medium,Medium,Low,Iron,Partial shade to full sun,Oct-22,50-70%,Low,Good blooming/growing season for many varieties; maintain regular watering. Keep soil consistently moist; self-seeds readily; good for borders/shade gardens.
Blue Forget-Me-Not,Autumn,Uttarakhand,2 times/week,01-Feb,NPK 10-10-10,5g/plant/month (Full dose - transitional growing season),Medium,Medium,Low,Iron,Partial shade to full sun,Oct-22,50-70%,Low,Good blooming/growing season for many varieties; maintain regular watering. Keep soil consistently moist; self-seeds readily; good for borders/shade gardens.
Blue Forget-Me-Not,Autumn,West Bengal,2 times/week,01-Feb,NPK 10-10-10,5g/plant/month (Full dose - transitional growing season),Medium,Medium,Low,Iron,Partial shade to full sun,Oct-22,60-80%,Low,Good blooming/growing season for many varieties; maintain regular watering. Keep soil consistently moist; self-seeds readily; good for borders/shade gardens.
Blue Forget-Me-Not,Autumn,Sikkim,2 times/week,01-Feb,NPK 10-10-10,5g/plant/month (Full dose - transitional growing season),Medium,Medium,Low,Iron,Partial shade to full sun,Oct-22,60-80%,Low,Good blooming/growing season for many varieties; maintain regular watering. Keep soil consistently moist; self-seeds readily; good for borders/shade gardens.
Blue Forget-Me-Not,Autumn,Karnataka,2 times/week,01-Feb,NPK 10-10-10,5g/plant/month (Full dose - transitional growing season),Medium,Medium,Low,Iron,Partial shade to full sun,Oct-22,55-75%,Low,Good blooming/growing season for many varieties; maintain regular watering. Keep soil consistently moist; self-seeds readily; good for borders/shade gardens.
Blue Forget-Me-Not,Monsoon,Himachal Pradesh,"Reduce - rely on rainfall, ensure drainage",0.5-1,NPK 10-10-10,2.5g/plant/month (Half dose or skip - avoid fertilizing before/during heavy rain (nutrient leaching)),Medium,Medium,Low,Iron,Partial shade to full sun,Oct-22,50-70%,Low,Ensure excess water drains away; watch for fungal disease on flowers/foliage. Keep soil consistently moist; self-seeds readily; good for borders/shade gardens.
Blue Forget-Me-Not,Monsoon,Uttarakhand,"Reduce - rely on rainfall, ensure drainage",0.5-1,NPK 10-10-10,2.5g/plant/month (Half dose or skip - avoid fertilizing before/during heavy rain (nutrient leaching)),Medium,Medium,Low,Iron,Partial shade to full sun,Oct-22,50-70%,Low,Ensure excess water drains away; watch for fungal disease on flowers/foliage. Keep soil consistently moist; self-seeds readily; good for borders/shade gardens.
Blue Forget-Me-Not,Monsoon,West Bengal,"Reduce - rely on rainfall, ensure drainage",0.5-1,NPK 10-10-10,2.5g/plant/month (Half dose or skip - avoid fertilizing before/during heavy rain (nutrient leaching)),Medium,Medium,Low,Iron,Partial shade to full sun,Oct-22,60-80%,Low,Ensure excess water drains away; watch for fungal disease on flowers/foliage. Keep soil consistently moist; self-seeds readily; good for borders/shade gardens.
Blue Forget-Me-Not,Monsoon,Sikkim,"Reduce - rely on rainfall, ensure drainage",0.5-1,NPK 10-10-10,2.5g/plant/month (Half dose or skip - avoid fertilizing before/during heavy rain (nutrient leaching)),Medium,Medium,Low,Iron,Partial shade to full sun,Oct-22,60-80%,Low,Ensure excess water drains away; watch for fungal disease on flowers/foliage. Keep soil consistently moist; self-seeds readily; good for borders/shade gardens.
Blue Forget-Me-Not,Monsoon,Karnataka,"Reduce - rely on rainfall, ensure drainage",0.5-1,NPK 10-10-10,2.5g/plant/month (Half dose or skip - avoid fertilizing before/during heavy rain (nutrient leaching)),Medium,Medium,Low,Iron,Partial shade to full sun,Oct-22,55-75%,Low,Ensure excess water drains away; watch for fungal disease on flowers/foliage. Keep soil consistently moist; self-seeds readily; good for borders/shade gardens.
Blue Forget-Me-Not,Winter,Himachal Pradesh,2 times/week,01-Feb,NPK 10-10-10,2.5g/plant/month (Half dose - reduced growth/dormancy),Medium,Medium,Low,Iron,Partial shade to full sun,Oct-22,50-70%,Low,Reduce watering for dormant types; cold-hardy bloomers continue flowering with regular care. Keep soil consistently moist; self-seeds readily; good for borders/shade gardens.
Blue Forget-Me-Not,Winter,Uttarakhand,2 times/week,01-Feb,NPK 10-10-10,2.5g/plant/month (Half dose - reduced growth/dormancy),Medium,Medium,Low,Iron,Partial shade to full sun,Oct-22,50-70%,Low,Reduce watering for dormant types; cold-hardy bloomers continue flowering with regular care. Keep soil consistently moist; self-seeds readily; good for borders/shade gardens.
Blue Forget-Me-Not,Winter,West Bengal,2 times/week,01-Feb,NPK 10-10-10,2.5g/plant/month (Half dose - reduced growth/dormancy),Medium,Medium,Low,Iron,Partial shade to full sun,Oct-22,60-80%,Low,Reduce watering for dormant types; cold-hardy bloomers continue flowering with regular care. Keep soil consistently moist; self-seeds readily; good for borders/shade gardens.
Blue Forget-Me-Not,Winter,Sikkim,2 times/week,01-Feb,NPK 10-10-10,2.5g/plant/month (Half dose - reduced growth/dormancy),Medium,Medium,Low,Iron,Partial shade to full sun,Oct-22,60-80%,Low,Reduce watering for dormant types; cold-hardy bloomers continue flowering with regular care. Keep soil consistently moist; self-seeds readily; good for borders/shade gardens.
Blue Forget-Me-Not,Winter,Karnataka,2 times/week,01-Feb,NPK 10-10-10,2.5g/plant/month (Half dose - reduced growth/dormancy),Medium,Medium,Low,Iron,Partial shade to full sun,Oct-22,55-75%,Low,Reduce watering for dormant types; cold-hardy bloomers continue flowering with regular care. Keep soil consistently moist; self-seeds readily; good for borders/shade gardens.
Blue Forget-Me-Not,Windy,Himachal Pradesh,3 times/week,1.5-3,NPK 10-10-10,5g/plant/month (Full dose - same as normal growing schedule),Medium,Medium,Low,Iron,Partial shade to full sun,Oct-22,50-70%,Low,Stake tall stems and place in a sheltered spot to prevent stem breakage and bloom damage. Keep soil consistently moist; self-seeds readily; good for borders/shade gardens.
Blue Forget-Me-Not,Windy,Uttarakhand,3 times/week,1.5-3,NPK 10-10-10,5g/plant/month (Full dose - same as normal growing schedule),Medium,Medium,Low,Iron,Partial shade to full sun,Oct-22,50-70%,Low,Stake tall stems and place in a sheltered spot to prevent stem breakage and bloom damage. Keep soil consistently moist; self-seeds readily; good for borders/shade gardens.
Blue Forget-Me-Not,Windy,West Bengal,3 times/week,1.5-3,NPK 10-10-10,5g/plant/month (Full dose - same as normal growing schedule),Medium,Medium,Low,Iron,Partial shade to full sun,Oct-22,60-80%,Low,Stake tall stems and place in a sheltered spot to prevent stem breakage and bloom damage. Keep soil consistently moist; self-seeds readily; good for borders/shade gardens.
Blue Forget-Me-Not,Windy,Sikkim,3 times/week,1.5-3,NPK 10-10-10,5g/plant/month (Full dose - same as normal growing schedule),Medium,Medium,Low,Iron,Partial shade to full sun,Oct-22,60-80%,Low,Stake tall stems and place in a sheltered spot to prevent stem breakage and bloom damage. Keep soil consistently moist; self-seeds readily; good for borders/shade gardens.
Blue Forget-Me-Not,Windy,Karnataka,3 times/week,1.5-3,NPK 10-10-10,5g/plant/month (Full dose - same as normal growing schedule),Medium,Medium,Low,Iron,Partial shade to full sun,Oct-22,55-75%,Low,Stake tall stems and place in a sheltered spot to prevent stem breakage and bloom damage. Keep soil consistently moist; self-seeds readily; good for borders/shade gardens.
Rose Mallow,Summer,West Bengal,2-3 times/week,01-Mar,NPK 10-10-10,15g/plant/month (Full dose - active growth period),Medium,Medium,High,Iron,Full sun,18-32°C,50-70%,Medium,Deadhead spent blooms to encourage continuous flowering; water in early morning. Large hibiscus-family blooms; needs consistent moisture; cut back in late fall.
Rose Mallow,Summer,Assam,2-3 times/week,01-Mar,NPK 10-10-10,15g/plant/month (Full dose - active growth period),Medium,Medium,High,Iron,Full sun,17-31°C,55-75%,Medium,Deadhead spent blooms to encourage continuous flowering; water in early morning. Large hibiscus-family blooms; needs consistent moisture; cut back in late fall.
Rose Mallow,Summer,Tamil Nadu,2-3 times/week,01-Mar,NPK 10-10-10,15g/plant/month (Full dose - active growth period),Medium,Medium,High,Iron,Full sun,18-32°C,45-65%,Medium,Deadhead spent blooms to encourage continuous flowering; water in early morning. Large hibiscus-family blooms; needs consistent moisture; cut back in late fall.
Rose Mallow,Summer,Kerala,2-3 times/week,01-Mar,NPK 10-10-10,15g/plant/month (Full dose - active growth period),Medium,Medium,High,Iron,Full sun,17-31°C,55-75%,Medium,Deadhead spent blooms to encourage continuous flowering; water in early morning. Large hibiscus-family blooms; needs consistent moisture; cut back in late fall.
Rose Mallow,Summer,Karnataka,2-3 times/week,01-Mar,NPK 10-10-10,15g/plant/month (Full dose - active growth period),Medium,Medium,High,Iron,Full sun,17-31°C,45-65%,Medium,Deadhead spent blooms to encourage continuous flowering; water in early morning. Large hibiscus-family blooms; needs consistent moisture; cut back in late fall.
Rose Mallow,Autumn,West Bengal,2 times/week,01-Feb,NPK 10-10-10,15g/plant/month (Full dose - transitional growing season),Medium,Medium,High,Iron,Full sun,18-32°C,50-70%,Medium,Good blooming/growing season for many varieties; maintain regular watering. Large hibiscus-family blooms; needs consistent moisture; cut back in late fall.
Rose Mallow,Autumn,Assam,2 times/week,01-Feb,NPK 10-10-10,15g/plant/month (Full dose - transitional growing season),Medium,Medium,High,Iron,Full sun,17-31°C,55-75%,Medium,Good blooming/growing season for many varieties; maintain regular watering. Large hibiscus-family blooms; needs consistent moisture; cut back in late fall.
Rose Mallow,Autumn,Tamil Nadu,2 times/week,01-Feb,NPK 10-10-10,15g/plant/month (Full dose - transitional growing season),Medium,Medium,High,Iron,Full sun,18-32°C,45-65%,Medium,Good blooming/growing season for many varieties; maintain regular watering. Large hibiscus-family blooms; needs consistent moisture; cut back in late fall.
Rose Mallow,Autumn,Kerala,2 times/week,01-Feb,NPK 10-10-10,15g/plant/month (Full dose - transitional growing season),Medium,Medium,High,Iron,Full sun,17-31°C,55-75%,Medium,Good blooming/growing season for many varieties; maintain regular watering. Large hibiscus-family blooms; needs consistent moisture; cut back in late fall.
Rose Mallow,Autumn,Karnataka,2 times/week,01-Feb,NPK 10-10-10,15g/plant/month (Full dose - transitional growing season),Medium,Medium,High,Iron,Full sun,17-31°C,45-65%,Medium,Good blooming/growing season for many varieties; maintain regular watering. Large hibiscus-family blooms; needs consistent moisture; cut back in late fall.
Rose Mallow,Monsoon,West Bengal,"Reduce - rely on rainfall, ensure drainage",0.5-1,NPK 10-10-10,7.5g/plant/month (Half dose or skip - avoid fertilizing before/during heavy rain (nutrient leaching)),Medium,Medium,High,Iron,Full sun,18-32°C,50-70%,Medium,Ensure excess water drains away; watch for fungal disease on flowers/foliage. Large hibiscus-family blooms; needs consistent moisture; cut back in late fall.
Rose Mallow,Monsoon,Assam,"Reduce - rely on rainfall, ensure drainage",0.5-1,NPK 10-10-10,7.5g/plant/month (Half dose or skip - avoid fertilizing before/during heavy rain (nutrient leaching)),Medium,Medium,High,Iron,Full sun,17-31°C,55-75%,Medium,Ensure excess water drains away; watch for fungal disease on flowers/foliage. Large hibiscus-family blooms; needs consistent moisture; cut back in late fall.
Rose Mallow,Monsoon,Tamil Nadu,"Reduce - rely on rainfall, ensure drainage",0.5-1,NPK 10-10-10,7.5g/plant/month (Half dose or skip - avoid fertilizing before/during heavy rain (nutrient leaching)),Medium,Medium,High,Iron,Full sun,18-32°C,45-65%,Medium,Ensure excess water drains away; watch for fungal disease on flowers/foliage. Large hibiscus-family blooms; needs consistent moisture; cut back in late fall.
Rose Mallow,Monsoon,Kerala,"Reduce - rely on rainfall, ensure drainage",0.5-1,NPK 10-10-10,7.5g/plant/month (Half dose or skip - avoid fertilizing before/during heavy rain (nutrient leaching)),Medium,Medium,High,Iron,Full sun,17-31°C,55-75%,Medium,Ensure excess water drains away; watch for fungal disease on flowers/foliage. Large hibiscus-family blooms; needs consistent moisture; cut back in late fall.
Rose Mallow,Monsoon,Karnataka,"Reduce - rely on rainfall, ensure drainage",0.5-1,NPK 10-10-10,7.5g/plant/month (Half dose or skip - avoid fertilizing before/during heavy rain (nutrient leaching)),Medium,Medium,High,Iron,Full sun,17-31°C,45-65%,Medium,Ensure excess water drains away; watch for fungal disease on flowers/foliage. Large hibiscus-family blooms; needs consistent moisture; cut back in late fall.
Rose Mallow,Winter,West Bengal,1-2 times/week,0.5-1.5,NPK 10-10-10,7.5g/plant/month (Half dose - reduced growth/dormancy),Medium,Medium,High,Iron,Full sun,18-32°C,50-70%,Medium,Reduce watering for dormant types; cold-hardy bloomers continue flowering with regular care. Large hibiscus-family blooms; needs consistent moisture; cut back in late fall.
Rose Mallow,Winter,Assam,1-2 times/week,0.5-1.5,NPK 10-10-10,7.5g/plant/month (Half dose - reduced growth/dormancy),Medium,Medium,High,Iron,Full sun,17-31°C,55-75%,Medium,Reduce watering for dormant types; cold-hardy bloomers continue flowering with regular care. Large hibiscus-family blooms; needs consistent moisture; cut back in late fall.
Rose Mallow,Winter,Tamil Nadu,1-2 times/week,0.5-1.5,NPK 10-10-10,7.5g/plant/month (Half dose - reduced growth/dormancy),Medium,Medium,High,Iron,Full sun,18-32°C,45-65%,Medium,Reduce watering for dormant types; cold-hardy bloomers continue flowering with regular care. Large hibiscus-family blooms; needs consistent moisture; cut back in late fall.
Rose Mallow,Winter,Kerala,1-2 times/week,0.5-1.5,NPK 10-10-10,7.5g/plant/month (Half dose - reduced growth/dormancy),Medium,Medium,High,Iron,Full sun,17-31°C,55-75%,Medium,Reduce watering for dormant types; cold-hardy bloomers continue flowering with regular care. Large hibiscus-family blooms; needs consistent moisture; cut back in late fall.
Rose Mallow,Winter,Karnataka,1-2 times/week,0.5-1.5,NPK 10-10-10,7.5g/plant/month (Half dose - reduced growth/dormancy),Medium,Medium,High,Iron,Full sun,17-31°C,45-65%,Medium,Reduce watering for dormant types; cold-hardy bloomers continue flowering with regular care. Large hibiscus-family blooms; needs consistent moisture; cut back in late fall.
Rose Mallow,Windy,West Bengal,3 times/week,1.5-3,NPK 10-10-10,15g/plant/month (Full dose - same as normal growing schedule),Medium,Medium,High,Iron,Full sun,18-32°C,50-70%,Medium,Stake tall stems and place in a sheltered spot to prevent stem breakage and bloom damage. Large hibiscus-family blooms; needs consistent moisture; cut back in late fall.
Rose Mallow,Windy,Assam,3 times/week,1.5-3,NPK 10-10-10,15g/plant/month (Full dose - same as normal growing schedule),Medium,Medium,High,Iron,Full sun,17-31°C,55-75%,Medium,Stake tall stems and place in a sheltered spot to prevent stem breakage and bloom damage. Large hibiscus-family blooms; needs consistent moisture; cut back in late fall.
Rose Mallow,Windy,Tamil Nadu,3 times/week,1.5-3,NPK 10-10-10,15g/plant/month (Full dose - same as normal growing schedule),Medium,Medium,High,Iron,Full sun,18-32°C,45-65%,Medium,Stake tall stems and place in a sheltered spot to prevent stem breakage and bloom damage. Large hibiscus-family blooms; needs consistent moisture; cut back in late fall.
Rose Mallow,Windy,Kerala,3 times/week,1.5-3,NPK 10-10-10,15g/plant/month (Full dose - same as normal growing schedule),Medium,Medium,High,Iron,Full sun,17-31°C,55-75%,Medium,Stake tall stems and place in a sheltered spot to prevent stem breakage and bloom damage. Large hibiscus-family blooms; needs consistent moisture; cut back in late fall.
Rose Mallow,Windy,Karnataka,3 times/week,1.5-3,NPK 10-10-10,15g/plant/month (Full dose - same as normal growing schedule),Medium,Medium,High,Iron,Full sun,17-31°C,45-65%,Medium,Stake tall stems and place in a sheltered spot to prevent stem breakage and bloom damage. Large hibiscus-family blooms; needs consistent moisture; cut back in late fall.
Rose Campion,Summer,Himachal Pradesh,2-3 times/week,01-Mar,NPK 10-10-10,10g/plant/month (Full dose - active growth period),Low,Medium,Medium,Iron,Full sun,9-21°C,30-50%,Medium,Deadhead spent blooms to encourage continuous flowering; water in early morning. Drought tolerant once established; self-seeds; silvery foliage prefers well-drained soil.
Rose Campion,Summer,Uttarakhand,2-3 times/week,01-Mar,NPK 10-10-10,10g/plant/month (Full dose - active growth period),Low,Medium,Medium,Iron,Full sun,10-22°C,30-50%,Medium,Deadhead spent blooms to encourage continuous flowering; water in early morning. Drought tolerant once established; self-seeds; silvery foliage prefers well-drained soil.
Rose Campion,Summer,West Bengal,2-3 times/week,01-Mar,NPK 10-10-10,10g/plant/month (Full dose - active growth period),Low,Medium,Medium,Iron,Full sun,15-27°C,40-60%,Medium,Deadhead spent blooms to encourage continuous flowering; water in early morning. Drought tolerant once established; self-seeds; silvery foliage prefers well-drained soil.
Rose Campion,Summer,Karnataka,2-3 times/week,01-Mar,NPK 10-10-10,10g/plant/month (Full dose - active growth period),Low,Medium,Medium,Iron,Full sun,14-26°C,35-55%,Medium,Deadhead spent blooms to encourage continuous flowering; water in early morning. Drought tolerant once established; self-seeds; silvery foliage prefers well-drained soil.
Rose Campion,Summer,Tamil Nadu,2-3 times/week,01-Mar,NPK 10-10-10,10g/plant/month (Full dose - active growth period),Low,Medium,Medium,Iron,Full sun,15-27°C,35-55%,Medium,Deadhead spent blooms to encourage continuous flowering; water in early morning. Drought tolerant once established; self-seeds; silvery foliage prefers well-drained soil.
Rose Campion,Autumn,Himachal Pradesh,2 times/week,01-Feb,NPK 10-10-10,10g/plant/month (Full dose - transitional growing season),Low,Medium,Medium,Iron,Full sun,9-21°C,30-50%,Medium,Good blooming/growing season for many varieties; maintain regular watering. Drought tolerant once established; self-seeds; silvery foliage prefers well-drained soil.
Rose Campion,Autumn,Uttarakhand,2 times/week,01-Feb,NPK 10-10-10,10g/plant/month (Full dose - transitional growing season),Low,Medium,Medium,Iron,Full sun,10-22°C,30-50%,Medium,Good blooming/growing season for many varieties; maintain regular watering. Drought tolerant once established; self-seeds; silvery foliage prefers well-drained soil.
Rose Campion,Autumn,West Bengal,2 times/week,01-Feb,NPK 10-10-10,10g/plant/month (Full dose - transitional growing season),Low,Medium,Medium,Iron,Full sun,15-27°C,40-60%,Medium,Good blooming/growing season for many varieties; maintain regular watering. Drought tolerant once established; self-seeds; silvery foliage prefers well-drained soil.
Rose Campion,Autumn,Karnataka,2 times/week,01-Feb,NPK 10-10-10,10g/plant/month (Full dose - transitional growing season),Low,Medium,Medium,Iron,Full sun,14-26°C,35-55%,Medium,Good blooming/growing season for many varieties; maintain regular watering. Drought tolerant once established; self-seeds; silvery foliage prefers well-drained soil.
Rose Campion,Autumn,Tamil Nadu,2 times/week,01-Feb,NPK 10-10-10,10g/plant/month (Full dose - transitional growing season),Low,Medium,Medium,Iron,Full sun,15-27°C,35-55%,Medium,Good blooming/growing season for many varieties; maintain regular watering. Drought tolerant once established; self-seeds; silvery foliage prefers well-drained soil.
Rose Campion,Monsoon,Himachal Pradesh,"Reduce - rely on rainfall, ensure drainage",0.5-1,NPK 10-10-10,5g/plant/month (Half dose or skip - avoid fertilizing before/during heavy rain (nutrient leaching)),Low,Medium,Medium,Iron,Full sun,9-21°C,30-50%,Medium,Ensure excess water drains away; watch for fungal disease on flowers/foliage. Drought tolerant once established; self-seeds; silvery foliage prefers well-drained soil.
Rose Campion,Monsoon,Uttarakhand,"Reduce - rely on rainfall, ensure drainage",0.5-1,NPK 10-10-10,5g/plant/month (Half dose or skip - avoid fertilizing before/during heavy rain (nutrient leaching)),Low,Medium,Medium,Iron,Full sun,10-22°C,30-50%,Medium,Ensure excess water drains away; watch for fungal disease on flowers/foliage. Drought tolerant once established; self-seeds; silvery foliage prefers well-drained soil.
Rose Campion,Monsoon,West Bengal,"Reduce - rely on rainfall, ensure drainage",0.5-1,NPK 10-10-10,5g/plant/month (Half dose or skip - avoid fertilizing before/during heavy rain (nutrient leaching)),Low,Medium,Medium,Iron,Full sun,15-27°C,40-60%,Medium,Ensure excess water drains away; watch for fungal disease on flowers/foliage. Drought tolerant once established; self-seeds; silvery foliage prefers well-drained soil.
Rose Campion,Monsoon,Karnataka,"Reduce - rely on rainfall, ensure drainage",0.5-1,NPK 10-10-10,5g/plant/month (Half dose or skip - avoid fertilizing before/during heavy rain (nutrient leaching)),Low,Medium,Medium,Iron,Full sun,14-26°C,35-55%,Medium,Ensure excess water drains away; watch for fungal disease on flowers/foliage. Drought tolerant once established; self-seeds; silvery foliage prefers well-drained soil.
Rose Campion,Monsoon,Tamil Nadu,"Reduce - rely on rainfall, ensure drainage",0.5-1,NPK 10-10-10,5g/plant/month (Half dose or skip - avoid fertilizing before/during heavy rain (nutrient leaching)),Low,Medium,Medium,Iron,Full sun,15-27°C,35-55%,Medium,Ensure excess water drains away; watch for fungal disease on flowers/foliage. Drought tolerant once established; self-seeds; silvery foliage prefers well-drained soil.
Rose Campion,Winter,Himachal Pradesh,1-2 times/week,0.5-1.5,NPK 10-10-10,5g/plant/month (Half dose - reduced growth/dormancy),Low,Medium,Medium,Iron,Full sun,9-21°C,30-50%,Medium,Reduce watering for dormant types; cold-hardy bloomers continue flowering with regular care. Drought tolerant once established; self-seeds; silvery foliage prefers well-drained soil.
Rose Campion,Winter,Uttarakhand,1-2 times/week,0.5-1.5,NPK 10-10-10,5g/plant/month (Half dose - reduced growth/dormancy),Low,Medium,Medium,Iron,Full sun,10-22°C,30-50%,Medium,Reduce watering for dormant types; cold-hardy bloomers continue flowering with regular care. Drought tolerant once established; self-seeds; silvery foliage prefers well-drained soil.
Rose Campion,Winter,West Bengal,1-2 times/week,0.5-1.5,NPK 10-10-10,5g/plant/month (Half dose - reduced growth/dormancy),Low,Medium,Medium,Iron,Full sun,15-27°C,40-60%,Medium,Reduce watering for dormant types; cold-hardy bloomers continue flowering with regular care. Drought tolerant once established; self-seeds; silvery foliage prefers well-drained soil.
Rose Campion,Winter,Karnataka,1-2 times/week,0.5-1.5,NPK 10-10-10,5g/plant/month (Half dose - reduced growth/dormancy),Low,Medium,Medium,Iron,Full sun,14-26°C,35-55%,Medium,Reduce watering for dormant types; cold-hardy bloomers continue flowering with regular care. Drought tolerant once established; self-seeds; silvery foliage prefers well-drained soil.
Rose Campion,Winter,Tamil Nadu,1-2 times/week,0.5-1.5,NPK 10-10-10,5g/plant/month (Half dose - reduced growth/dormancy),Low,Medium,Medium,Iron,Full sun,15-27°C,35-55%,Medium,Reduce watering for dormant types; cold-hardy bloomers continue flowering with regular care. Drought tolerant once established; self-seeds; silvery foliage prefers well-drained soil.
Rose Campion,Windy,Himachal Pradesh,3 times/week,1.5-3,NPK 10-10-10,10g/plant/month (Full dose - same as normal growing schedule),Low,Medium,Medium,Iron,Full sun,9-21°C,30-50%,Medium,Stake tall stems and place in a sheltered spot to prevent stem breakage and bloom damage. Drought tolerant once established; self-seeds; silvery foliage prefers well-drained soil.
Rose Campion,Windy,Uttarakhand,3 times/week,1.5-3,NPK 10-10-10,10g/plant/month (Full dose - same as normal growing schedule),Low,Medium,Medium,Iron,Full sun,10-22°C,30-50%,Medium,Stake tall stems and place in a sheltered spot to prevent stem breakage and bloom damage. Drought tolerant once established; self-seeds; silvery foliage prefers well-drained soil.
Rose Campion,Windy,West Bengal,3 times/week,1.5-3,NPK 10-10-10,10g/plant/month (Full dose - same as normal growing schedule),Low,Medium,Medium,Iron,Full sun,15-27°C,40-60%,Medium,Stake tall stems and place in a sheltered spot to prevent stem breakage and bloom damage. Drought tolerant once established; self-seeds; silvery foliage prefers well-drained soil.
Rose Campion,Windy,Karnataka,3 times/week,1.5-3,NPK 10-10-10,10g/plant/month (Full dose - same as normal growing schedule),Low,Medium,Medium,Iron,Full sun,14-26°C,35-55%,Medium,Stake tall stems and place in a sheltered spot to prevent stem breakage and bloom damage. Drought tolerant once established; self-seeds; silvery foliage prefers well-drained soil.
Rose Campion,Windy,Tamil Nadu,3 times/week,1.5-3,NPK 10-10-10,10g/plant/month (Full dose - same as normal growing schedule),Low,Medium,Medium,Iron,Full sun,15-27°C,35-55%,Medium,Stake tall stems and place in a sheltered spot to prevent stem breakage and bloom damage. Drought tolerant once established; self-seeds; silvery foliage prefers well-drained soil.
Rose Geranium,Summer,Himachal Pradesh,Daily/alternate days,0.5-1,Balanced organic fertilizer (light feeder),10g/plant/month (Full dose - active growth period),Low,Medium,Medium,Iron,Full sun,9-22°C,30-50%,Medium,Harvest regularly to encourage bushy growth; provide light afternoon shade in extreme heat. Aromatic foliage; avoid overwatering; pinch tips for bushier growth.
Rose Geranium,Summer,Uttarakhand,Daily/alternate days,0.5-1,Balanced organic fertilizer (light feeder),10g/plant/month (Full dose - active growth period),Low,Medium,Medium,Iron,Full sun,10-23°C,30-50%,Medium,Harvest regularly to encourage bushy growth; provide light afternoon shade in extreme heat. Aromatic foliage; avoid overwatering; pinch tips for bushier growth.
Rose Geranium,Summer,Tamil Nadu,Daily/alternate days,0.5-1,Balanced organic fertilizer (light feeder),10g/plant/month (Full dose - active growth period),Low,Medium,Medium,Iron,Full sun,15-28°C,35-55%,Medium,Harvest regularly to encourage bushy growth; provide light afternoon shade in extreme heat. Aromatic foliage; avoid overwatering; pinch tips for bushier growth.
Rose Geranium,Summer,Karnataka,Daily/alternate days,0.5-1,Balanced organic fertilizer (light feeder),10g/plant/month (Full dose - active growth period),Low,Medium,Medium,Iron,Full sun,14-27°C,35-55%,Medium,Harvest regularly to encourage bushy growth; provide light afternoon shade in extreme heat. Aromatic foliage; avoid overwatering; pinch tips for bushier growth.
Rose Geranium,Summer,Maharashtra,Daily/alternate days,0.5-1,Balanced organic fertilizer (light feeder),10g/plant/month (Full dose - active growth period),Low,Medium,Medium,Iron,Full sun,16-29°C,30-50%,Medium,Harvest regularly to encourage bushy growth; provide light afternoon shade in extreme heat. Aromatic foliage; avoid overwatering; pinch tips for bushier growth.
Rose Geranium,Autumn,Himachal Pradesh,2-3 times/week,0.4-0.7,Balanced organic fertilizer (light feeder),10g/plant/month (Full dose - transitional growing season),Low,Medium,Medium,Iron,Full sun,9-22°C,30-50%,Medium,Continue regular harvesting; growth remains active in mild temperatures. Aromatic foliage; avoid overwatering; pinch tips for bushier growth.
Rose Geranium,Autumn,Uttarakhand,2-3 times/week,0.4-0.7,Balanced organic fertilizer (light feeder),10g/plant/month (Full dose - transitional growing season),Low,Medium,Medium,Iron,Full sun,10-23°C,30-50%,Medium,Continue regular harvesting; growth remains active in mild temperatures. Aromatic foliage; avoid overwatering; pinch tips for bushier growth.
Rose Geranium,Autumn,Tamil Nadu,2-3 times/week,0.4-0.7,Balanced organic fertilizer (light feeder),10g/plant/month (Full dose - transitional growing season),Low,Medium,Medium,Iron,Full sun,15-28°C,35-55%,Medium,Continue regular harvesting; growth remains active in mild temperatures. Aromatic foliage; avoid overwatering; pinch tips for bushier growth.
Rose Geranium,Autumn,Karnataka,2-3 times/week,0.4-0.7,Balanced organic fertilizer (light feeder),10g/plant/month (Full dose - transitional growing season),Low,Medium,Medium,Iron,Full sun,14-27°C,35-55%,Medium,Continue regular harvesting; growth remains active in mild temperatures. Aromatic foliage; avoid overwatering; pinch tips for bushier growth.
Rose Geranium,Autumn,Maharashtra,2-3 times/week,0.4-0.7,Balanced organic fertilizer (light feeder),10g/plant/month (Full dose - transitional growing season),Low,Medium,Medium,Iron,Full sun,16-29°C,30-50%,Medium,Continue regular harvesting; growth remains active in mild temperatures. Aromatic foliage; avoid overwatering; pinch tips for bushier growth.
Rose Geranium,Monsoon,Himachal Pradesh,As needed - only if no rain,0.2-0.4,Balanced organic fertilizer (light feeder),5g/plant/month (Half dose or skip - avoid fertilizing before/during heavy rain (nutrient leaching)),Low,Medium,Medium,Iron,Full sun,9-22°C,30-50%,Medium,Ensure good drainage to prevent root rot and fungal leaf spots; avoid waterlogged pots. Aromatic foliage; avoid overwatering; pinch tips for bushier growth.
Rose Geranium,Monsoon,Uttarakhand,As needed - only if no rain,0.2-0.4,Balanced organic fertilizer (light feeder),5g/plant/month (Half dose or skip - avoid fertilizing before/during heavy rain (nutrient leaching)),Low,Medium,Medium,Iron,Full sun,10-23°C,30-50%,Medium,Ensure good drainage to prevent root rot and fungal leaf spots; avoid waterlogged pots. Aromatic foliage; avoid overwatering; pinch tips for bushier growth.
Rose Geranium,Monsoon,Tamil Nadu,As needed - only if no rain,0.2-0.4,Balanced organic fertilizer (light feeder),5g/plant/month (Half dose or skip - avoid fertilizing before/during heavy rain (nutrient leaching)),Low,Medium,Medium,Iron,Full sun,15-28°C,35-55%,Medium,Ensure good drainage to prevent root rot and fungal leaf spots; avoid waterlogged pots. Aromatic foliage; avoid overwatering; pinch tips for bushier growth.
Rose Geranium,Monsoon,Karnataka,As needed - only if no rain,0.2-0.4,Balanced organic fertilizer (light feeder),5g/plant/month (Half dose or skip - avoid fertilizing before/during heavy rain (nutrient leaching)),Low,Medium,Medium,Iron,Full sun,14-27°C,35-55%,Medium,Ensure good drainage to prevent root rot and fungal leaf spots; avoid waterlogged pots. Aromatic foliage; avoid overwatering; pinch tips for bushier growth.
Rose Geranium,Monsoon,Maharashtra,As needed - only if no rain,0.2-0.4,Balanced organic fertilizer (light feeder),5g/plant/month (Half dose or skip - avoid fertilizing before/during heavy rain (nutrient leaching)),Low,Medium,Medium,Iron,Full sun,16-29°C,30-50%,Medium,Ensure good drainage to prevent root rot and fungal leaf spots; avoid waterlogged pots. Aromatic foliage; avoid overwatering; pinch tips for bushier growth.
Rose Geranium,Winter,Himachal Pradesh,2 times/week,0.3-0.5,Balanced organic fertilizer (light feeder),5g/plant/month (Half dose - reduced growth/dormancy),Low,Medium,Medium,Iron,Full sun,9-22°C,30-50%,Medium,Protect from frost/cold drafts; move containers indoors or to a sheltered spot if needed. Aromatic foliage; avoid overwatering; pinch tips for bushier growth.
Rose Geranium,Winter,Uttarakhand,2 times/week,0.3-0.5,Balanced organic fertilizer (light feeder),5g/plant/month (Half dose - reduced growth/dormancy),Low,Medium,Medium,Iron,Full sun,10-23°C,30-50%,Medium,Protect from frost/cold drafts; move containers indoors or to a sheltered spot if needed. Aromatic foliage; avoid overwatering; pinch tips for bushier growth.
Rose Geranium,Winter,Tamil Nadu,2 times/week,0.3-0.5,Balanced organic fertilizer (light feeder),5g/plant/month (Half dose - reduced growth/dormancy),Low,Medium,Medium,Iron,Full sun,15-28°C,35-55%,Medium,Protect from frost/cold drafts; move containers indoors or to a sheltered spot if needed. Aromatic foliage; avoid overwatering; pinch tips for bushier growth.
Rose Geranium,Winter,Karnataka,2 times/week,0.3-0.5,Balanced organic fertilizer (light feeder),5g/plant/month (Half dose - reduced growth/dormancy),Low,Medium,Medium,Iron,Full sun,14-27°C,35-55%,Medium,Protect from frost/cold drafts; move containers indoors or to a sheltered spot if needed. Aromatic foliage; avoid overwatering; pinch tips for bushier growth.
Rose Geranium,Winter,Maharashtra,2 times/week,0.3-0.5,Balanced organic fertilizer (light feeder),5g/plant/month (Half dose - reduced growth/dormancy),Low,Medium,Medium,Iron,Full sun,16-29°C,30-50%,Medium,Protect from frost/cold drafts; move containers indoors or to a sheltered spot if needed. Aromatic foliage; avoid overwatering; pinch tips for bushier growth.
Rose Geranium,Windy,Himachal Pradesh,Daily/alternate days,0.6-1,Balanced organic fertilizer (light feeder),10g/plant/month (Full dose - same as normal growing schedule),Low,Medium,Medium,Iron,Full sun,9-22°C,30-50%,Medium,Stake or shelter tender stems; increase watering slightly as wind dries soil faster. Aromatic foliage; avoid overwatering; pinch tips for bushier growth.
Rose Geranium,Windy,Uttarakhand,Daily/alternate days,0.6-1,Balanced organic fertilizer (light feeder),10g/plant/month (Full dose - same as normal growing schedule),Low,Medium,Medium,Iron,Full sun,10-23°C,30-50%,Medium,Stake or shelter tender stems; increase watering slightly as wind dries soil faster. Aromatic foliage; avoid overwatering; pinch tips for bushier growth.
Rose Geranium,Windy,Tamil Nadu,Daily/alternate days,0.6-1,Balanced organic fertilizer (light feeder),10g/plant/month (Full dose - same as normal growing schedule),Low,Medium,Medium,Iron,Full sun,15-28°C,35-55%,Medium,Stake or shelter tender stems; increase watering slightly as wind dries soil faster. Aromatic foliage; avoid overwatering; pinch tips for bushier growth.
Rose Geranium,Windy,Karnataka,Daily/alternate days,0.6-1,Balanced organic fertilizer (light feeder),10g/plant/month (Full dose - same as normal growing schedule),Low,Medium,Medium,Iron,Full sun,14-27°C,35-55%,Medium,Stake or shelter tender stems; increase watering slightly as wind dries soil faster. Aromatic foliage; avoid overwatering; pinch tips for bushier growth.
Rose Geranium,Windy,Maharashtra,Daily/alternate days,0.6-1,Balanced organic fertilizer (light feeder),10g/plant/month (Full dose - same as normal growing schedule),Low,Medium,Medium,Iron,Full sun,16-29°C,30-50%,Medium,Stake or shelter tender stems; increase watering slightly as wind dries soil faster. Aromatic foliage; avoid overwatering; pinch tips for bushier growth.
Rose,Summer,Karnataka,2-3 times/week,01-Mar,NPK 10-10-10 or rose special,20g/plant/month (Full dose - active growth period),Medium,Medium,High,"Iron, Magnesium, Boron",Full sun (6+ hrs),14-28°C,45-65%,Medium,Deadhead spent blooms to encourage continuous flowering; water in early morning. Prune in dormant season; deadhead spent blooms; watch for blackspot/mildew in high humidity.
Rose,Summer,Tamil Nadu,2-3 times/week,01-Mar,NPK 10-10-10 or rose special,20g/plant/month (Full dose - active growth period),Medium,Medium,High,"Iron, Magnesium, Boron",Full sun (6+ hrs),15-29°C,45-65%,Medium,Deadhead spent blooms to encourage continuous flowering; water in early morning. Prune in dormant season; deadhead spent blooms; watch for blackspot/mildew in high humidity.
Rose,Summer,West Bengal,2-3 times/week,01-Mar,NPK 10-10-10 or rose special,20g/plant/month (Full dose - active growth period),Medium,Medium,High,"Iron, Magnesium, Boron",Full sun (6+ hrs),15-29°C,50-70%,Medium,Deadhead spent blooms to encourage continuous flowering; water in early morning. Prune in dormant season; deadhead spent blooms; watch for blackspot/mildew in high humidity.
Rose,Summer,Delhi,2-3 times/week,01-Mar,NPK 10-10-10 or rose special,20g/plant/month (Full dose - active growth period),Medium,Medium,High,"Iron, Magnesium, Boron",Full sun (6+ hrs),18-32°C,30-50%,Medium,Deadhead spent blooms to encourage continuous flowering; water in early morning. Prune in dormant season; deadhead spent blooms; watch for blackspot/mildew in high humidity.
Rose,Summer,Maharashtra,2-3 times/week,01-Mar,NPK 10-10-10 or rose special,20g/plant/month (Full dose - active growth period),Medium,Medium,High,"Iron, Magnesium, Boron",Full sun (6+ hrs),16-30°C,40-60%,Medium,Deadhead spent blooms to encourage continuous flowering; water in early morning. Prune in dormant season; deadhead spent blooms; watch for blackspot/mildew in high humidity.
Rose,Autumn,Karnataka,2 times/week,01-Feb,NPK 10-10-10 or rose special,20g/plant/month (Full dose - transitional growing season),Medium,Medium,High,"Iron, Magnesium, Boron",Full sun (6+ hrs),14-28°C,45-65%,Medium,Good blooming/growing season for many varieties; maintain regular watering. Prune in dormant season; deadhead spent blooms; watch for blackspot/mildew in high humidity.
Rose,Autumn,Tamil Nadu,2 times/week,01-Feb,NPK 10-10-10 or rose special,20g/plant/month (Full dose - transitional growing season),Medium,Medium,High,"Iron, Magnesium, Boron",Full sun (6+ hrs),15-29°C,45-65%,Medium,Good blooming/growing season for many varieties; maintain regular watering. Prune in dormant season; deadhead spent blooms; watch for blackspot/mildew in high humidity.
Rose,Autumn,West Bengal,2 times/week,01-Feb,NPK 10-10-10 or rose special,20g/plant/month (Full dose - transitional growing season),Medium,Medium,High,"Iron, Magnesium, Boron",Full sun (6+ hrs),15-29°C,50-70%,Medium,Good blooming/growing season for many varieties; maintain regular watering. Prune in dormant season; deadhead spent blooms; watch for blackspot/mildew in high humidity.
Rose,Autumn,Delhi,2 times/week,01-Feb,NPK 10-10-10 or rose special,20g/plant/month (Full dose - transitional growing season),Medium,Medium,High,"Iron, Magnesium, Boron",Full sun (6+ hrs),18-32°C,30-50%,Medium,Good blooming/growing season for many varieties; maintain regular watering. Prune in dormant season; deadhead spent blooms; watch for blackspot/mildew in high humidity.
Rose,Autumn,Maharashtra,2 times/week,01-Feb,NPK 10-10-10 or rose special,20g/plant/month (Full dose - transitional growing season),Medium,Medium,High,"Iron, Magnesium, Boron",Full sun (6+ hrs),16-30°C,40-60%,Medium,Good blooming/growing season for many varieties; maintain regular watering. Prune in dormant season; deadhead spent blooms; watch for blackspot/mildew in high humidity.
Rose,Monsoon,Karnataka,"Reduce - rely on rainfall, ensure drainage",0.5-1,NPK 10-10-10 or rose special,10g/plant/month (Half dose or skip - avoid fertilizing before/during heavy rain (nutrient leaching)),Medium,Medium,High,"Iron, Magnesium, Boron",Full sun (6+ hrs),14-28°C,45-65%,Medium,Ensure excess water drains away; watch for fungal disease on flowers/foliage. Prune in dormant season; deadhead spent blooms; watch for blackspot/mildew in high humidity.
Rose,Monsoon,Tamil Nadu,"Reduce - rely on rainfall, ensure drainage",0.5-1,NPK 10-10-10 or rose special,10g/plant/month (Half dose or skip - avoid fertilizing before/during heavy rain (nutrient leaching)),Medium,Medium,High,"Iron, Magnesium, Boron",Full sun (6+ hrs),15-29°C,45-65%,Medium,Ensure excess water drains away; watch for fungal disease on flowers/foliage. Prune in dormant season; deadhead spent blooms; watch for blackspot/mildew in high humidity.
Rose,Monsoon,West Bengal,"Reduce - rely on rainfall, ensure drainage",0.5-1,NPK 10-10-10 or rose special,10g/plant/month (Half dose or skip - avoid fertilizing before/during heavy rain (nutrient leaching)),Medium,Medium,High,"Iron, Magnesium, Boron",Full sun (6+ hrs),15-29°C,50-70%,Medium,Ensure excess water drains away; watch for fungal disease on flowers/foliage. Prune in dormant season; deadhead spent blooms; watch for blackspot/mildew in high humidity.
Rose,Monsoon,Delhi,"Reduce - rely on rainfall, ensure drainage",0.5-1,NPK 10-10-10 or rose special,10g/plant/month (Half dose or skip - avoid fertilizing before/during heavy rain (nutrient leaching)),Medium,Medium,High,"Iron, Magnesium, Boron",Full sun (6+ hrs),18-32°C,30-50%,Medium,Ensure excess water drains away; watch for fungal disease on flowers/foliage. Prune in dormant season; deadhead spent blooms; watch for blackspot/mildew in high humidity.
Rose,Monsoon,Maharashtra,"Reduce - rely on rainfall, ensure drainage",0.5-1,NPK 10-10-10 or rose special,10g/plant/month (Half dose or skip - avoid fertilizing before/during heavy rain (nutrient leaching)),Medium,Medium,High,"Iron, Magnesium, Boron",Full sun (6+ hrs),16-30°C,40-60%,Medium,Ensure excess water drains away; watch for fungal disease on flowers/foliage. Prune in dormant season; deadhead spent blooms; watch for blackspot/mildew in high humidity.
Rose,Winter,Karnataka,1-2 times/week,0.5-1.5,NPK 10-10-10 or rose special,10g/plant/month (Half dose - reduced growth/dormancy),Medium,Medium,High,"Iron, Magnesium, Boron",Full sun (6+ hrs),14-28°C,45-65%,Medium,Reduce watering for dormant types; cold-hardy bloomers continue flowering with regular care. Prune in dormant season; deadhead spent blooms; watch for blackspot/mildew in high humidity.
Rose,Winter,Tamil Nadu,1-2 times/week,0.5-1.5,NPK 10-10-10 or rose special,10g/plant/month (Half dose - reduced growth/dormancy),Medium,Medium,High,"Iron, Magnesium, Boron",Full sun (6+ hrs),15-29°C,45-65%,Medium,Reduce watering for dormant types; cold-hardy bloomers continue flowering with regular care. Prune in dormant season; deadhead spent blooms; watch for blackspot/mildew in high humidity.
Rose,Winter,West Bengal,1-2 times/week,0.5-1.5,NPK 10-10-10 or rose special,10g/plant/month (Half dose - reduced growth/dormancy),Medium,Medium,High,"Iron, Magnesium, Boron",Full sun (6+ hrs),15-29°C,50-70%,Medium,Reduce watering for dormant types; cold-hardy bloomers continue flowering with regular care. Prune in dormant season; deadhead spent blooms; watch for blackspot/mildew in high humidity.
Rose,Winter,Delhi,1-2 times/week,0.5-1.5,NPK 10-10-10 or rose special,10g/plant/month (Half dose - reduced growth/dormancy),Medium,Medium,High,"Iron, Magnesium, Boron",Full sun (6+ hrs),18-32°C,30-50%,Medium,Reduce watering for dormant types; cold-hardy bloomers continue flowering with regular care. Prune in dormant season; deadhead spent blooms; watch for blackspot/mildew in high humidity.
Rose,Winter,Maharashtra,1-2 times/week,0.5-1.5,NPK 10-10-10 or rose special,10g/plant/month (Half dose - reduced growth/dormancy),Medium,Medium,High,"Iron, Magnesium, Boron",Full sun (6+ hrs),16-30°C,40-60%,Medium,Reduce watering for dormant types; cold-hardy bloomers continue flowering with regular care. Prune in dormant season; deadhead spent blooms; watch for blackspot/mildew in high humidity.
Rose,Windy,Karnataka,3 times/week,1.5-3,NPK 10-10-10 or rose special,20g/plant/month (Full dose - same as normal growing schedule),Medium,Medium,High,"Iron, Magnesium, Boron",Full sun (6+ hrs),14-28°C,45-65%,Medium,Stake tall stems and place in a sheltered spot to prevent stem breakage and bloom damage. Prune in dormant season; deadhead spent blooms; watch for blackspot/mildew in high humidity.
Rose,Windy,Tamil Nadu,3 times/week,1.5-3,NPK 10-10-10 or rose special,20g/plant/month (Full dose - same as normal growing schedule),Medium,Medium,High,"Iron, Magnesium, Boron",Full sun (6+ hrs),15-29°C,45-65%,Medium,Stake tall stems and place in a sheltered spot to prevent stem breakage and bloom damage. Prune in dormant season; deadhead spent blooms; watch for blackspot/mildew in high humidity.
Rose,Windy,West Bengal,3 times/week,1.5-3,NPK 10-10-10 or rose special,20g/plant/month (Full dose - same as normal growing schedule),Medium,Medium,High,"Iron, Magnesium, Boron",Full sun (6+ hrs),15-29°C,50-70%,Medium,Stake tall stems and place in a sheltered spot to prevent stem breakage and bloom damage. Prune in dormant season; deadhead spent blooms; watch for blackspot/mildew in high humidity.
Rose,Windy,Delhi,3 times/week,1.5-3,NPK 10-10-10 or rose special,20g/plant/month (Full dose - same as normal growing schedule),Medium,Medium,High,"Iron, Magnesium, Boron",Full sun (6+ hrs),18-32°C,30-50%,Medium,Stake tall stems and place in a sheltered spot to prevent stem breakage and bloom damage. Prune in dormant season; deadhead spent blooms; watch for blackspot/mildew in high humidity.
Rose,Windy,Maharashtra,3 times/week,1.5-3,NPK 10-10-10 or rose special,20g/plant/month (Full dose - same as normal growing schedule),Medium,Medium,High,"Iron, Magnesium, Boron",Full sun (6+ hrs),16-30°C,40-60%,Medium,Stake tall stems and place in a sheltered spot to prevent stem breakage and bloom damage. Prune in dormant season; deadhead spent blooms; watch for blackspot/mildew in high humidity.
Boston Fern,Summer,Delhi,2 times/week,0.4-1,Balanced liquid fertilizer,5ml/plant/month (Full dose - active growth period),Medium,Low,Low,"Iron, Magnesium",Bright indirect light,21-27°C,50-70%,Low,Keep out of direct harsh sun; increase humidity via misting or a pebble tray. Loves high humidity; mist regularly; keep soil consistently moist but not soggy.
Boston Fern,Summer,Maharashtra,2 times/week,0.4-1,Balanced liquid fertilizer,5ml/plant/month (Full dose - active growth period),Medium,Low,Low,"Iron, Magnesium",Bright indirect light,19-25°C,60-80%,Low,Keep out of direct harsh sun; increase humidity via misting or a pebble tray. Loves high humidity; mist regularly; keep soil consistently moist but not soggy.
Boston Fern,Summer,Karnataka,2 times/week,0.4-1,Balanced liquid fertilizer,5ml/plant/month (Full dose - active growth period),Medium,Low,Low,"Iron, Magnesium",Bright indirect light,17-23°C,65-85%,Low,Keep out of direct harsh sun; increase humidity via misting or a pebble tray. Loves high humidity; mist regularly; keep soil consistently moist but not soggy.
Boston Fern,Summer,West Bengal,2 times/week,0.4-1,Balanced liquid fertilizer,5ml/plant/month (Full dose - active growth period),Medium,Low,Low,"Iron, Magnesium",Bright indirect light,18-24°C,70-90%,Low,Keep out of direct harsh sun; increase humidity via misting or a pebble tray. Loves high humidity; mist regularly; keep soil consistently moist but not soggy.
Boston Fern,Summer,Tamil Nadu,2 times/week,0.4-1,Balanced liquid fertilizer,5ml/plant/month (Full dose - active growth period),Medium,Low,Low,"Iron, Magnesium",Bright indirect light,18-24°C,65-85%,Low,Keep out of direct harsh sun; increase humidity via misting or a pebble tray. Loves high humidity; mist regularly; keep soil consistently moist but not soggy.
Boston Fern,Autumn,Delhi,1-2 times/week,0.3-0.8,Balanced liquid fertilizer,5ml/plant/month (Full dose - transitional growing season),Medium,Low,Low,"Iron, Magnesium",Bright indirect light,21-27°C,50-70%,Low,Reduce feeding as light levels drop; wipe leaves free of dust. Loves high humidity; mist regularly; keep soil consistently moist but not soggy.
Boston Fern,Autumn,Maharashtra,1-2 times/week,0.3-0.8,Balanced liquid fertilizer,5ml/plant/month (Full dose - transitional growing season),Medium,Low,Low,"Iron, Magnesium",Bright indirect light,19-25°C,60-80%,Low,Reduce feeding as light levels drop; wipe leaves free of dust. Loves high humidity; mist regularly; keep soil consistently moist but not soggy.
Boston Fern,Autumn,Karnataka,1-2 times/week,0.3-0.8,Balanced liquid fertilizer,5ml/plant/month (Full dose - transitional growing season),Medium,Low,Low,"Iron, Magnesium",Bright indirect light,17-23°C,65-85%,Low,Reduce feeding as light levels drop; wipe leaves free of dust. Loves high humidity; mist regularly; keep soil consistently moist but not soggy.
Boston Fern,Autumn,West Bengal,1-2 times/week,0.3-0.8,Balanced liquid fertilizer,5ml/plant/month (Full dose - transitional growing season),Medium,Low,Low,"Iron, Magnesium",Bright indirect light,18-24°C,70-90%,Low,Reduce feeding as light levels drop; wipe leaves free of dust. Loves high humidity; mist regularly; keep soil consistently moist but not soggy.
Boston Fern,Autumn,Tamil Nadu,1-2 times/week,0.3-0.8,Balanced liquid fertilizer,5ml/plant/month (Full dose - transitional growing season),Medium,Low,Low,"Iron, Magnesium",Bright indirect light,18-24°C,65-85%,Low,Reduce feeding as light levels drop; wipe leaves free of dust. Loves high humidity; mist regularly; keep soil consistently moist but not soggy.
Boston Fern,Monsoon,Delhi,"1 time/week (reduce, ambient humidity high)",0.2-0.5,Balanced liquid fertilizer,2.5ml/plant/month (Half dose or skip - avoid fertilizing before/during heavy rain (nutrient leaching)),Medium,Low,Low,"Iron, Magnesium",Bright indirect light,21-27°C,50-70%,Low,Ensure good ventilation and drainage indoors to prevent fungal issues from high humidity. Loves high humidity; mist regularly; keep soil consistently moist but not soggy.
Boston Fern,Monsoon,Maharashtra,"1 time/week (reduce, ambient humidity high)",0.2-0.5,Balanced liquid fertilizer,2.5ml/plant/month (Half dose or skip - avoid fertilizing before/during heavy rain (nutrient leaching)),Medium,Low,Low,"Iron, Magnesium",Bright indirect light,19-25°C,60-80%,Low,Ensure good ventilation and drainage indoors to prevent fungal issues from high humidity. Loves high humidity; mist regularly; keep soil consistently moist but not soggy.
Boston Fern,Monsoon,Karnataka,"1 time/week (reduce, ambient humidity high)",0.2-0.5,Balanced liquid fertilizer,2.5ml/plant/month (Half dose or skip - avoid fertilizing before/during heavy rain (nutrient leaching)),Medium,Low,Low,"Iron, Magnesium",Bright indirect light,17-23°C,65-85%,Low,Ensure good ventilation and drainage indoors to prevent fungal issues from high humidity. Loves high humidity; mist regularly; keep soil consistently moist but not soggy.
Boston Fern,Monsoon,West Bengal,"1 time/week (reduce, ambient humidity high)",0.2-0.5,Balanced liquid fertilizer,2.5ml/plant/month (Half dose or skip - avoid fertilizing before/during heavy rain (nutrient leaching)),Medium,Low,Low,"Iron, Magnesium",Bright indirect light,18-24°C,70-90%,Low,Ensure good ventilation and drainage indoors to prevent fungal issues from high humidity. Loves high humidity; mist regularly; keep soil consistently moist but not soggy.
Boston Fern,Monsoon,Tamil Nadu,"1 time/week (reduce, ambient humidity high)",0.2-0.5,Balanced liquid fertilizer,2.5ml/plant/month (Half dose or skip - avoid fertilizing before/during heavy rain (nutrient leaching)),Medium,Low,Low,"Iron, Magnesium",Bright indirect light,18-24°C,65-85%,Low,Ensure good ventilation and drainage indoors to prevent fungal issues from high humidity. Loves high humidity; mist regularly; keep soil consistently moist but not soggy.
Boston Fern,Winter,Delhi,1 time/week,0.2-0.5,Balanced liquid fertilizer,2.5ml/plant/month (Half dose - reduced growth/dormancy),Medium,Low,Low,"Iron, Magnesium",Bright indirect light,21-27°C,50-70%,Low,Keep away from cold drafts and heaters; reduce watering as growth slows. Loves high humidity; mist regularly; keep soil consistently moist but not soggy.
Boston Fern,Winter,Maharashtra,1 time/week,0.2-0.5,Balanced liquid fertilizer,2.5ml/plant/month (Half dose - reduced growth/dormancy),Medium,Low,Low,"Iron, Magnesium",Bright indirect light,19-25°C,60-80%,Low,Keep away from cold drafts and heaters; reduce watering as growth slows. Loves high humidity; mist regularly; keep soil consistently moist but not soggy.
Boston Fern,Winter,Karnataka,1 time/week,0.2-0.5,Balanced liquid fertilizer,2.5ml/plant/month (Half dose - reduced growth/dormancy),Medium,Low,Low,"Iron, Magnesium",Bright indirect light,17-23°C,65-85%,Low,Keep away from cold drafts and heaters; reduce watering as growth slows. Loves high humidity; mist regularly; keep soil consistently moist but not soggy.
Boston Fern,Winter,West Bengal,1 time/week,0.2-0.5,Balanced liquid fertilizer,2.5ml/plant/month (Half dose - reduced growth/dormancy),Medium,Low,Low,"Iron, Magnesium",Bright indirect light,18-24°C,70-90%,Low,Keep away from cold drafts and heaters; reduce watering as growth slows. Loves high humidity; mist regularly; keep soil consistently moist but not soggy.
Boston Fern,Winter,Tamil Nadu,1 time/week,0.2-0.5,Balanced liquid fertilizer,2.5ml/plant/month (Half dose - reduced growth/dormancy),Medium,Low,Low,"Iron, Magnesium",Bright indirect light,18-24°C,65-85%,Low,Keep away from cold drafts and heaters; reduce watering as growth slows. Loves high humidity; mist regularly; keep soil consistently moist but not soggy.
Boston Fern,Windy,Delhi,2 times/week (keep away from drafts),0.4-1,Balanced liquid fertilizer,5ml/plant/month (Full dose - same as normal growing schedule),Medium,Low,Low,"Iron, Magnesium",Bright indirect light,21-27°C,50-70%,Low,Indoor plant - shield from drafts near open windows/AC vents rather than outdoor wind. Loves high humidity; mist regularly; keep soil consistently moist but not soggy.
Boston Fern,Windy,Maharashtra,2 times/week (keep away from drafts),0.4-1,Balanced liquid fertilizer,5ml/plant/month (Full dose - same as normal growing schedule),Medium,Low,Low,"Iron, Magnesium",Bright indirect light,19-25°C,60-80%,Low,Indoor plant - shield from drafts near open windows/AC vents rather than outdoor wind. Loves high humidity; mist regularly; keep soil consistently moist but not soggy.
Boston Fern,Windy,Karnataka,2 times/week (keep away from drafts),0.4-1,Balanced liquid fertilizer,5ml/plant/month (Full dose - same as normal growing schedule),Medium,Low,Low,"Iron, Magnesium",Bright indirect light,17-23°C,65-85%,Low,Indoor plant - shield from drafts near open windows/AC vents rather than outdoor wind. Loves high humidity; mist regularly; keep soil consistently moist but not soggy.
Boston Fern,Windy,West Bengal,2 times/week (keep away from drafts),0.4-1,Balanced liquid fertilizer,5ml/plant/month (Full dose - same as normal growing schedule),Medium,Low,Low,"Iron, Magnesium",Bright indirect light,18-24°C,70-90%,Low,Indoor plant - shield from drafts near open windows/AC vents rather than outdoor wind. Loves high humidity; mist regularly; keep soil consistently moist but not soggy.
Boston Fern,Windy,Tamil Nadu,2 times/week (keep away from drafts),0.4-1,Balanced liquid fertilizer,5ml/plant/month (Full dose - same as normal growing schedule),Medium,Low,Low,"Iron, Magnesium",Bright indirect light,18-24°C,65-85%,Low,Indoor plant - shield from drafts near open windows/AC vents rather than outdoor wind. Loves high humidity; mist regularly; keep soil consistently moist but not soggy.
Petunia,Summer,Karnataka,2-3 times/week,01-Mar,NPK 15-30-15 (bloom booster),10g/plant/2 weeks (Full dose - active growth period),Medium,High,Medium,"Boron, Calcium",Full sun,17-28°C,45-65%,Medium,"Deadhead spent blooms to encourage continuous flowering; water in early morning. Deadhead and pinch back for continuous, bushy blooming; avoid waterlogging."
Petunia,Summer,Himachal Pradesh,2-3 times/week,01-Mar,NPK 15-30-15 (bloom booster),10g/plant/2 weeks (Full dose - active growth period),Medium,High,Medium,"Boron, Calcium",Full sun,12-23°C,40-60%,Medium,"Deadhead spent blooms to encourage continuous flowering; water in early morning. Deadhead and pinch back for continuous, bushy blooming; avoid waterlogging."
Petunia,Summer,Tamil Nadu,2-3 times/week,01-Mar,NPK 15-30-15 (bloom booster),10g/plant/2 weeks (Full dose - active growth period),Medium,High,Medium,"Boron, Calcium",Full sun,18-29°C,45-65%,Medium,"Deadhead spent blooms to encourage continuous flowering; water in early morning. Deadhead and pinch back for continuous, bushy blooming; avoid waterlogging."
Petunia,Summer,Delhi,2-3 times/week,01-Mar,NPK 15-30-15 (bloom booster),10g/plant/2 weeks (Full dose - active growth period),Medium,High,Medium,"Boron, Calcium",Full sun,21-32°C,30-50%,Medium,"Deadhead spent blooms to encourage continuous flowering; water in early morning. Deadhead and pinch back for continuous, bushy blooming; avoid waterlogging."
Petunia,Summer,Maharashtra,2-3 times/week,01-Mar,NPK 15-30-15 (bloom booster),10g/plant/2 weeks (Full dose - active growth period),Medium,High,Medium,"Boron, Calcium",Full sun,19-30°C,40-60%,Medium,"Deadhead spent blooms to encourage continuous flowering; water in early morning. Deadhead and pinch back for continuous, bushy blooming; avoid waterlogging."
Petunia,Autumn,Karnataka,2 times/week,01-Feb,NPK 15-30-15 (bloom booster),10g/plant/2 weeks (Full dose - transitional growing season),Medium,High,Medium,"Boron, Calcium",Full sun,17-28°C,45-65%,Medium,"Good blooming/growing season for many varieties; maintain regular watering. Deadhead and pinch back for continuous, bushy blooming; avoid waterlogging."
Petunia,Autumn,Himachal Pradesh,2 times/week,01-Feb,NPK 15-30-15 (bloom booster),10g/plant/2 weeks (Full dose - transitional growing season),Medium,High,Medium,"Boron, Calcium",Full sun,12-23°C,40-60%,Medium,"Good blooming/growing season for many varieties; maintain regular watering. Deadhead and pinch back for continuous, bushy blooming; avoid waterlogging."
Petunia,Autumn,Tamil Nadu,2 times/week,01-Feb,NPK 15-30-15 (bloom booster),10g/plant/2 weeks (Full dose - transitional growing season),Medium,High,Medium,"Boron, Calcium",Full sun,18-29°C,45-65%,Medium,"Good blooming/growing season for many varieties; maintain regular watering. Deadhead and pinch back for continuous, bushy blooming; avoid waterlogging."
Petunia,Autumn,Delhi,2 times/week,01-Feb,NPK 15-30-15 (bloom booster),10g/plant/2 weeks (Full dose - transitional growing season),Medium,High,Medium,"Boron, Calcium",Full sun,21-32°C,30-50%,Medium,"Good blooming/growing season for many varieties; maintain regular watering. Deadhead and pinch back for continuous, bushy blooming; avoid waterlogging."
Petunia,Autumn,Maharashtra,2 times/week,01-Feb,NPK 15-30-15 (bloom booster),10g/plant/2 weeks (Full dose - transitional growing season),Medium,High,Medium,"Boron, Calcium",Full sun,19-30°C,40-60%,Medium,"Good blooming/growing season for many varieties; maintain regular watering. Deadhead and pinch back for continuous, bushy blooming; avoid waterlogging."
Petunia,Monsoon,Karnataka,"Reduce - rely on rainfall, ensure drainage",0.5-1,NPK 15-30-15 (bloom booster),5g/plant/2 weeks (Half dose or skip - avoid fertilizing before/during heavy rain (nutrient leaching)),Medium,High,Medium,"Boron, Calcium",Full sun,17-28°C,45-65%,Medium,"Ensure excess water drains away; watch for fungal disease on flowers/foliage. Deadhead and pinch back for continuous, bushy blooming; avoid waterlogging."
Petunia,Monsoon,Himachal Pradesh,"Reduce - rely on rainfall, ensure drainage",0.5-1,NPK 15-30-15 (bloom booster),5g/plant/2 weeks (Half dose or skip - avoid fertilizing before/during heavy rain (nutrient leaching)),Medium,High,Medium,"Boron, Calcium",Full sun,12-23°C,40-60%,Medium,"Ensure excess water drains away; watch for fungal disease on flowers/foliage. Deadhead and pinch back for continuous, bushy blooming; avoid waterlogging."
Petunia,Monsoon,Tamil Nadu,"Reduce - rely on rainfall, ensure drainage",0.5-1,NPK 15-30-15 (bloom booster),5g/plant/2 weeks (Half dose or skip - avoid fertilizing before/during heavy rain (nutrient leaching)),Medium,High,Medium,"Boron, Calcium",Full sun,18-29°C,45-65%,Medium,"Ensure excess water drains away; watch for fungal disease on flowers/foliage. Deadhead and pinch back for continuous, bushy blooming; avoid waterlogging."
Petunia,Monsoon,Delhi,"Reduce - rely on rainfall, ensure drainage",0.5-1,NPK 15-30-15 (bloom booster),5g/plant/2 weeks (Half dose or skip - avoid fertilizing before/during heavy rain (nutrient leaching)),Medium,High,Medium,"Boron, Calcium",Full sun,21-32°C,30-50%,Medium,"Ensure excess water drains away; watch for fungal disease on flowers/foliage. Deadhead and pinch back for continuous, bushy blooming; avoid waterlogging."
Petunia,Monsoon,Maharashtra,"Reduce - rely on rainfall, ensure drainage",0.5-1,NPK 15-30-15 (bloom booster),5g/plant/2 weeks (Half dose or skip - avoid fertilizing before/during heavy rain (nutrient leaching)),Medium,High,Medium,"Boron, Calcium",Full sun,19-30°C,40-60%,Medium,"Ensure excess water drains away; watch for fungal disease on flowers/foliage. Deadhead and pinch back for continuous, bushy blooming; avoid waterlogging."
Petunia,Winter,Karnataka,1-2 times/week,0.5-1.5,NPK 15-30-15 (bloom booster),5g/plant/2 weeks (Half dose - reduced growth/dormancy),Medium,High,Medium,"Boron, Calcium",Full sun,17-28°C,45-65%,Medium,"Reduce watering for dormant types; cold-hardy bloomers continue flowering with regular care. Deadhead and pinch back for continuous, bushy blooming; avoid waterlogging."
Petunia,Winter,Himachal Pradesh,1-2 times/week,0.5-1.5,NPK 15-30-15 (bloom booster),5g/plant/2 weeks (Half dose - reduced growth/dormancy),Medium,High,Medium,"Boron, Calcium",Full sun,12-23°C,40-60%,Medium,"Reduce watering for dormant types; cold-hardy bloomers continue flowering with regular care. Deadhead and pinch back for continuous, bushy blooming; avoid waterlogging."
Petunia,Winter,Tamil Nadu,1-2 times/week,0.5-1.5,NPK 15-30-15 (bloom booster),5g/plant/2 weeks (Half dose - reduced growth/dormancy),Medium,High,Medium,"Boron, Calcium",Full sun,18-29°C,45-65%,Medium,"Reduce watering for dormant types; cold-hardy bloomers continue flowering with regular care. Deadhead and pinch back for continuous, bushy blooming; avoid waterlogging."
Petunia,Winter,Delhi,1-2 times/week,0.5-1.5,NPK 15-30-15 (bloom booster),5g/plant/2 weeks (Half dose - reduced growth/dormancy),Medium,High,Medium,"Boron, Calcium",Full sun,21-32°C,30-50%,Medium,"Reduce watering for dormant types; cold-hardy bloomers continue flowering with regular care. Deadhead and pinch back for continuous, bushy blooming; avoid waterlogging."
Petunia,Winter,Maharashtra,1-2 times/week,0.5-1.5,NPK 15-30-15 (bloom booster),5g/plant/2 weeks (Half dose - reduced growth/dormancy),Medium,High,Medium,"Boron, Calcium",Full sun,19-30°C,40-60%,Medium,"Reduce watering for dormant types; cold-hardy bloomers continue flowering with regular care. Deadhead and pinch back for continuous, bushy blooming; avoid waterlogging."
Petunia,Windy,Karnataka,3 times/week,1.5-3,NPK 15-30-15 (bloom booster),10g/plant/2 weeks (Full dose - same as normal growing schedule),Medium,High,Medium,"Boron, Calcium",Full sun,17-28°C,45-65%,Medium,"Stake tall stems and place in a sheltered spot to prevent stem breakage and bloom damage. Deadhead and pinch back for continuous, bushy blooming; avoid waterlogging."
Petunia,Windy,Himachal Pradesh,3 times/week,1.5-3,NPK 15-30-15 (bloom booster),10g/plant/2 weeks (Full dose - same as normal growing schedule),Medium,High,Medium,"Boron, Calcium",Full sun,12-23°C,40-60%,Medium,"Stake tall stems and place in a sheltered spot to prevent stem breakage and bloom damage. Deadhead and pinch back for continuous, bushy blooming; avoid waterlogging."
Petunia,Windy,Tamil Nadu,3 times/week,1.5-3,NPK 15-30-15 (bloom booster),10g/plant/2 weeks (Full dose - same as normal growing schedule),Medium,High,Medium,"Boron, Calcium",Full sun,18-29°C,45-65%,Medium,"Stake tall stems and place in a sheltered spot to prevent stem breakage and bloom damage. Deadhead and pinch back for continuous, bushy blooming; avoid waterlogging."
Petunia,Windy,Delhi,3 times/week,1.5-3,NPK 15-30-15 (bloom booster),10g/plant/2 weeks (Full dose - same as normal growing schedule),Medium,High,Medium,"Boron, Calcium",Full sun,21-32°C,30-50%,Medium,"Stake tall stems and place in a sheltered spot to prevent stem breakage and bloom damage. Deadhead and pinch back for continuous, bushy blooming; avoid waterlogging."
Petunia,Windy,Maharashtra,3 times/week,1.5-3,NPK 15-30-15 (bloom booster),10g/plant/2 weeks (Full dose - same as normal growing schedule),Medium,High,Medium,"Boron, Calcium",Full sun,19-30°C,40-60%,Medium,"Stake tall stems and place in a sheltered spot to prevent stem breakage and bloom damage. Deadhead and pinch back for continuous, bushy blooming; avoid waterlogging."
Wisteria,Summer,Himachal Pradesh,2-3 times/week,01-Mar,Low-nitrogen NPK 5-10-10,30g/plant/month (Full dose - active growth period),Low,High,Medium,Iron,Full sun,9-23°C,40-60%,Medium,Deadhead spent blooms to encourage continuous flowering; water in early morning. Vigorous climbing vineneeds sturdy support; prune twice yearly; too much N reduces blooms.
Wisteria,Summer,Uttarakhand,2-3 times/week,01-Mar,Low-nitrogen NPK 5-10-10,30g/plant/month (Full dose - active growth period),Low,High,Medium,Iron,Full sun,10-24°C,40-60%,Medium,Deadhead spent blooms to encourage continuous flowering; water in early morning. Vigorous climbing vineneeds sturdy support; prune twice yearly; too much N reduces blooms.
Wisteria,Summer,Jammu and Kashmir,2-3 times/week,01-Mar,Low-nitrogen NPK 5-10-10,30g/plant/month (Full dose - active growth period),Low,High,Medium,Iron,Full sun,7-21°C,35-55%,Medium,Deadhead spent blooms to encourage continuous flowering; water in early morning. Vigorous climbing vineneeds sturdy support; prune twice yearly; too much N reduces blooms.
Wisteria,Summer,West Bengal,2-3 times/week,01-Mar,Low-nitrogen NPK 5-10-10,30g/plant/month (Full dose - active growth period),Low,High,Medium,Iron,Full sun,15-29°C,50-70%,Medium,Deadhead spent blooms to encourage continuous flowering; water in early morning. Vigorous climbing vineneeds sturdy support; prune twice yearly; too much N reduces blooms.
Wisteria,Summer,Karnataka,2-3 times/week,01-Mar,Low-nitrogen NPK 5-10-10,30g/plant/month (Full dose - active growth period),Low,High,Medium,Iron,Full sun,14-28°C,45-65%,Medium,Deadhead spent blooms to encourage continuous flowering; water in early morning. Vigorous climbing vineneeds sturdy support; prune twice yearly; too much N reduces blooms.
Wisteria,Autumn,Himachal Pradesh,2 times/week,01-Feb,Low-nitrogen NPK 5-10-10,30g/plant/month (Full dose - transitional growing season),Low,High,Medium,Iron,Full sun,9-23°C,40-60%,Medium,Good blooming/growing season for many varieties; maintain regular watering. Vigorous climbing vineneeds sturdy support; prune twice yearly; too much N reduces blooms.
Wisteria,Autumn,Uttarakhand,2 times/week,01-Feb,Low-nitrogen NPK 5-10-10,30g/plant/month (Full dose - transitional growing season),Low,High,Medium,Iron,Full sun,10-24°C,40-60%,Medium,Good blooming/growing season for many varieties; maintain regular watering. Vigorous climbing vineneeds sturdy support; prune twice yearly; too much N reduces blooms.
Wisteria,Autumn,Jammu and Kashmir,2 times/week,01-Feb,Low-nitrogen NPK 5-10-10,30g/plant/month (Full dose - transitional growing season),Low,High,Medium,Iron,Full sun,7-21°C,35-55%,Medium,Good blooming/growing season for many varieties; maintain regular watering. Vigorous climbing vineneeds sturdy support; prune twice yearly; too much N reduces blooms.
Wisteria,Autumn,West Bengal,2 times/week,01-Feb,Low-nitrogen NPK 5-10-10,30g/plant/month (Full dose - transitional growing season),Low,High,Medium,Iron,Full sun,15-29°C,50-70%,Medium,Good blooming/growing season for many varieties; maintain regular watering. Vigorous climbing vineneeds sturdy support; prune twice yearly; too much N reduces blooms.
Wisteria,Autumn,Karnataka,2 times/week,01-Feb,Low-nitrogen NPK 5-10-10,30g/plant/month (Full dose - transitional growing season),Low,High,Medium,Iron,Full sun,14-28°C,45-65%,Medium,Good blooming/growing season for many varieties; maintain regular watering. Vigorous climbing vineneeds sturdy support; prune twice yearly; too much N reduces blooms.
Wisteria,Monsoon,Himachal Pradesh,"Reduce - rely on rainfall, ensure drainage",0.5-1,Low-nitrogen NPK 5-10-10,15g/plant/month (Half dose or skip - avoid fertilizing before/during heavy rain (nutrient leaching)),Low,High,Medium,Iron,Full sun,9-23°C,40-60%,Medium,Ensure excess water drains away; watch for fungal disease on flowers/foliage. Vigorous climbing vineneeds sturdy support; prune twice yearly; too much N reduces blooms.
Wisteria,Monsoon,Uttarakhand,"Reduce - rely on rainfall, ensure drainage",0.5-1,Low-nitrogen NPK 5-10-10,15g/plant/month (Half dose or skip - avoid fertilizing before/during heavy rain (nutrient leaching)),Low,High,Medium,Iron,Full sun,10-24°C,40-60%,Medium,Ensure excess water drains away; watch for fungal disease on flowers/foliage. Vigorous climbing vineneeds sturdy support; prune twice yearly; too much N reduces blooms.
Wisteria,Monsoon,Jammu and Kashmir,"Reduce - rely on rainfall, ensure drainage",0.5-1,Low-nitrogen NPK 5-10-10,15g/plant/month (Half dose or skip - avoid fertilizing before/during heavy rain (nutrient leaching)),Low,High,Medium,Iron,Full sun,7-21°C,35-55%,Medium,Ensure excess water drains away; watch for fungal disease on flowers/foliage. Vigorous climbing vineneeds sturdy support; prune twice yearly; too much N reduces blooms.
Wisteria,Monsoon,West Bengal,"Reduce - rely on rainfall, ensure drainage",0.5-1,Low-nitrogen NPK 5-10-10,15g/plant/month (Half dose or skip - avoid fertilizing before/during heavy rain (nutrient leaching)),Low,High,Medium,Iron,Full sun,15-29°C,50-70%,Medium,Ensure excess water drains away; watch for fungal disease on flowers/foliage. Vigorous climbing vineneeds sturdy support; prune twice yearly; too much N reduces blooms.
Wisteria,Monsoon,Karnataka,"Reduce - rely on rainfall, ensure drainage",0.5-1,Low-nitrogen NPK 5-10-10,15g/plant/month (Half dose or skip - avoid fertilizing before/during heavy rain (nutrient leaching)),Low,High,Medium,Iron,Full sun,14-28°C,45-65%,Medium,Ensure excess water drains away; watch for fungal disease on flowers/foliage. Vigorous climbing vineneeds sturdy support; prune twice yearly; too much N reduces blooms.
Wisteria,Winter,Himachal Pradesh,1-2 times/week,0.5-1.5,Low-nitrogen NPK 5-10-10,15g/plant/month (Half dose - reduced growth/dormancy),Low,High,Medium,Iron,Full sun,9-23°C,40-60%,Medium,Reduce watering for dormant types; cold-hardy bloomers continue flowering with regular care. Vigorous climbing vineneeds sturdy support; prune twice yearly; too much N reduces blooms.
Wisteria,Winter,Uttarakhand,1-2 times/week,0.5-1.5,Low-nitrogen NPK 5-10-10,15g/plant/month (Half dose - reduced growth/dormancy),Low,High,Medium,Iron,Full sun,10-24°C,40-60%,Medium,Reduce watering for dormant types; cold-hardy bloomers continue flowering with regular care. Vigorous climbing vineneeds sturdy support; prune twice yearly; too much N reduces blooms.
Wisteria,Winter,Jammu and Kashmir,1-2 times/week,0.5-1.5,Low-nitrogen NPK 5-10-10,15g/plant/month (Half dose - reduced growth/dormancy),Low,High,Medium,Iron,Full sun,7-21°C,35-55%,Medium,Reduce watering for dormant types; cold-hardy bloomers continue flowering with regular care. Vigorous climbing vineneeds sturdy support; prune twice yearly; too much N reduces blooms.
Wisteria,Winter,West Bengal,1-2 times/week,0.5-1.5,Low-nitrogen NPK 5-10-10,15g/plant/month (Half dose - reduced growth/dormancy),Low,High,Medium,Iron,Full sun,15-29°C,50-70%,Medium,Reduce watering for dormant types; cold-hardy bloomers continue flowering with regular care. Vigorous climbing vineneeds sturdy support; prune twice yearly; too much N reduces blooms.
Wisteria,Winter,Karnataka,1-2 times/week,0.5-1.5,Low-nitrogen NPK 5-10-10,15g/plant/month (Half dose - reduced growth/dormancy),Low,High,Medium,Iron,Full sun,14-28°C,45-65%,Medium,Reduce watering for dormant types; cold-hardy bloomers continue flowering with regular care. Vigorous climbing vineneeds sturdy support; prune twice yearly; too much N reduces blooms.
Wisteria,Windy,Himachal Pradesh,3 times/week,1.5-3,Low-nitrogen NPK 5-10-10,30g/plant/month (Full dose - same as normal growing schedule),Low,High,Medium,Iron,Full sun,9-23°C,40-60%,Medium,Stake tall stems and place in a sheltered spot to prevent stem breakage and bloom damage. Vigorous climbing vineneeds sturdy support; prune twice yearly; too much N reduces blooms.
Wisteria,Windy,Uttarakhand,3 times/week,1.5-3,Low-nitrogen NPK 5-10-10,30g/plant/month (Full dose - same as normal growing schedule),Low,High,Medium,Iron,Full sun,10-24°C,40-60%,Medium,Stake tall stems and place in a sheltered spot to prevent stem breakage and bloom damage. Vigorous climbing vineneeds sturdy support; prune twice yearly; too much N reduces blooms.
Wisteria,Windy,Jammu and Kashmir,3 times/week,1.5-3,Low-nitrogen NPK 5-10-10,30g/plant/month (Full dose - same as normal growing schedule),Low,High,Medium,Iron,Full sun,7-21°C,35-55%,Medium,Stake tall stems and place in a sheltered spot to prevent stem breakage and bloom damage. Vigorous climbing vineneeds sturdy support; prune twice yearly; too much N reduces blooms.
Wisteria,Windy,West Bengal,3 times/week,1.5-3,Low-nitrogen NPK 5-10-10,30g/plant/month (Full dose - same as normal growing schedule),Low,High,Medium,Iron,Full sun,15-29°C,50-70%,Medium,Stake tall stems and place in a sheltered spot to prevent stem breakage and bloom damage. Vigorous climbing vineneeds sturdy support; prune twice yearly; too much N reduces blooms.
Wisteria,Windy,Karnataka,3 times/week,1.5-3,Low-nitrogen NPK 5-10-10,30g/plant/month (Full dose - same as normal growing schedule),Low,High,Medium,Iron,Full sun,14-28°C,45-65%,Medium,Stake tall stems and place in a sheltered spot to prevent stem breakage and bloom damage. Vigorous climbing vineneeds sturdy support; prune twice yearly; too much N reduces blooms.
Iris,Summer,Jammu and Kashmir,2-3 times/week,01-Mar,NPK 10-10-10 or bulb/rhizome feed,10g/plant/month (Full dose - active growth period),Low,Medium,Medium,Iron,Full sun to partial shade,7-19°C,35-55%,Medium,Deadhead spent blooms to encourage continuous flowering; water in early morning. Plant rhizomes shallow with tops exposed; avoid overwatering (rot-prone); divide every 3-4 years.
Iris,Summer,Himachal Pradesh,2-3 times/week,01-Mar,NPK 10-10-10 or bulb/rhizome feed,10g/plant/month (Full dose - active growth period),Low,Medium,Medium,Iron,Full sun to partial shade,9-21°C,40-60%,Medium,Deadhead spent blooms to encourage continuous flowering; water in early morning. Plant rhizomes shallow with tops exposed; avoid overwatering (rot-prone); divide every 3-4 years.
Iris,Summer,Uttarakhand,2-3 times/week,01-Mar,NPK 10-10-10 or bulb/rhizome feed,10g/plant/month (Full dose - active growth period),Low,Medium,Medium,Iron,Full sun to partial shade,10-22°C,40-60%,Medium,Deadhead spent blooms to encourage continuous flowering; water in early morning. Plant rhizomes shallow with tops exposed; avoid overwatering (rot-prone); divide every 3-4 years.
Iris,Summer,West Bengal,2-3 times/week,01-Mar,NPK 10-10-10 or bulb/rhizome feed,10g/plant/month (Full dose - active growth period),Low,Medium,Medium,Iron,Full sun to partial shade,15-27°C,50-70%,Medium,Deadhead spent blooms to encourage continuous flowering; water in early morning. Plant rhizomes shallow with tops exposed; avoid overwatering (rot-prone); divide every 3-4 years.
Iris,Summer,Karnataka,2-3 times/week,01-Mar,NPK 10-10-10 or bulb/rhizome feed,10g/plant/month (Full dose - active growth period),Low,Medium,Medium,Iron,Full sun to partial shade,14-26°C,45-65%,Medium,Deadhead spent blooms to encourage continuous flowering; water in early morning. Plant rhizomes shallow with tops exposed; avoid overwatering (rot-prone); divide every 3-4 years.
Iris,Autumn,Jammu and Kashmir,2 times/week,01-Feb,NPK 10-10-10 or bulb/rhizome feed,10g/plant/month (Full dose - transitional growing season),Low,Medium,Medium,Iron,Full sun to partial shade,7-19°C,35-55%,Medium,Good blooming/growing season for many varieties; maintain regular watering. Plant rhizomes shallow with tops exposed; avoid overwatering (rot-prone); divide every 3-4 years.
Iris,Autumn,Himachal Pradesh,2 times/week,01-Feb,NPK 10-10-10 or bulb/rhizome feed,10g/plant/month (Full dose - transitional growing season),Low,Medium,Medium,Iron,Full sun to partial shade,9-21°C,40-60%,Medium,Good blooming/growing season for many varieties; maintain regular watering. Plant rhizomes shallow with tops exposed; avoid overwatering (rot-prone); divide every 3-4 years.
Iris,Autumn,Uttarakhand,2 times/week,01-Feb,NPK 10-10-10 or bulb/rhizome feed,10g/plant/month (Full dose - transitional growing season),Low,Medium,Medium,Iron,Full sun to partial shade,10-22°C,40-60%,Medium,Good blooming/growing season for many varieties; maintain regular watering. Plant rhizomes shallow with tops exposed; avoid overwatering (rot-prone); divide every 3-4 years.
Iris,Autumn,West Bengal,2 times/week,01-Feb,NPK 10-10-10 or bulb/rhizome feed,10g/plant/month (Full dose - transitional growing season),Low,Medium,Medium,Iron,Full sun to partial shade,15-27°C,50-70%,Medium,Good blooming/growing season for many varieties; maintain regular watering. Plant rhizomes shallow with tops exposed; avoid overwatering (rot-prone); divide every 3-4 years.
Iris,Autumn,Karnataka,2 times/week,01-Feb,NPK 10-10-10 or bulb/rhizome feed,10g/plant/month (Full dose - transitional growing season),Low,Medium,Medium,Iron,Full sun to partial shade,14-26°C,45-65%,Medium,Good blooming/growing season for many varieties; maintain regular watering. Plant rhizomes shallow with tops exposed; avoid overwatering (rot-prone); divide every 3-4 years.
Iris,Monsoon,Jammu and Kashmir,"Reduce - rely on rainfall, ensure drainage",0.5-1,NPK 10-10-10 or bulb/rhizome feed,5g/plant/month (Half dose or skip - avoid fertilizing before/during heavy rain (nutrient leaching)),Low,Medium,Medium,Iron,Full sun to partial shade,7-19°C,35-55%,Medium,Ensure excess water drains away; watch for fungal disease on flowers/foliage. Plant rhizomes shallow with tops exposed; avoid overwatering (rot-prone); divide every 3-4 years.
Iris,Monsoon,Himachal Pradesh,"Reduce - rely on rainfall, ensure drainage",0.5-1,NPK 10-10-10 or bulb/rhizome feed,5g/plant/month (Half dose or skip - avoid fertilizing before/during heavy rain (nutrient leaching)),Low,Medium,Medium,Iron,Full sun to partial shade,9-21°C,40-60%,Medium,Ensure excess water drains away; watch for fungal disease on flowers/foliage. Plant rhizomes shallow with tops exposed; avoid overwatering (rot-prone); divide every 3-4 years.
Iris,Monsoon,Uttarakhand,"Reduce - rely on rainfall, ensure drainage",0.5-1,NPK 10-10-10 or bulb/rhizome feed,5g/plant/month (Half dose or skip - avoid fertilizing before/during heavy rain (nutrient leaching)),Low,Medium,Medium,Iron,Full sun to partial shade,10-22°C,40-60%,Medium,Ensure excess water drains away; watch for fungal disease on flowers/foliage. Plant rhizomes shallow with tops exposed; avoid overwatering (rot-prone); divide every 3-4 years.
Iris,Monsoon,West Bengal,"Reduce - rely on rainfall, ensure drainage",0.5-1,NPK 10-10-10 or bulb/rhizome feed,5g/plant/month (Half dose or skip - avoid fertilizing before/during heavy rain (nutrient leaching)),Low,Medium,Medium,Iron,Full sun to partial shade,15-27°C,50-70%,Medium,Ensure excess water drains away; watch for fungal disease on flowers/foliage. Plant rhizomes shallow with tops exposed; avoid overwatering (rot-prone); divide every 3-4 years.
Iris,Monsoon,Karnataka,"Reduce - rely on rainfall, ensure drainage",0.5-1,NPK 10-10-10 or bulb/rhizome feed,5g/plant/month (Half dose or skip - avoid fertilizing before/during heavy rain (nutrient leaching)),Low,Medium,Medium,Iron,Full sun to partial shade,14-26°C,45-65%,Medium,Ensure excess water drains away; watch for fungal disease on flowers/foliage. Plant rhizomes shallow with tops exposed; avoid overwatering (rot-prone); divide every 3-4 years.
Iris,Winter,Jammu and Kashmir,1-2 times/week,0.5-1.5,NPK 10-10-10 or bulb/rhizome feed,5g/plant/month (Half dose - reduced growth/dormancy),Low,Medium,Medium,Iron,Full sun to partial shade,7-19°C,35-55%,Medium,Reduce watering for dormant types; cold-hardy bloomers continue flowering with regular care. Plant rhizomes shallow with tops exposed; avoid overwatering (rot-prone); divide every 3-4 years.
Iris,Winter,Himachal Pradesh,1-2 times/week,0.5-1.5,NPK 10-10-10 or bulb/rhizome feed,5g/plant/month (Half dose - reduced growth/dormancy),Low,Medium,Medium,Iron,Full sun to partial shade,9-21°C,40-60%,Medium,Reduce watering for dormant types; cold-hardy bloomers continue flowering with regular care. Plant rhizomes shallow with tops exposed; avoid overwatering (rot-prone); divide every 3-4 years.
Iris,Winter,Uttarakhand,1-2 times/week,0.5-1.5,NPK 10-10-10 or bulb/rhizome feed,5g/plant/month (Half dose - reduced growth/dormancy),Low,Medium,Medium,Iron,Full sun to partial shade,10-22°C,40-60%,Medium,Reduce watering for dormant types; cold-hardy bloomers continue flowering with regular care. Plant rhizomes shallow with tops exposed; avoid overwatering (rot-prone); divide every 3-4 years.
Iris,Winter,West Bengal,1-2 times/week,0.5-1.5,NPK 10-10-10 or bulb/rhizome feed,5g/plant/month (Half dose - reduced growth/dormancy),Low,Medium,Medium,Iron,Full sun to partial shade,15-27°C,50-70%,Medium,Reduce watering for dormant types; cold-hardy bloomers continue flowering with regular care. Plant rhizomes shallow with tops exposed; avoid overwatering (rot-prone); divide every 3-4 years.
Iris,Winter,Karnataka,1-2 times/week,0.5-1.5,NPK 10-10-10 or bulb/rhizome feed,5g/plant/month (Half dose - reduced growth/dormancy),Low,Medium,Medium,Iron,Full sun to partial shade,14-26°C,45-65%,Medium,Reduce watering for dormant types; cold-hardy bloomers continue flowering with regular care. Plant rhizomes shallow with tops exposed; avoid overwatering (rot-prone); divide every 3-4 years.
Iris,Windy,Jammu and Kashmir,3 times/week,1.5-3,NPK 10-10-10 or bulb/rhizome feed,10g/plant/month (Full dose - same as normal growing schedule),Low,Medium,Medium,Iron,Full sun to partial shade,7-19°C,35-55%,Medium,Stake tall stems and place in a sheltered spot to prevent stem breakage and bloom damage. Plant rhizomes shallow with tops exposed; avoid overwatering (rot-prone); divide every 3-4 years.
Iris,Windy,Himachal Pradesh,3 times/week,1.5-3,NPK 10-10-10 or bulb/rhizome feed,10g/plant/month (Full dose - same as normal growing schedule),Low,Medium,Medium,Iron,Full sun to partial shade,9-21°C,40-60%,Medium,Stake tall stems and place in a sheltered spot to prevent stem breakage and bloom damage. Plant rhizomes shallow with tops exposed; avoid overwatering (rot-prone); divide every 3-4 years.
Iris,Windy,Uttarakhand,3 times/week,1.5-3,NPK 10-10-10 or bulb/rhizome feed,10g/plant/month (Full dose - same as normal growing schedule),Low,Medium,Medium,Iron,Full sun to partial shade,10-22°C,40-60%,Medium,Stake tall stems and place in a sheltered spot to prevent stem breakage and bloom damage. Plant rhizomes shallow with tops exposed; avoid overwatering (rot-prone); divide every 3-4 years.
Iris,Windy,West Bengal,3 times/week,1.5-3,NPK 10-10-10 or bulb/rhizome feed,10g/plant/month (Full dose - same as normal growing schedule),Low,Medium,Medium,Iron,Full sun to partial shade,15-27°C,50-70%,Medium,Stake tall stems and place in a sheltered spot to prevent stem breakage and bloom damage. Plant rhizomes shallow with tops exposed; avoid overwatering (rot-prone); divide every 3-4 years.
Iris,Windy,Karnataka,3 times/week,1.5-3,NPK 10-10-10 or bulb/rhizome feed,10g/plant/month (Full dose - same as normal growing schedule),Low,Medium,Medium,Iron,Full sun to partial shade,14-26°C,45-65%,Medium,Stake tall stems and place in a sheltered spot to prevent stem breakage and bloom damage. Plant rhizomes shallow with tops exposed; avoid overwatering (rot-prone); divide every 3-4 years.
Lavender Mist (Lavandula),Summer,Himachal Pradesh,2-3 times/week,01-Mar,Balanced organic fertilizer (light feeder),5g/plant/2 months (Full dose - active growth period),Low,Low,Low,Iron,Full sun,9-24°C,20-40%,High,Deadhead spent blooms to encourage continuous flowering; water in early morning. Drought tolerant once established; needs excellent drainage; prune after flowering.
Lavender Mist (Lavandula),Summer,Jammu and Kashmir,2-3 times/week,01-Mar,Balanced organic fertilizer (light feeder),5g/plant/2 months (Full dose - active growth period),Low,Low,Low,Iron,Full sun,7-22°C,15-35%,High,Deadhead spent blooms to encourage continuous flowering; water in early morning. Drought tolerant once established; needs excellent drainage; prune after flowering.
Lavender Mist (Lavandula),Summer,Uttarakhand,2-3 times/week,01-Mar,Balanced organic fertilizer (light feeder),5g/plant/2 months (Full dose - active growth period),Low,Low,Low,Iron,Full sun,10-25°C,20-40%,High,Deadhead spent blooms to encourage continuous flowering; water in early morning. Drought tolerant once established; needs excellent drainage; prune after flowering.
Lavender Mist (Lavandula),Summer,Karnataka,2-3 times/week,01-Mar,Balanced organic fertilizer (light feeder),5g/plant/2 months (Full dose - active growth period),Low,Low,Low,Iron,Full sun,14-29°C,25-45%,High,Deadhead spent blooms to encourage continuous flowering; water in early morning. Drought tolerant once established; needs excellent drainage; prune after flowering.
Lavender Mist (Lavandula),Summer,Maharashtra,2-3 times/week,01-Mar,Balanced organic fertilizer (light feeder),5g/plant/2 months (Full dose - active growth period),Low,Low,Low,Iron,Full sun,16-31°C,20-40%,High,Deadhead spent blooms to encourage continuous flowering; water in early morning. Drought tolerant once established; needs excellent drainage; prune after flowering.
Lavender Mist (Lavandula),Autumn,Himachal Pradesh,2 times/week,01-Feb,Balanced organic fertilizer (light feeder),5g/plant/2 months (Full dose - transitional growing season),Low,Low,Low,Iron,Full sun,9-24°C,20-40%,High,Good blooming/growing season for many varieties; maintain regular watering. Drought tolerant once established; needs excellent drainage; prune after flowering.
Lavender Mist (Lavandula),Autumn,Jammu and Kashmir,2 times/week,01-Feb,Balanced organic fertilizer (light feeder),5g/plant/2 months (Full dose - transitional growing season),Low,Low,Low,Iron,Full sun,7-22°C,15-35%,High,Good blooming/growing season for many varieties; maintain regular watering. Drought tolerant once established; needs excellent drainage; prune after flowering.
Lavender Mist (Lavandula),Autumn,Uttarakhand,2 times/week,01-Feb,Balanced organic fertilizer (light feeder),5g/plant/2 months (Full dose - transitional growing season),Low,Low,Low,Iron,Full sun,10-25°C,20-40%,High,Good blooming/growing season for many varieties; maintain regular watering. Drought tolerant once established; needs excellent drainage; prune after flowering.
Lavender Mist (Lavandula),Autumn,Karnataka,2 times/week,01-Feb,Balanced organic fertilizer (light feeder),5g/plant/2 months (Full dose - transitional growing season),Low,Low,Low,Iron,Full sun,14-29°C,25-45%,High,Good blooming/growing season for many varieties; maintain regular watering. Drought tolerant once established; needs excellent drainage; prune after flowering.
Lavender Mist (Lavandula),Autumn,Maharashtra,2 times/week,01-Feb,Balanced organic fertilizer (light feeder),5g/plant/2 months (Full dose - transitional growing season),Low,Low,Low,Iron,Full sun,16-31°C,20-40%,High,Good blooming/growing season for many varieties; maintain regular watering. Drought tolerant once established; needs excellent drainage; prune after flowering.
Lavender Mist (Lavandula),Monsoon,Himachal Pradesh,"Reduce - rely on rainfall, ensure drainage",0.5-1,Balanced organic fertilizer (light feeder),2.5g/plant/2 months (Half dose or skip - avoid fertilizing before/during heavy rain (nutrient leaching)),Low,Low,Low,Iron,Full sun,9-24°C,20-40%,High,Ensure excess water drains away; watch for fungal disease on flowers/foliage. Drought tolerant once established; needs excellent drainage; prune after flowering.
Lavender Mist (Lavandula),Monsoon,Jammu and Kashmir,"Reduce - rely on rainfall, ensure drainage",0.5-1,Balanced organic fertilizer (light feeder),2.5g/plant/2 months (Half dose or skip - avoid fertilizing before/during heavy rain (nutrient leaching)),Low,Low,Low,Iron,Full sun,7-22°C,15-35%,High,Ensure excess water drains away; watch for fungal disease on flowers/foliage. Drought tolerant once established; needs excellent drainage; prune after flowering.
Lavender Mist (Lavandula),Monsoon,Uttarakhand,"Reduce - rely on rainfall, ensure drainage",0.5-1,Balanced organic fertilizer (light feeder),2.5g/plant/2 months (Half dose or skip - avoid fertilizing before/during heavy rain (nutrient leaching)),Low,Low,Low,Iron,Full sun,10-25°C,20-40%,High,Ensure excess water drains away; watch for fungal disease on flowers/foliage. Drought tolerant once established; needs excellent drainage; prune after flowering.
Lavender Mist (Lavandula),Monsoon,Karnataka,"Reduce - rely on rainfall, ensure drainage",0.5-1,Balanced organic fertilizer (light feeder),2.5g/plant/2 months (Half dose or skip - avoid fertilizing before/during heavy rain (nutrient leaching)),Low,Low,Low,Iron,Full sun,14-29°C,25-45%,High,Ensure excess water drains away; watch for fungal disease on flowers/foliage. Drought tolerant once established; needs excellent drainage; prune after flowering.
Lavender Mist (Lavandula),Monsoon,Maharashtra,"Reduce - rely on rainfall, ensure drainage",0.5-1,Balanced organic fertilizer (light feeder),2.5g/plant/2 months (Half dose or skip - avoid fertilizing before/during heavy rain (nutrient leaching)),Low,Low,Low,Iron,Full sun,16-31°C,20-40%,High,Ensure excess water drains away; watch for fungal disease on flowers/foliage. Drought tolerant once established; needs excellent drainage; prune after flowering.
Lavender Mist (Lavandula),Winter,Himachal Pradesh,1-2 times/week,0.5-1.5,Balanced organic fertilizer (light feeder),2.5g/plant/2 months (Half dose - reduced growth/dormancy),Low,Low,Low,Iron,Full sun,9-24°C,20-40%,High,Reduce watering for dormant types; cold-hardy bloomers continue flowering with regular care. Drought tolerant once established; needs excellent drainage; prune after flowering.
Lavender Mist (Lavandula),Winter,Jammu and Kashmir,1-2 times/week,0.5-1.5,Balanced organic fertilizer (light feeder),2.5g/plant/2 months (Half dose - reduced growth/dormancy),Low,Low,Low,Iron,Full sun,7-22°C,15-35%,High,Reduce watering for dormant types; cold-hardy bloomers continue flowering with regular care. Drought tolerant once established; needs excellent drainage; prune after flowering.
Lavender Mist (Lavandula),Winter,Uttarakhand,1-2 times/week,0.5-1.5,Balanced organic fertilizer (light feeder),2.5g/plant/2 months (Half dose - reduced growth/dormancy),Low,Low,Low,Iron,Full sun,10-25°C,20-40%,High,Reduce watering for dormant types; cold-hardy bloomers continue flowering with regular care. Drought tolerant once established; needs excellent drainage; prune after flowering.
Lavender Mist (Lavandula),Winter,Karnataka,1-2 times/week,0.5-1.5,Balanced organic fertilizer (light feeder),2.5g/plant/2 months (Half dose - reduced growth/dormancy),Low,Low,Low,Iron,Full sun,14-29°C,25-45%,High,Reduce watering for dormant types; cold-hardy bloomers continue flowering with regular care. Drought tolerant once established; needs excellent drainage; prune after flowering.
Lavender Mist (Lavandula),Winter,Maharashtra,1-2 times/week,0.5-1.5,Balanced organic fertilizer (light feeder),2.5g/plant/2 months (Half dose - reduced growth/dormancy),Low,Low,Low,Iron,Full sun,16-31°C,20-40%,High,Reduce watering for dormant types; cold-hardy bloomers continue flowering with regular care. Drought tolerant once established; needs excellent drainage; prune after flowering.
Lavender Mist (Lavandula),Windy,Himachal Pradesh,3 times/week,1.5-3,Balanced organic fertilizer (light feeder),5g/plant/2 months (Full dose - same as normal growing schedule),Low,Low,Low,Iron,Full sun,9-24°C,20-40%,High,Stake tall stems and place in a sheltered spot to prevent stem breakage and bloom damage. Drought tolerant once established; needs excellent drainage; prune after flowering.
Lavender Mist (Lavandula),Windy,Jammu and Kashmir,3 times/week,1.5-3,Balanced organic fertilizer (light feeder),5g/plant/2 months (Full dose - same as normal growing schedule),Low,Low,Low,Iron,Full sun,7-22°C,15-35%,High,Stake tall stems and place in a sheltered spot to prevent stem breakage and bloom damage. Drought tolerant once established; needs excellent drainage; prune after flowering.
Lavender Mist (Lavandula),Windy,Uttarakhand,3 times/week,1.5-3,Balanced organic fertilizer (light feeder),5g/plant/2 months (Full dose - same as normal growing schedule),Low,Low,Low,Iron,Full sun,10-25°C,20-40%,High,Stake tall stems and place in a sheltered spot to prevent stem breakage and bloom damage. Drought tolerant once established; needs excellent drainage; prune after flowering.
Lavender Mist (Lavandula),Windy,Karnataka,3 times/week,1.5-3,Balanced organic fertilizer (light feeder),5g/plant/2 months (Full dose - same as normal growing schedule),Low,Low,Low,Iron,Full sun,14-29°C,25-45%,High,Stake tall stems and place in a sheltered spot to prevent stem breakage and bloom damage. Drought tolerant once established; needs excellent drainage; prune after flowering.
Lavender Mist (Lavandula),Windy,Maharashtra,3 times/week,1.5-3,Balanced organic fertilizer (light feeder),5g/plant/2 months (Full dose - same as normal growing schedule),Low,Low,Low,Iron,Full sun,16-31°C,20-40%,High,Stake tall stems and place in a sheltered spot to prevent stem breakage and bloom damage. Drought tolerant once established; needs excellent drainage; prune after flowering.
